/*
SQLyog Ultimate v12.09 (64 bit)
MySQL - 10.4.14-MariaDB : Database - production
*********************************************************************
*/

/*!40101 SET NAMES utf8 */;

/*!40101 SET SQL_MODE=''*/;

/*!40014 SET @OLD_UNIQUE_CHECKS=@@UNIQUE_CHECKS, UNIQUE_CHECKS=0 */;
/*!40014 SET @OLD_FOREIGN_KEY_CHECKS=@@FOREIGN_KEY_CHECKS, FOREIGN_KEY_CHECKS=0 */;
/*!40101 SET @OLD_SQL_MODE=@@SQL_MODE, SQL_MODE='NO_AUTO_VALUE_ON_ZERO' */;
/*!40111 SET @OLD_SQL_NOTES=@@SQL_NOTES, SQL_NOTES=0 */;
CREATE DATABASE /*!32312 IF NOT EXISTS*/`production` /*!40100 DEFAULT CHARACTER SET utf8mb4 */;

USE `production`;

/*Table structure for table `body_email` */

DROP TABLE IF EXISTS `body_email`;

CREATE TABLE `body_email` (
  `id` int(11) NOT NULL AUTO_INCREMENT,
  `subject` varchar(250) DEFAULT NULL,
  `body` text DEFAULT NULL,
  PRIMARY KEY (`id`)
) ENGINE=InnoDB AUTO_INCREMENT=2 DEFAULT CHARSET=utf8mb4;

/*Data for the table `body_email` */

insert  into `body_email`(`id`,`subject`,`body`) values (1,'[TLP_Distribusi] Info Pengiriman Dokumen','<!DOCTYPE html>\r\n<html lang=\"en\">\r\n<head>\r\n    <meta charset=\"UTF-8\">\r\n    <meta name=\"viewport\" content=\"width=device-width, initial-scale=1.0\">\r\n    <title>Notification</title>\r\n</head>\r\n<body>\r\n    <p>Dear Team <strong>#CUSTOMER#</strong></p>\r\n    <p>Berikut ini kami informasikan mengenai pengiriman dokumen sebagai berikut:</p>\r\n    <p>\r\n    <table style=\"border: 2px solid black; border-collapse: collapse; width: 100px;\">\r\n        <thead style=\"background-color: darkgray;\">\r\n            <th style=\"border: 2px solid black;\">Job Ticket</th>\r\n            <th style=\"border: 2px solid black;\">No Manifest</th>\r\n            <th style=\"border: 2px solid black;\">Project/Cycle/Jenis/Part</th>\r\n            <th style=\"border: 2px solid black;\">Qty</th>\r\n            <th style=\"border: 2px solid black;\">Ekspedisi/Service</th>\r\n            <th style=\"border: 2px solid black;\">Pickup by</th>\r\n            <th style=\"border: 2px solid black;\">Pickup date</th>\r\n        </thead>\r\n        <tbody>\r\n            <tr>\r\n                <td style=\"border: 2px solid black;\">#JOB_TICKET#</td>\r\n                <td style=\"border: 2px solid black;\">#NO_MANIFEST#</td>\r\n                <td style=\"border: 2px solid black;\">#PROJECT#-#CYCLE#-#JENIS#-#PART#</td>\r\n                <td style=\"border: 2px solid black;\">#QTY#</td>\r\n                <td style=\"border: 2px solid black;\">#EKSPEDISI#/#SERVICE#</td>\r\n                <td style=\"border: 2px solid black;\">#PICKUPBY#</td>\r\n                <td style=\"border: 2px solid black;\">#PICKUPDATE#</td>\r\n            </tr>\r\n        </tbody>\r\n    </table>\r\n    </p>\r\n    <p>Email ini dikirim secara otomatis, Mohon tidak membalas ke email ini. <br> <br> \r\n        Apabila ada pertanyaan bisa kontak ke <a href=\"tel:02129874400\">(021) 298 744 00</a> / <a href=\"tel:02122894620\">(021) 228 946 20</a> Whatsapp <a href=\"https://api.whatsapp.com/send?phone=628872905891\">628872905891</a>\r\n        atau melalui email <a href=\"mailto:admin-sales@xptlp.co.id\">admin-sales@xptlp.co.id</a>\r\n    </p>    \r\n</body>\r\n</html>');

/*Table structure for table `company` */

DROP TABLE IF EXISTS `company`;

CREATE TABLE `company` (
  `name` varchar(100) COLLATE utf8mb4_unicode_ci DEFAULT NULL,
  `alamat` varchar(500) COLLATE utf8mb4_unicode_ci DEFAULT NULL,
  `kota` varchar(50) COLLATE utf8mb4_unicode_ci DEFAULT NULL,
  `kdpos` varchar(6) COLLATE utf8mb4_unicode_ci DEFAULT NULL,
  `bank` varchar(25) COLLATE utf8mb4_unicode_ci DEFAULT NULL,
  `cbg_bank` varchar(35) COLLATE utf8mb4_unicode_ci DEFAULT NULL,
  `norek` varchar(30) COLLATE utf8mb4_unicode_ci DEFAULT NULL,
  `npwp` varchar(30) COLLATE utf8mb4_unicode_ci DEFAULT NULL,
  `notelp` varchar(30) COLLATE utf8mb4_unicode_ci DEFAULT NULL
) ENGINE=InnoDB DEFAULT CHARSET=utf8mb4 COLLATE=utf8mb4_unicode_ci;

/*Data for the table `company` */

insert  into `company`(`name`,`alamat`,`kota`,`kdpos`,`bank`,`cbg_bank`,`norek`,`npwp`,`notelp`) values ('PT Tata Layak Prawira','JL. Cipinang Cempedak II No. 19 RT010/06 Kel. Cipinang Cempedak Kec. Jatinegara','Jakarta Timur',NULL,'Danamon','Bogor - Juanda','0104332010',NULL,NULL);

/*Table structure for table `components` */

DROP TABLE IF EXISTS `components`;

CREATE TABLE `components` (
  `id` int(10) unsigned NOT NULL AUTO_INCREMENT,
  `customer_id` bigint(20) DEFAULT 0,
  `code` varchar(25) COLLATE utf8mb4_unicode_ci NOT NULL,
  `name` varchar(50) COLLATE utf8mb4_unicode_ci NOT NULL,
  `satuan` varchar(25) COLLATE utf8mb4_unicode_ci NOT NULL DEFAULT '',
  `price_beli` decimal(9,2) DEFAULT 0.00,
  `stock_awal` bigint(10) DEFAULT 0,
  `stock` bigint(10) NOT NULL DEFAULT 0,
  `saldo_awal` decimal(9,2) DEFAULT 0.00,
  `saldo_akhir` decimal(9,2) DEFAULT 0.00,
  `group` varchar(25) COLLATE utf8mb4_unicode_ci NOT NULL,
  `created_at` timestamp NULL DEFAULT NULL,
  `updated_at` timestamp NULL DEFAULT NULL,
  PRIMARY KEY (`id`)
) ENGINE=InnoDB AUTO_INCREMENT=265 DEFAULT CHARSET=utf8mb4 COLLATE=utf8mb4_unicode_ci;

/*Data for the table `components` */

insert  into `components`(`id`,`customer_id`,`code`,`name`,`satuan`,`price_beli`,`stock_awal`,`stock`,`saldo_awal`,`saldo_akhir`,`group`,`created_at`,`updated_at`) values (3,0,'INT-002','Printing A4','pages','55.00',0,2017,'0.00','110935.00','jasa','2020-07-01 19:05:20','2021-03-29 10:57:35'),(4,0,'J-002','Inserting','PCS','0.00',0,857,'0.00','0.00','jasa','2020-07-01 19:05:38','2021-03-26 17:50:25'),(7,9,'01.03.01.01','Amplop Bhineka (New)','pcs','100.00',1000,1050,'100000.00','105000.00','material','2021-01-04 14:28:16','2021-03-09 19:36:53'),(8,9,'01.03.02.01','Cover Bhineka (New)','pcs','125.00',5000,5000,'625000.00','625000.00','material','2021-01-04 14:29:10','2021-03-10 13:55:33'),(9,0,'01.03.02.03','Kertas Simplex Bhineka','Lembaran A5','0.00',1000,1000,'0.00','0.00','material','2021-01-04 14:46:48',NULL),(10,0,'01.03.02.04','Kertas Isi Polis Bhineka','Folio','0.00',1000,1000,'0.00','0.00','material','2021-01-04 14:46:48',NULL),(11,0,'01.03.02.05','Plastik Bag Buka Atas','Pcs','0.00',1000,1000,'0.00','0.00','material','2021-01-04 14:46:48',NULL),(12,0,'01.02.02.01','Kertas Billing (Notice)','Lembaran A4','0.00',1000,1000,'0.00','0.00','material','2021-01-04 14:48:31',NULL),(13,0,'01.02.02.02','Flyer Layanan Darurat International','PCs','0.00',1000,1000,'0.00','0.00','material','2021-01-04 14:48:31',NULL),(14,0,'01.02.02.03','Kertas Bonus Loyalitas','Lembaran A4','0.00',1000,1000,'0.00','0.00','material','2021-01-04 14:48:31',NULL),(15,0,'01.02.02.21','Kertas Sertifikat RC BCA Cigna','Lembaran A4','0.00',1000,1000,'0.00','0.00','material','2021-01-04 14:48:31',NULL),(16,0,'01.02.03.02','Kertas Sertifikat Optima (New)','Lembaran A4','0.00',1000,1000,'0.00','0.00','material','2021-01-04 14:48:31',NULL),(17,0,'01.02.01.11','Amplop Polis Cigna A5','Pcs','0.00',1000,1000,'0.00','0.00','material','2021-01-04 14:48:50',NULL),(18,0,'01.02.03.24','Folder Flyer Cigna','Pcs','0.00',1000,1000,'0.00','0.00','material','2021-01-04 14:48:50',NULL),(19,0,'01.02.03.25','Amplop Polis Cigna Besar','Pcs','0.00',1000,1000,'0.00','0.00','material','2021-01-04 14:48:50',NULL),(20,0,'01.02.03.26','Cover Polis Cigna Besar','Pcs','0.00',1000,1000,'0.00','0.00','material','2021-01-04 14:48:50',NULL),(21,0,'01.02.03.27','Kertas WL Polis Cigna A3','Lembaran A3','0.00',1000,1000,'0.00','0.00','material','2021-01-04 14:48:50',NULL),(22,1,'01.02.03.28','Folder Manfaat kesehatan (list rumah sakit)','Pcs','3450.00',0,0,'0.00','0.00','material','2021-01-04 14:48:50','2021-03-27 14:47:43'),(23,1,'01.02.03.21','Flyer Merchand Discount Free Movie','Pcs','360.00',0,0,'0.00','0.00','material','2021-01-04 14:48:50','2021-03-27 14:44:51'),(24,1,'01.02.03.22','Flyer Merchand  Admedika','Pcs','360.00',0,0,'0.00','0.00','material','2021-01-04 14:48:50','2021-03-27 14:45:18'),(25,0,'01.02.03.23','Fyler Karta','Pcs','0.00',1000,1000,'0.00','0.00','material','2021-01-04 14:48:50',NULL),(26,0,'01.02.03.16','Cover Polis Cogna A5','PCS','0.00',1000,1000,'0.00','0.00','material','2021-01-04 14:49:16',NULL),(27,0,'01.02.02.21','Kertas WL Polis Cigna A4','Lembaran A4','0.00',1000,1000,'0.00','0.00','material','2021-01-04 14:49:16',NULL),(28,0,'01.02.02.22','Kertas Diveder Ketentuan Polis','Lembaran A4','0.00',1000,1000,'0.00','0.00','material','2021-01-04 14:49:16',NULL),(29,0,'01.02.02.24','Kertas Diveder Klaim','Lembaran A4','0.00',1000,1000,'0.00','0.00','material','2021-01-04 14:49:16',NULL),(30,0,'01.06.01.01','Amplop Billing','Pcs','0.00',1000,1000,'0.00','0.00','material','2021-01-04 14:49:28',NULL),(31,0,'01.06.02.02','Kertas Tanda Terima Regular','Lembaran A4','0.00',1000,1000,'0.00','0.00','material','2021-01-04 14:49:28',NULL),(32,0,'01.06.02.03','Kertas WL Regular','Lembaran A4','0.00',1000,1000,'0.00','0.00','material','2021-01-04 14:49:28',NULL),(33,0,'01.06.02.04','Kertas Data Polis Regular','Lembaran A4','0.00',1000,1000,'0.00','0.00','material','2021-01-04 14:49:28',NULL),(34,0,'01.06.02.01','Kertas Kop Surat (Customer Care) Regular','Lembaran A4','0.00',1000,1000,'0.00','0.00','material','2021-01-04 14:49:28',NULL),(35,0,'01.06.03.01','Map Polis Panin Regular','Pcs','0.00',1000,1000,'0.00','0.00','material','2021-01-04 14:49:28',NULL),(36,0,'01.06.02.07','Kertas Tanda Terima Syariah','Lembaran A4','0.00',1000,1000,'0.00','0.00','material','2021-01-04 14:49:37',NULL),(37,0,'01.06.02.08','Kertas WL Syariah','Lembaran A4','0.00',1000,1000,'0.00','0.00','material','2021-01-04 14:49:38',NULL),(38,0,'01.06.02.09','Kertas Data Polis Syariah','Lembaran A4','0.00',1000,1000,'0.00','0.00','material','2021-01-04 14:49:38',NULL),(39,0,'01.06.02.06','Kertas Kop Surat (Customer Care) Syariah','Lembaran A4','0.00',1000,1000,'0.00','0.00','material','2021-01-04 14:49:38',NULL),(40,0,'01.06.03.02','Map Polis Panin Syariah','Pcs','0.00',1000,1000,'0.00','0.00','material','2021-01-04 14:49:38',NULL),(41,0,'01.09.02.01','Amplop Flyer Panin','Pcs','0.00',1000,1000,'0.00','0.00','material','2021-01-04 14:49:49',NULL),(42,0,'01.06.02.11','Kertas PDP','Lembaran A4','0.00',1000,1000,'0.00','0.00','material','2021-01-04 14:49:49',NULL),(43,0,'01.09.02.02','Kartu Panduan Pembayaran Premi Panin','Lembaran A4','0.00',1000,1000,'0.00','0.00','material','2021-01-04 14:49:49','2021-01-04 14:51:28'),(44,0,'01.09.02.03','Medical Benefit','Pcs','0.00',1000,1000,'0.00','0.00','material','2021-01-04 14:49:49',NULL),(45,0,'01.09.02.04','Medical Benefit  Premier','Pcs','0.00',1000,1000,'0.00','0.00','material','2021-01-04 14:49:49',NULL),(46,0,'01.09.02.05','Flyer Prosedur Claim (Medical Benefit X) Lipat 2','Pcs','0.00',1000,1000,'0.00','0.00','material','2021-01-04 14:49:50',NULL),(47,0,'01.09.01.01','Manfaat Layanan Dari Provider Hal 3','Pcs','0.00',1000,1000,'0.00','0.00','material','2021-01-04 14:49:50',NULL),(48,0,'01.09.03.01','Manfaat Layanan Dari Provider Hal 4','Pcs','0.00',1000,1000,'0.00','0.00','material','2021-01-04 14:49:50',NULL),(49,0,'01.09.03.02','Flyer Prosedur Claim (Produk Health Care Platinum)','Pcs','0.00',1000,1000,'0.00','0.00','material','2021-01-04 14:49:50',NULL),(50,0,'01.06.03.07','Box Polis Panin','Pcs','0.00',1000,1000,'0.00','0.00','material','2021-01-04 14:49:50',NULL),(51,0,'01.08.01.01','Amplop Billing Sequis Life','Pcs','125.00',1224,1224,'153000.00','153000.00','material','2021-01-04 14:50:00','2021-03-10 16:29:53'),(52,0,'01.08.01.02','Amplop Billing Sequis Financial','Pcs','0.00',1000,1000,'0.00','0.00','material','2021-01-04 14:50:00',NULL),(53,2,'01.08.01.03','Amplop Polis Sequis','Pcs','0.00',0,0,'0.00','0.00','material','2021-01-04 14:50:01','2021-03-27 16:25:23'),(54,0,'01.08.03.01','Map Polis A5 TM SL','Pcs','0.00',1000,1000,'0.00','0.00','material','2021-01-04 14:50:01',NULL),(55,0,'01.08.03.02','Map Polis A5 TM SF','Pcs','0.00',1000,1000,'0.00','0.00','material','2021-01-04 14:50:01',NULL),(56,0,'01.08.02.01','Kertas Billing Sequis Life','Lembaran A4','125.00',1224,1224,'153000.00','153000.00','material','2021-01-04 14:50:01','2021-03-10 16:29:22'),(57,0,'01.08.02.02','Kertas Billing Sequis Financial','Lembaran A4','0.00',1000,1000,'0.00','0.00','material','2021-01-04 14:50:01',NULL),(58,0,'01.08.02.03','Kertas Isi Polis TM','Lembaran A4','0.00',1000,1000,'0.00','0.00','material','2021-01-04 14:50:01',NULL),(59,0,'01.08.02.04','Cover Sequis Super You','Pcs','0.00',1000,1000,'0.00','0.00','material','2021-01-04 14:50:01',NULL),(60,0,'01.08.02.05','Amplop Polis Alodokter','Pcs','0.00',1000,1000,'0.00','0.00','material','2021-01-04 14:50:01',NULL),(61,2,'01.08.02.06','Kertas Welcome Letter Sequis','pages','300.00',0,0,'0.00','0.00','material','2021-01-04 14:50:01','2021-03-27 16:40:09'),(62,0,'01.02.01.07','Amplop Polis Bumiputera','Pcs','0.00',1000,1000,'0.00','0.00','material','2021-01-04 14:50:11',NULL),(63,0,'01.02.03.06','Cover Polis Bumiputera','Pcs','0.00',1000,1000,'0.00','0.00','material','2021-01-04 14:50:11',NULL),(64,0,'01.02.02.14','Kertas WL Bumiputera','Lembaran A4','0.00',1000,1000,'0.00','0.00','material','2021-01-04 14:50:11',NULL),(65,0,'01.02.02.15','Kertas Isi Polis Bumiputera','Lembaran A4','0.00',1000,1000,'0.00','0.00','material','2021-01-04 14:50:11',NULL),(66,0,'01.04.01.01','Amplop Reguler','Pcs','0.00',1000,1000,'0.00','0.00','material','2021-01-04 14:50:32',NULL),(67,0,'01.04.02.02','Kertas 5/0','Lembaran A4','0.00',1000,1000,'0.00','0.00','material','2021-01-04 14:50:32',NULL),(68,0,'01.04.02.03','Amplop Coklat Commonwealth Project','Pcs','0.00',1000,1000,'0.00','0.00','material','2021-01-04 14:50:32',NULL),(69,0,'01.04.02.04','Amplop Billing Life Commonwealth Project','Pcs','0.00',1000,1000,'0.00','0.00','material','2021-01-04 14:50:32',NULL),(70,0,'01.04.02.05','Kertas Billing Beralamat Commonwealth Project','Pcs','0.00',1000,1000,'0.00','0.00','material','2021-01-04 14:50:32',NULL),(71,0,'01.04.02.06','Kertas Billing Tanpa Alamat Commonwealth Project','Pcs','0.00',1000,1000,'0.00','0.00','material','2021-01-04 14:50:32',NULL),(72,0,'01.04.02.02','Amplop Biling FWD','PCS ','0.00',1000,1000,'0.00','0.00','material','2021-01-04 14:50:32',NULL),(73,0,'01.04.02.01','Kertas FWD Ber-Alamat','Lembaran A4','0.00',1000,1000,'0.00','0.00','material','2021-01-04 14:50:32',NULL),(74,0,'01.07.03.07','Kertas FWD Tidak Ber-Alamat','Lembaran A4','0.00',1000,1000,'0.00','0.00','material','2021-01-04 14:50:32',NULL),(75,0,'01.10.02.01','Kertas Welcome Letter Polis','Lembaran A4','0.00',1000,1000,'0.00','0.00','material','2021-01-04 14:50:42',NULL),(76,0,'01.10.02.06','Kertas Formulir Pembatalan Polis','Lembaran A4','0.00',1000,1000,'0.00','0.00','material','2021-01-04 14:50:42',NULL),(77,0,'01.10.02.02','Kertas Tanda Terima Polis','Lembaran A4','0.00',1000,1000,'0.00','0.00','material','2021-01-04 14:50:42',NULL),(78,0,'01.10.02.03','Kertas Kwintansi Polis','Lembaran A4','0.00',1000,1000,'0.00','0.00','material','2021-01-04 14:50:42',NULL),(79,0,'01.10.02.04','Kertas Isi Polis Hal 1','Lembaran A3','0.00',1000,1000,'0.00','0.00','material','2021-01-04 14:50:42',NULL),(80,0,'01.11.01.03','Amplop Coklat Folio','Pack','0.00',1000,1000,'0.00','0.00','material','2021-01-04 14:50:53',NULL),(81,0,'01.11.03.01','Label','Pcs','0.00',1000,1000,'0.00','0.00','material','2021-01-04 14:50:53',NULL),(82,0,'01.11.03.02','Plastik ','Pcs','0.00',1000,1000,'0.00','0.00','material','2021-01-04 14:50:53',NULL),(83,0,'01.11.02.01','Kertas Folio','Lembaran A4','0.00',1000,1000,'0.00','0.00','material','2021-01-04 14:50:53',NULL),(84,0,'01.11.02.02','Kertas Blank A 3','Lembaran A4','0.00',1000,1000,'0.00','0.00','material','2021-01-04 14:50:53',NULL),(85,0,'01.11.02.03','Kertas Blank A 4','Lembaran A4','0.00',1000,1000,'0.00','0.00','material','2021-01-04 14:50:53',NULL),(86,0,'01.11.02.04','Kertas Continous Form 3Play','Box','0.00',1000,1000,'0.00','0.00','material','2021-01-04 14:50:53',NULL),(87,0,'01.11.02.05','Karet Gelang Super','Kg','0.00',1000,1000,'0.00','0.00','material','2021-01-04 14:50:53',NULL),(88,0,'01.11.02.06','Lakban Coklat','Lusin','0.00',1000,1000,'0.00','0.00','material','2021-01-04 14:50:53',NULL),(89,0,'01.11.02.07','Paku Jilid Mata Ayam T266','Pack','0.00',1000,1000,'0.00','0.00','material','2021-01-04 14:50:53',NULL),(90,0,'01.11.02.08','Double Tape','Lusin','0.00',1000,1000,'0.00','0.00','material','2021-01-04 14:50:53',NULL),(91,0,'01.11.02.09','Plastik Sampah 90cm x 120 cm','Pack','0.00',1000,1000,'0.00','0.00','material','2021-01-04 14:50:53',NULL),(92,0,'01.11.02.10','Plastic Locco 40','Pack','0.00',1000,1000,'0.00','0.00','material','2021-01-04 14:50:53',NULL),(93,0,'J-003','Created PDF','PAGES','0.00',0,0,'0.00','0.00','jasa','2021-03-26 15:33:57','2021-03-27 14:13:06'),(94,0,'J-004','Sending Mail','account','0.00',0,0,'0.00','0.00','jasa','2021-03-26 15:34:44','2021-03-27 14:12:56'),(95,1,'ac-001','Amplop Polis A4','pcs','2950.00',0,0,'0.00','0.00','material','2021-03-27 14:40:15',NULL),(96,1,'cc-001','Cover Polis A4','pcs','2675.00',0,0,'0.00','0.00','material','2021-03-27 14:41:18',NULL),(97,1,'wlc-001','Kertas Welcome Letter','pages','515.00',0,0,'0.00','0.00','material','2021-03-27 14:42:05',NULL),(98,1,'kic-001','Kertas Isi Polis','pages','165.00',0,0,'0.00','0.00','material','2021-03-27 14:44:13',NULL),(99,1,'flyc-001','Folder Flyer Layanan Tambahan','pcs','1275.00',0,0,'0.00','0.00','material','2021-03-27 14:45:58',NULL),(100,1,'fkc-001','Flyer Kartu','pcs','360.00',0,0,'0.00','0.00','material','2021-03-27 14:46:47',NULL),(102,1,'IDC4-001','Inserting Dok A4','pcs','45.00',0,0,'0.00','0.00','jasa','2021-03-27 14:53:31',NULL),(103,1,'IDC5-001','Inserting Dok A5','pcs','45.00',0,0,'0.00','0.00','jasa','2021-03-27 14:54:43',NULL),(104,1,'IABC-001','Inserting Amplop Blank','pcs','45.00',0,0,'0.00','0.00','jasa','2021-03-27 14:55:32',NULL),(105,1,'IFC-001','Inserting Flyer/Brosur/Booklet','pcs','45.00',0,0,'0.00','0.00','jasa','2021-03-27 14:56:18',NULL),(106,0,'JPPC5-001','Jasa Pengerjaan Polis A5','set','0.00',0,0,'0.00','0.00','jasa','2021-03-27 14:56:58','2021-03-27 16:39:07'),(107,1,'JTMMC-001','Jasa Teraan Mesin Materai','pcs','0.00',0,0,'0.00','0.00','jasa','2021-03-27 14:57:26',NULL),(108,1,'CFPC-001','Convert File to PDF','pages','0.00',0,0,'0.00','0.00','jasa','2021-03-27 14:58:02',NULL),(109,1,'AP5C-01','Amplop Polis A5','pcs','1650.00',0,0,'0.00','0.00','material','2021-03-27 14:58:44',NULL),(110,1,'KDKPC5-001','Kertas Devider ketentuan Polis A5','pcs','195.00',0,0,'0.00','0.00','material','2021-03-27 14:59:46',NULL),(111,1,'cgn-001','Kertas Devider pembayaran premi Polis A5','pcs','195.00',0,0,'0.00','0.00','material','2021-03-27 15:05:22',NULL),(112,1,'cgn-002','Kertas Devider pembayaran premi Polis A5','pcs','195.00',0,0,'0.00','0.00','material',NULL,NULL),(113,1,'cgn-003','Kertas Devider klaim Polis A5','pcs','195.00',0,0,'0.00','0.00','material',NULL,NULL),(114,1,'cgn-004','Kertas isi Polis HVS 80gr A4','pcs','80.00',0,0,'0.00','0.00','material',NULL,NULL),(115,1,'cgn-005','Flyer layanan darurat internasional','pcs','275.00',0,0,'0.00','0.00','material',NULL,NULL),(116,1,'cgn-006','Cover Polis A5','pcs','0.00',0,0,'0.00','0.00','material',NULL,NULL),(117,1,'cgn-007','Folder Flyer','pcs','1275.00',0,0,'0.00','0.00','material',NULL,NULL),(118,1,'cgn-008','Kertas Notice Letter (A4, 80gr, 4/0)','pcs','170.00',0,0,'0.00','0.00','material',NULL,NULL),(119,1,'cgn-009','Kertas Kop Surat Sertifikat (A4, HVS 80gr, 4/0)','pcs','175.00',0,0,'0.00','0.00','material',NULL,NULL),(120,1,'cgn-010','Kertas Kop Surat RC BCA (A4, HVS 100gr, 4/0)','pcs','235.00',0,0,'0.00','0.00','material',NULL,NULL),(121,1,'cgn-011','Kertas Letter Bonus (A4, HVS 100gr, 4/0)','pcs','300.00',0,0,'0.00','0.00','material',NULL,NULL),(122,1,'cgn-012','Amplop Kirbal','pcs','315.00',0,0,'0.00','0.00','material',NULL,NULL),(123,1,'cgn-013','Amplop Letter Bonus','pcs','315.00',0,0,'0.00','0.00','material',NULL,NULL),(124,1,'cgn-014','Amplop BNI Bravo','pcs','1300.00',0,0,'0.00','0.00','material',NULL,NULL),(125,1,'cgn-015','Label Amplop Kirbal 2019','pcs','0.00',0,0,'0.00','0.00','material',NULL,NULL),(126,5,'AJB-001','Cover Polis, AC310gr, 3/0 laminating doff, Spot UV','pcs','3865.00',0,0,'0.00','0.00','material',NULL,NULL),(127,5,'AJB-002','Amplop Folio, AC310gr, 3/0 laminating doff, Spot U','pcs','3750.00',0,0,'0.00','0.00','material',NULL,NULL),(128,5,'AJB-003','Kertas WL Polis, A4 80gr, 3/0','pages','200.00',0,0,'0.00','0.00','material',NULL,NULL),(129,5,'AJB-004','Kertas Isi Polis, A4 80gr, 2/2','pages','165.00',0,0,'0.00','0.00','material',NULL,NULL),(130,5,'AJB-005','HVS 80gr, Blank Paper','pages','80.00',0,0,'0.00','0.00','material',NULL,NULL),(131,5,'AJB-006','Plastik Polis','pcs','0.00',0,0,'0.00','0.00','material',NULL,NULL),(133,5,'AJB-008','Jasa Pengerjaan Polis','polis','0.00',0,39,'0.00','0.00','jasa',NULL,NULL),(135,0,'INT-002','Jasa Pengerjaan Polis','set','0.00',0,0,'0.00','0.00','jasa',NULL,'2021-03-27 16:26:57'),(136,7,'TKF-003','Create PDF','pages','0.00',0,0,'0.00','0.00','jasa',NULL,NULL),(137,7,'TKF-004','Kertas Welcome Letter','pages','250.00',0,0,'0.00','0.00','material',NULL,NULL),(138,7,'TKF-005','Kertas Pembuka Polis Halaman I','pages','315.00',0,0,'0.00','0.00','material',NULL,NULL),(139,7,'TKF-006','Kertas Isi Polis Halaman II','pages','305.00',0,0,'0.00','0.00','material',NULL,NULL),(140,7,'TKF-007','Kertas Kuitansi Premi Pertama','pages','0.00',0,0,'0.00','0.00','material',NULL,NULL),(141,7,'TKF-008','Kertas Tanda Terima','pages','280.00',0,0,'0.00','0.00','material',NULL,NULL),(142,7,'TKF-009','Cover Polis','pcs','0.00',0,0,'0.00','0.00','material',NULL,NULL),(143,7,'TKF-010','Amplop','pcs','0.00',0,0,'0.00','0.00','material',NULL,NULL),(145,8,'AVR-002','Inserting','set','45.00',0,0,'0.00','0.00','jasa',NULL,NULL),(146,8,'AVR-004','HVS A4 80gr Blank Paper','pages','80.00',0,0,'0.00','0.00','material',NULL,NULL),(147,0,'INT-001','Printing A5','pages','55.00',0,3,'0.00','165.00','jasa',NULL,'2021-03-27 16:26:19'),(149,9,'BAI-003','Pengerjaan Finishing','set','0.00',0,0,'0.00','0.00','jasa',NULL,NULL),(150,9,'BAI-004','Create PDF','pages','0.00',0,0,'0.00','0.00','jasa',NULL,NULL),(151,9,'BAI-005','Kertas Blanko Welcome Letter','pcs','395.00',0,0,'0.00','0.00','material',NULL,NULL),(152,9,'BAI-006','Kertas Blanko Polis Duplex','pcs','425.00',0,0,'0.00','0.00','material',NULL,NULL),(153,9,'BAI-007','Kertas Blanko Polis Simplex','pcs','395.00',0,0,'0.00','0.00','material',NULL,NULL),(154,9,'BAI-008','Kertas Blank A5','pcs','80.00',0,0,'0.00','0.00','material',NULL,NULL),(155,9,'BAI-009','Kertas Blank A4','pcs','80.00',0,0,'0.00','0.00','material',NULL,NULL),(156,9,'BAI-010','Cover Polis','pcs','1400.00',0,0,'0.00','0.00','material',NULL,NULL),(157,9,'BAI-011','Kertas Isi Polis (4lembar)','set','200.00',0,0,'0.00','0.00','material',NULL,NULL),(158,9,'BAI-012','Amplop Polis','pcs','1200.00',0,0,'0.00','0.00','material',NULL,NULL),(159,9,'BAI-013','Amplop Plastik','pcs','400.00',0,0,'0.00','0.00','material',NULL,NULL),(160,9,'BAI-014','Amplop Coklat','pcs','490.00',0,0,'0.00','0.00','material',NULL,NULL),(161,9,'BAI-015','Labeling','pcs','55.00',0,0,'0.00','0.00','material',NULL,NULL),(163,6,'BNI-002','Inserting','Amplop','55.00',0,0,'0.00','0.00','jasa',NULL,NULL),(164,6,'BNI-003','Blank Paper A4','pages','80.00',0,0,'0.00','0.00','material',NULL,NULL),(166,4,'FWD-002','Email Blast','pcs','0.00',0,0,'0.00','0.00','jasa',NULL,NULL),(167,4,'FWD-003','Create PDF password','pages','0.00',0,0,'0.00','0.00','jasa',NULL,NULL),(168,4,'FWD-004','Inserting 1-3lembar','amplop','45.00',0,0,'0.00','0.00','jasa',NULL,NULL),(169,4,'FWD-005','Inserting 4-6lembar','amplop','45.00',0,0,'0.00','0.00','jasa',NULL,NULL),(170,4,'FWD-006','Inserting 7lembar','amplop','45.00',0,0,'0.00','0.00','jasa',NULL,NULL),(171,4,'FWD-007','Amplop kabinet window, HVS 100gr','pcs','315.00',0,-857,'0.00','-269955.00','material',NULL,NULL),(172,4,'FWD-008','Kertas Kop, A4, HVS 80gr, 4/0','pcs','150.00',0,-857,'0.00','-128550.00','material',NULL,NULL),(173,10,'EKA-001','Labelling','pcs','55.00',0,0,'0.00','0.00','material',NULL,NULL),(174,2,'SEQ-001','Cover Polis Super You','pcs','2115.00',0,0,'0.00','0.00','material',NULL,NULL),(175,2,'SEQ-002','Kertas Isi Polis','pages','145.00',0,0,'0.00','0.00','material',NULL,NULL),(176,2,'SEQ-003','Paper Kop Sequis Financial','pages','118.00',0,0,'0.00','0.00','material',NULL,NULL),(177,2,'SEQ-004','Amplop Jendela Standard','amplop','390.00',0,0,'0.00','0.00','material',NULL,NULL),(178,2,'SEQ-005','Paper Kop Sequis Life','pages','145.00',0,0,'0.00','0.00','material',NULL,NULL),(179,2,'SEQ-006','Amplop Jendela Standard','amplop','220.00',0,0,'0.00','0.00','material',NULL,NULL),(180,2,'SEQ-007','Sticker Cover Polis Sequis Life + Sticking (bagian','pcs','75.00',0,0,'0.00','0.00','material',NULL,NULL),(181,2,'SEQ-008','Sticker Cover Polis Sequis Life + Sticking (bagian','pcs','75.00',0,0,'0.00','0.00','material',NULL,NULL),(182,2,'SEQ-009','Sticker Cover Polis Sequis Financial + Sticking (b','pcs','75.00',0,0,'0.00','0.00','material',NULL,NULL),(183,2,'SEQ-010','Sticker Cover Polis Sequis Financial + Sticking (b','pcs','75.00',0,0,'0.00','0.00','material',NULL,NULL),(184,2,'SEQ-011','Cover Polis A5','pcs','2000.00',0,0,'0.00','0.00','material',NULL,NULL),(185,2,'SEQ-012','Amplop Polis A5','pcs','1850.00',0,0,'0.00','0.00','material',NULL,NULL),(225,3,'PNI-001','Jasa Binding Rivet + Finishing','Set','220.00',0,0,'0.00','0.00','jasa',NULL,NULL),(226,3,'PNI-002','Printing alamat pada amplop coklat','pcs','0.00',0,0,'0.00','0.00','jasa',NULL,NULL),(227,3,'PNI-003','Paper Buku Polis (HVS 80gr,A4,2/2)','pcs','140.00',0,0,'0.00','0.00','material',NULL,NULL),(228,3,'PNI-004','Kertas Cust.Care (HVS 80gr,A4,2/0)','pcs','143.00',0,0,'0.00','0.00','material',NULL,NULL),(229,3,'PNI-005','Kertas WL (HVS 80gr,A4,3/1)','pcs','170.00',0,0,'0.00','0.00','material',NULL,NULL),(230,3,'PNI-006','Kertas Cust.Care Syariah (HVS 80gr,A4,3/3)','amplop','125.00',0,0,'0.00','0.00','material',NULL,NULL),(231,3,'PNI-007','Amplop Syariah','pcs','225.00',0,0,'0.00','0.00','material',NULL,NULL),(232,3,'PNI-009','Kertas Cust.Care (HVS 80gr,A4,2/0)','Pages','143.00',0,0,'0.00','0.00','material',NULL,NULL),(233,3,'PNI-010','Kertas Isi Polis (HVS 100gr,A4,2/2)','Pages','185.00',0,0,'0.00','0.00','material',NULL,NULL),(234,3,'PNI-011','Amplop rg','Pages','225.00',0,0,'0.00','0.00','material',NULL,NULL),(235,3,'PNI-008','Kertas Tanda Terima (HVS80gr A5 2/0)','Pages','63.00',0,0,'0.00','0.00','material',NULL,NULL),(236,3,'PNI-012','Blank Paper','Pages','80.00',0,0,'0.00','0.00','material',NULL,NULL),(237,3,'PNI-013','Isi Polis, HVS 100 gr,A4, 3/3 C','Lembar','250.00',0,0,'0.00','0.00','material',NULL,NULL),(238,3,'PNI-014','PT, HVS 80gr,A4, 4/0 C','Lembar','0.00',0,0,'0.00','0.00','material',NULL,NULL),(239,3,'PNI-015','TT, HVS 80 gr,A5, 4/0 C','Lembar','300.00',0,0,'0.00','0.00','material',NULL,NULL),(240,3,'PNI-016','WL, HVS 100 gr,A4, 3/0 C','Lembar','170.00',0,0,'0.00','0.00','material',NULL,NULL),(241,3,'PNI-017','Cover Polis,Art carton,230 gr, Laminating doff,4/2','Set','2539.00',0,0,'0.00','0.00','material',NULL,NULL),(242,3,'PNI-018','Paper One 80 gr','Lembar','80.00',0,0,'0.00','0.00','material',NULL,NULL),(243,3,'PNI-019','Paku Rivet ','Set','220.00',0,0,'0.00','0.00','material',NULL,NULL),(244,3,'PNI-020','Panduan Pembayaran Premi,4/4,lipat 3','Pcs','0.00',0,0,'0.00','0.00','material',NULL,NULL),(245,3,'PNI-021','Amplop Medical Card','Pcs','0.00',0,0,'0.00','0.00','material',NULL,NULL),(246,3,'PNI-022','Buku Syarat dan Ketentuan evakuasi Medis & SMO,isi','Pcs','0.00',0,0,'0.00','0.00','material',NULL,NULL),(247,3,'PNI-023','Buku Syarat & Ketentuan evakuasi medis PMP','Pcs','0.00',0,0,'0.00','0.00','material',NULL,NULL),(248,3,'PNI-024','Flyer Prosedur Klaim Medical Benefit','Pcs','0.00',0,0,'0.00','0.00','material',NULL,NULL),(249,3,'PNI-025','Flyer Prosedur Klaim Medical Benefit Premier','Pcs','0.00',0,0,'0.00','0.00','material',NULL,NULL),(250,3,'PNI-026','Box Polis','pcs','8500.00',0,0,'0.00','0.00','material',NULL,NULL),(251,3,'PNI-027','Transport Box Polis','rit','0.00',0,0,'0.00','0.00','material',NULL,NULL),(252,3,'PNI-028','Isi Polis, HVS 100 gr,A4, 2/2 C','Lembar','185.00',0,0,'0.00','0.00','material',NULL,NULL),(253,3,'PNI-029','PT, HVS 80gr,A4, 3/0 C','Lembar','0.00',0,0,'0.00','0.00','material',NULL,NULL),(254,3,'PNI-031','WL, HVS 100 gr,A4, 2/0 C','Lembar','170.00',0,0,'0.00','0.00','material',NULL,NULL),(255,3,'PNI-032','Cover Polis,Art carton,230 gr, Laminating doff,4/2','Set','2500.00',0,0,'0.00','0.00','material',NULL,NULL),(256,3,'PNI-033','Paper One 80 gr','Lembar','80.00',0,0,'0.00','0.00','material',NULL,NULL),(257,3,'PNI-030','TT, HVS 80 gr,A5, 3/0 C','Lembar','63.00',0,0,'0.00','0.00','material',NULL,NULL),(258,3,'PNI-034','Paku Rivet ','Set','220.00',0,0,'0.00','0.00','material',NULL,NULL),(259,3,'PNI-035','Panduan Pembayaran Premi,4/4,lipat 3','Pcs','475.00',0,0,'0.00','0.00','material',NULL,NULL),(260,3,'PNI-036','Amplop Medical Card','Pcs','295.00',0,0,'0.00','0.00','material',NULL,NULL),(261,3,'PNI-037','Buku Syarat dan Ketentuan evakuasi Medis & SMO,isi','Pcs','2900.00',0,0,'0.00','0.00','material',NULL,NULL),(262,3,'PNI-038','Buku Syarat & Ketentuan evakuasi medis PMP','Pcs','4237.00',0,0,'0.00','0.00','material',NULL,NULL),(263,3,'PNI-039','Flyer Prosedur Klaim Medical Benefit','Pcs','375.00',0,0,'0.00','0.00','material',NULL,NULL),(264,3,'PNI-040','Flyer Prosedur Klaim Medical Benefit Premier','Pcs','0.00',0,0,'0.00','0.00','material',NULL,NULL);

/*Table structure for table `components_in` */

DROP TABLE IF EXISTS `components_in`;

CREATE TABLE `components_in` (
  `id` bigint(20) NOT NULL AUTO_INCREMENT,
  `incoming_comp_po` varchar(200) DEFAULT NULL,
  `component_id` bigint(20) DEFAULT NULL,
  `component_price` decimal(9,2) DEFAULT NULL,
  `group` varchar(25) DEFAULT NULL,
  `qty` bigint(20) DEFAULT NULL,
  `tgl_in` timestamp NOT NULL DEFAULT current_timestamp() ON UPDATE current_timestamp(),
  PRIMARY KEY (`id`)
) ENGINE=InnoDB AUTO_INCREMENT=22 DEFAULT CHARSET=utf8mb4;

/*Data for the table `components_in` */

insert  into `components_in`(`id`,`incoming_comp_po`,`component_id`,`component_price`,`group`,`qty`,`tgl_in`) values (17,'202103100PO00012',7,'100.00','material',50,'2021-03-10 17:41:39');

/*Table structure for table `components_out` */

DROP TABLE IF EXISTS `components_out`;

CREATE TABLE `components_out` (
  `id` bigint(20) NOT NULL AUTO_INCREMENT,
  `job_ticket` varchar(200) CHARACTER SET utf8mb4 COLLATE utf8mb4_unicode_ci NOT NULL,
  `component_id` bigint(20) DEFAULT NULL,
  `component_price` decimal(9,2) DEFAULT NULL,
  `group` varchar(25) CHARACTER SET utf8mb4 COLLATE utf8mb4_unicode_ci NOT NULL,
  `qty` bigint(20) DEFAULT NULL,
  `tgl_out` timestamp NOT NULL DEFAULT current_timestamp() ON UPDATE current_timestamp(),
  `tgl_job` datetime DEFAULT NULL,
  PRIMARY KEY (`id`)
) ENGINE=InnoDB AUTO_INCREMENT=309 DEFAULT CHARSET=utf8;

/*Data for the table `components_out` */

insert  into `components_out`(`id`,`job_ticket`,`component_id`,`component_price`,`group`,`qty`,`tgl_out`,`tgl_job`) values (305,'FWD2104010320102',3,'250.00','jasa',857,'2021-04-01 10:20:18','2021-04-01 10:08:26'),(306,'FWD2104010320102',4,'160.00','jasa',857,'2021-04-01 10:20:18','2021-04-01 10:08:26'),(307,'FWD2104010320102',171,'350.00','material',857,'2021-04-01 10:20:18','2021-04-01 10:08:26'),(308,'FWD2104010320102',172,'230.00','material',857,'2021-04-01 10:20:18','2021-04-01 10:08:26');

/*Table structure for table `customers` */

DROP TABLE IF EXISTS `customers`;

CREATE TABLE `customers` (
  `id` int(10) unsigned NOT NULL AUTO_INCREMENT,
  `code` varchar(10) COLLATE utf8mb4_unicode_ci NOT NULL,
  `name` varchar(100) COLLATE utf8mb4_unicode_ci NOT NULL,
  `pic` varchar(100) COLLATE utf8mb4_unicode_ci DEFAULT NULL,
  `telp` varchar(50) COLLATE utf8mb4_unicode_ci DEFAULT NULL,
  `address1` varchar(150) COLLATE utf8mb4_unicode_ci DEFAULT NULL,
  `address2` varchar(150) COLLATE utf8mb4_unicode_ci DEFAULT NULL,
  `address3` varchar(150) COLLATE utf8mb4_unicode_ci DEFAULT NULL,
  `city` varchar(50) COLLATE utf8mb4_unicode_ci DEFAULT NULL,
  `zipcode` varchar(15) COLLATE utf8mb4_unicode_ci DEFAULT NULL,
  `npwp` varchar(35) COLLATE utf8mb4_unicode_ci DEFAULT NULL,
  `desc` varchar(300) COLLATE utf8mb4_unicode_ci DEFAULT NULL,
  `active` smallint(6) NOT NULL DEFAULT 0,
  `created_at` timestamp NULL DEFAULT NULL,
  `updated_at` timestamp NULL DEFAULT NULL,
  PRIMARY KEY (`id`)
) ENGINE=InnoDB AUTO_INCREMENT=11 DEFAULT CHARSET=utf8mb4 COLLATE=utf8mb4_unicode_ci;

/*Data for the table `customers` */

insert  into `customers`(`id`,`code`,`name`,`pic`,`telp`,`address1`,`address2`,`address3`,`city`,`zipcode`,`npwp`,`desc`,`active`,`created_at`,`updated_at`) values (1,'CGN','ASURANSI CIGNA, PT\r\n','Andriyanto','','','','','','',NULL,'',1,'2020-07-01 18:56:33',NULL),(2,'SEQ\r\n','SEQUIS LIFE, PT\r\n','Muharman',NULL,NULL,NULL,NULL,NULL,NULL,NULL,NULL,0,'2020-11-23 14:55:30','2021-01-04 14:54:14'),(3,'PNI','PANINDAI-ICHILIFE, PT\r\n',NULL,NULL,NULL,NULL,NULL,NULL,NULL,NULL,NULL,0,'2021-01-04 14:54:41',NULL),(4,'FWD','FWD Life',NULL,NULL,NULL,NULL,NULL,NULL,NULL,NULL,NULL,0,'2021-01-04 14:55:02',NULL),(5,'AJB','Asuransi Jiwa Syariah Bumiputera, PT\r\n',NULL,NULL,NULL,NULL,NULL,NULL,NULL,NULL,NULL,0,'2021-01-04 14:55:24',NULL),(6,'BNI','BNI LIFE, PT\r\n',NULL,NULL,NULL,NULL,NULL,NULL,NULL,NULL,NULL,0,'2021-01-04 14:55:42',NULL),(7,'TKF\r\n','ASURANSI TAKAFUL KELUARGA, PT\r\n',NULL,NULL,NULL,NULL,NULL,NULL,NULL,NULL,NULL,0,'2021-01-04 14:56:05',NULL),(8,'AVR','AVRIST ASSURANCE, PT\r\n\r\n\r\n',NULL,NULL,NULL,NULL,NULL,NULL,NULL,NULL,NULL,0,'2021-01-04 14:56:18',NULL),(9,'BAI\r\n','Bhinneka Life Indonesia, PT\r\n',NULL,NULL,NULL,NULL,NULL,NULL,NULL,NULL,NULL,0,'2021-01-04 14:56:38',NULL),(10,'EKA','Ekamant Indonesia, PT\r\n',NULL,NULL,NULL,NULL,NULL,NULL,NULL,NULL,NULL,0,'2021-01-04 14:56:59',NULL);

/*Table structure for table `email_notif` */

DROP TABLE IF EXISTS `email_notif`;

CREATE TABLE `email_notif` (
  `id` int(11) NOT NULL AUTO_INCREMENT,
  `no_manifest` varchar(90) DEFAULT NULL,
  `email_to` varchar(250) DEFAULT NULL,
  `subject` varchar(250) DEFAULT NULL,
  `body` text DEFAULT NULL,
  `send` int(11) DEFAULT 0,
  `msg_error` varchar(250) DEFAULT NULL,
  `created_at` datetime DEFAULT NULL,
  `updated_at` datetime DEFAULT NULL,
  PRIMARY KEY (`id`)
) ENGINE=InnoDB AUTO_INCREMENT=15 DEFAULT CHARSET=utf8mb4;

/*Data for the table `email_notif` */

insert  into `email_notif`(`id`,`no_manifest`,`email_to`,`subject`,`body`,`send`,`msg_error`,`created_at`,`updated_at`) values (2,'811831','farhan@xptlp.co.id','[TLP_Distribusi] Info Pengiriman Dokumen','<!DOCTYPE html>\r\n<html lang=\"en\">\r\n<head>\r\n    <meta charset=\"UTF-8\">\r\n    <meta name=\"viewport\" content=\"width=device-width, initial-scale=1.0\">\r\n    <title>Notification</title>\r\n</head>\r\n<body>\r\n    <p>Dear Team <strong>Sequis Life</strong></p>\r\n    <p>Berikut ini kami informasikan mengenai pengiriman dokumen sebagai berikut:</p>\r\n    <p>\r\n    <table style=\"border: 2px solid black; border-collapse: collapse; width: 100px;\">\r\n        <thead style=\"background-color: darkgray;\">\r\n            <th style=\"border: 2px solid black;\">Job Ticket</th>\r\n            <th style=\"border: 2px solid black;\">No Manifest</th>\r\n            <th style=\"border: 2px solid black;\">Project/Cycle/Jenis/Part</th>\r\n            <th style=\"border: 2px solid black;\">Qty</th>\r\n            <th style=\"border: 2px solid black;\">Ekspedisi/Service</th>\r\n            <th style=\"border: 2px solid black;\">Pickup by</th>\r\n            <th style=\"border: 2px solid black;\">Pickup date</th>\r\n        </thead>\r\n        <tbody>\r\n            <tr>\r\n                <td style=\"border: 2px solid black;\">SQL2021021108600053</td>\r\n                <td style=\"border: 2px solid black;\">811831</td>\r\n                <td style=\"border: 2px solid black;\">AUTO SURENDER-20210211-RG-1</td>\r\n                <td style=\"border: 2px solid black;\">108</td>\r\n                <td style=\"border: 2px solid black;\">SAP/REGULER</td>\r\n                <td style=\"border: 2px solid black;\">Seno</td>\r\n                <td style=\"border: 2px solid black;\">2021-02-11</td>\r\n            </tr>\r\n        </tbody>\r\n    </table>\r\n    </p>\r\n    <p>Email ini dikirim secara otomatis, Mohon tidak membalas ke email ini. <br> <br> \r\n        Apabila ada pertanyaan bisa kontak ke <a href=\"tel:02129874400\">(021) 298 744 00</a> / <a href=\"tel:02122894620\">(021) 228 946 20</a> Whatsapp <a href=\"https://api.whatsapp.com/send?phone=628872905891\">628872905891</a>\r\n        atau melalui email <a href=\"mailto:admin-sales@xptlp.co.id\">admin-sales@xptlp.co.id</a>\r\n    </p>    \r\n</body>\r\n</html>',2,'[ERROR] Message could not be sent. Mailer Error: SMTP Error: Could not connect to SMTP host.','2021-02-11 19:45:45','2021-02-22 16:10:12'),(3,'531121',NULL,'[TLP_Distribusi] Info Pengiriman Dokumen','<!DOCTYPE html>\r\n<html lang=\"en\">\r\n<head>\r\n    <meta charset=\"UTF-8\">\r\n    <meta name=\"viewport\" content=\"width=device-width, initial-scale=1.0\">\r\n    <title>Notification</title>\r\n</head>\r\n<body>\r\n    <p>Dear Team <strong>Sequis Life</strong></p>\r\n    <p>Berikut ini kami informasikan mengenai pengiriman dokumen sebagai berikut:</p>\r\n    <p>\r\n    <table style=\"border: 2px solid black; border-collapse: collapse; width: 100px;\">\r\n        <thead style=\"background-color: darkgray;\">\r\n            <th style=\"border: 2px solid black;\">Job Ticket</th>\r\n            <th style=\"border: 2px solid black;\">No Manifest</th>\r\n            <th style=\"border: 2px solid black;\">Project/Cycle/Jenis/Part</th>\r\n            <th style=\"border: 2px solid black;\">Qty</th>\r\n            <th style=\"border: 2px solid black;\">Ekspedisi/Service</th>\r\n            <th style=\"border: 2px solid black;\">Pickup by</th>\r\n            <th style=\"border: 2px solid black;\">Pickup date</th>\r\n        </thead>\r\n        <tbody>\r\n            <tr>\r\n                <td style=\"border: 2px solid black;\">SQL2021030808600054</td>\r\n                <td style=\"border: 2px solid black;\">531121</td>\r\n                <td style=\"border: 2px solid black;\">AUTO SURENDER-20210308-RG-1</td>\r\n                <td style=\"border: 2px solid black;\">108</td>\r\n                <td style=\"border: 2px solid black;\">SAP/REGULER</td>\r\n                <td style=\"border: 2px solid black;\">Eko</td>\r\n                <td style=\"border: 2px solid black;\">2021-03-08</td>\r\n            </tr>\r\n        </tbody>\r\n    </table>\r\n    </p>\r\n    <p>Email ini dikirim secara otomatis, Mohon tidak membalas ke email ini. <br> <br> \r\n        Apabila ada pertanyaan bisa kontak ke <a href=\"tel:02129874400\">(021) 298 744 00</a> / <a href=\"tel:02122894620\">(021) 228 946 20</a> Whatsapp <a href=\"https://api.whatsapp.com/send?phone=628872905891\">628872905891</a>\r\n        atau melalui email <a href=\"mailto:admin-sales@xptlp.co.id\">admin-sales@xptlp.co.id</a>\r\n    </p>    \r\n</body>\r\n</html>',0,NULL,'2021-03-08 11:25:22','2021-03-08 11:25:22'),(4,'607876',NULL,'[TLP_Distribusi] Info Pengiriman Dokumen','<!DOCTYPE html>\r\n<html lang=\"en\">\r\n<head>\r\n    <meta charset=\"UTF-8\">\r\n    <meta name=\"viewport\" content=\"width=device-width, initial-scale=1.0\">\r\n    <title>Notification</title>\r\n</head>\r\n<body>\r\n    <p>Dear Team <strong>Sequis Life</strong></p>\r\n    <p>Berikut ini kami informasikan mengenai pengiriman dokumen sebagai berikut:</p>\r\n    <p>\r\n    <table style=\"border: 2px solid black; border-collapse: collapse; width: 100px;\">\r\n        <thead style=\"background-color: darkgray;\">\r\n            <th style=\"border: 2px solid black;\">Job Ticket</th>\r\n            <th style=\"border: 2px solid black;\">No Manifest</th>\r\n            <th style=\"border: 2px solid black;\">Project/Cycle/Jenis/Part</th>\r\n            <th style=\"border: 2px solid black;\">Qty</th>\r\n            <th style=\"border: 2px solid black;\">Ekspedisi/Service</th>\r\n            <th style=\"border: 2px solid black;\">Pickup by</th>\r\n            <th style=\"border: 2px solid black;\">Pickup date</th>\r\n        </thead>\r\n        <tbody>\r\n            <tr>\r\n                <td style=\"border: 2px solid black;\">SQL2021030808600055</td>\r\n                <td style=\"border: 2px solid black;\">607876</td>\r\n                <td style=\"border: 2px solid black;\">AUTO SURENDER-20210308-RG-1</td>\r\n                <td style=\"border: 2px solid black;\">108</td>\r\n                <td style=\"border: 2px solid black;\">SAP/REGULER</td>\r\n                <td style=\"border: 2px solid black;\">Eko</td>\r\n                <td style=\"border: 2px solid black;\">2021-03-08</td>\r\n            </tr>\r\n        </tbody>\r\n    </table>\r\n    </p>\r\n    <p>Email ini dikirim secara otomatis, Mohon tidak membalas ke email ini. <br> <br> \r\n        Apabila ada pertanyaan bisa kontak ke <a href=\"tel:02129874400\">(021) 298 744 00</a> / <a href=\"tel:02122894620\">(021) 228 946 20</a> Whatsapp <a href=\"https://api.whatsapp.com/send?phone=628872905891\">628872905891</a>\r\n        atau melalui email <a href=\"mailto:admin-sales@xptlp.co.id\">admin-sales@xptlp.co.id</a>\r\n    </p>    \r\n</body>\r\n</html>',0,NULL,'2021-03-08 14:25:06','2021-03-08 14:25:06'),(5,'860797',NULL,'[TLP_Distribusi] Info Pengiriman Dokumen','<!DOCTYPE html>\r\n<html lang=\"en\">\r\n<head>\r\n    <meta charset=\"UTF-8\">\r\n    <meta name=\"viewport\" content=\"width=device-width, initial-scale=1.0\">\r\n    <title>Notification</title>\r\n</head>\r\n<body>\r\n    <p>Dear Team <strong>Sequis Life</strong></p>\r\n    <p>Berikut ini kami informasikan mengenai pengiriman dokumen sebagai berikut:</p>\r\n    <p>\r\n    <table style=\"border: 2px solid black; border-collapse: collapse; width: 100px;\">\r\n        <thead style=\"background-color: darkgray;\">\r\n            <th style=\"border: 2px solid black;\">Job Ticket</th>\r\n            <th style=\"border: 2px solid black;\">No Manifest</th>\r\n            <th style=\"border: 2px solid black;\">Project/Cycle/Jenis/Part</th>\r\n            <th style=\"border: 2px solid black;\">Qty</th>\r\n            <th style=\"border: 2px solid black;\">Ekspedisi/Service</th>\r\n            <th style=\"border: 2px solid black;\">Pickup by</th>\r\n            <th style=\"border: 2px solid black;\">Pickup date</th>\r\n        </thead>\r\n        <tbody>\r\n            <tr>\r\n                <td style=\"border: 2px solid black;\">SQL2021030808600056</td>\r\n                <td style=\"border: 2px solid black;\">860797</td>\r\n                <td style=\"border: 2px solid black;\">AUTO SURENDER-20210308-SU-2</td>\r\n                <td style=\"border: 2px solid black;\">108</td>\r\n                <td style=\"border: 2px solid black;\">SAP/REGULER</td>\r\n                <td style=\"border: 2px solid black;\">Eko</td>\r\n                <td style=\"border: 2px solid black;\">2021-03-08</td>\r\n            </tr>\r\n        </tbody>\r\n    </table>\r\n    </p>\r\n    <p>Email ini dikirim secara otomatis, Mohon tidak membalas ke email ini. <br> <br> \r\n        Apabila ada pertanyaan bisa kontak ke <a href=\"tel:02129874400\">(021) 298 744 00</a> / <a href=\"tel:02122894620\">(021) 228 946 20</a> Whatsapp <a href=\"https://api.whatsapp.com/send?phone=628872905891\">628872905891</a>\r\n        atau melalui email <a href=\"mailto:admin-sales@xptlp.co.id\">admin-sales@xptlp.co.id</a>\r\n    </p>    \r\n</body>\r\n</html>',0,NULL,'2021-03-08 15:03:55','2021-03-08 15:03:55'),(6,'481196',NULL,'[TLP_Distribusi] Info Pengiriman Dokumen','<!DOCTYPE html>\r\n<html lang=\"en\">\r\n<head>\r\n    <meta charset=\"UTF-8\">\r\n    <meta name=\"viewport\" content=\"width=device-width, initial-scale=1.0\">\r\n    <title>Notification</title>\r\n</head>\r\n<body>\r\n    <p>Dear Team <strong>Sequis Life</strong></p>\r\n    <p>Berikut ini kami informasikan mengenai pengiriman dokumen sebagai berikut:</p>\r\n    <p>\r\n    <table style=\"border: 2px solid black; border-collapse: collapse; width: 100px;\">\r\n        <thead style=\"background-color: darkgray;\">\r\n            <th style=\"border: 2px solid black;\">Job Ticket</th>\r\n            <th style=\"border: 2px solid black;\">No Manifest</th>\r\n            <th style=\"border: 2px solid black;\">Project/Cycle/Jenis/Part</th>\r\n            <th style=\"border: 2px solid black;\">Qty</th>\r\n            <th style=\"border: 2px solid black;\">Ekspedisi/Service</th>\r\n            <th style=\"border: 2px solid black;\">Pickup by</th>\r\n            <th style=\"border: 2px solid black;\">Pickup date</th>\r\n        </thead>\r\n        <tbody>\r\n            <tr>\r\n                <td style=\"border: 2px solid black;\">SQL2021030808600057</td>\r\n                <td style=\"border: 2px solid black;\">481196</td>\r\n                <td style=\"border: 2px solid black;\">AUTO SURENDER-20210308-RG-3</td>\r\n                <td style=\"border: 2px solid black;\">108</td>\r\n                <td style=\"border: 2px solid black;\">SAP/REGULER</td>\r\n                <td style=\"border: 2px solid black;\">Eko</td>\r\n                <td style=\"border: 2px solid black;\">2021-03-08</td>\r\n            </tr>\r\n        </tbody>\r\n    </table>\r\n    </p>\r\n    <p>Email ini dikirim secara otomatis, Mohon tidak membalas ke email ini. <br> <br> \r\n        Apabila ada pertanyaan bisa kontak ke <a href=\"tel:02129874400\">(021) 298 744 00</a> / <a href=\"tel:02122894620\">(021) 228 946 20</a> Whatsapp <a href=\"https://api.whatsapp.com/send?phone=628872905891\">628872905891</a>\r\n        atau melalui email <a href=\"mailto:admin-sales@xptlp.co.id\">admin-sales@xptlp.co.id</a>\r\n    </p>    \r\n</body>\r\n</html>',0,NULL,'2021-03-08 16:42:21','2021-03-08 16:42:21'),(7,'762497',NULL,'[TLP_Distribusi] Info Pengiriman Dokumen','<!DOCTYPE html>\r\n<html lang=\"en\">\r\n<head>\r\n    <meta charset=\"UTF-8\">\r\n    <meta name=\"viewport\" content=\"width=device-width, initial-scale=1.0\">\r\n    <title>Notification</title>\r\n</head>\r\n<body>\r\n    <p>Dear Team <strong>Sequis Life</strong></p>\r\n    <p>Berikut ini kami informasikan mengenai pengiriman dokumen sebagai berikut:</p>\r\n    <p>\r\n    <table style=\"border: 2px solid black; border-collapse: collapse; width: 100px;\">\r\n        <thead style=\"background-color: darkgray;\">\r\n            <th style=\"border: 2px solid black;\">Job Ticket</th>\r\n            <th style=\"border: 2px solid black;\">No Manifest</th>\r\n            <th style=\"border: 2px solid black;\">Project/Cycle/Jenis/Part</th>\r\n            <th style=\"border: 2px solid black;\">Qty</th>\r\n            <th style=\"border: 2px solid black;\">Ekspedisi/Service</th>\r\n            <th style=\"border: 2px solid black;\">Pickup by</th>\r\n            <th style=\"border: 2px solid black;\">Pickup date</th>\r\n        </thead>\r\n        <tbody>\r\n            <tr>\r\n                <td style=\"border: 2px solid black;\">SQL2021031008600058</td>\r\n                <td style=\"border: 2px solid black;\">762497</td>\r\n                <td style=\"border: 2px solid black;\">AUTO SURENDER-20210310-RG-1</td>\r\n                <td style=\"border: 2px solid black;\">108</td>\r\n                <td style=\"border: 2px solid black;\">SAP/REGULER</td>\r\n                <td style=\"border: 2px solid black;\">okay</td>\r\n                <td style=\"border: 2px solid black;\">2021-03-10</td>\r\n            </tr>\r\n        </tbody>\r\n    </table>\r\n    </p>\r\n    <p>Email ini dikirim secara otomatis, Mohon tidak membalas ke email ini. <br> <br> \r\n        Apabila ada pertanyaan bisa kontak ke <a href=\"tel:02129874400\">(021) 298 744 00</a> / <a href=\"tel:02122894620\">(021) 228 946 20</a> Whatsapp <a href=\"https://api.whatsapp.com/send?phone=628872905891\">628872905891</a>\r\n        atau melalui email <a href=\"mailto:admin-sales@xptlp.co.id\">admin-sales@xptlp.co.id</a>\r\n    </p>    \r\n</body>\r\n</html>',0,NULL,'2021-03-10 16:30:26','2021-03-10 16:30:26'),(8,'120695',NULL,'[TLP_Distribusi] Info Pengiriman Dokumen','<!DOCTYPE html>\r\n<html lang=\"en\">\r\n<head>\r\n    <meta charset=\"UTF-8\">\r\n    <meta name=\"viewport\" content=\"width=device-width, initial-scale=1.0\">\r\n    <title>Notification</title>\r\n</head>\r\n<body>\r\n    <p>Dear Team <strong>Sequis Life</strong></p>\r\n    <p>Berikut ini kami informasikan mengenai pengiriman dokumen sebagai berikut:</p>\r\n    <p>\r\n    <table style=\"border: 2px solid black; border-collapse: collapse; width: 100px;\">\r\n        <thead style=\"background-color: darkgray;\">\r\n            <th style=\"border: 2px solid black;\">Job Ticket</th>\r\n            <th style=\"border: 2px solid black;\">No Manifest</th>\r\n            <th style=\"border: 2px solid black;\">Project/Cycle/Jenis/Part</th>\r\n            <th style=\"border: 2px solid black;\">Qty</th>\r\n            <th style=\"border: 2px solid black;\">Ekspedisi/Service</th>\r\n            <th style=\"border: 2px solid black;\">Pickup by</th>\r\n            <th style=\"border: 2px solid black;\">Pickup date</th>\r\n        </thead>\r\n        <tbody>\r\n            <tr>\r\n                <td style=\"border: 2px solid black;\">SQL2021031008600060</td>\r\n                <td style=\"border: 2px solid black;\">120695</td>\r\n                <td style=\"border: 2px solid black;\">AUTO SURENDER-20210310-RG-2</td>\r\n                <td style=\"border: 2px solid black;\">108</td>\r\n                <td style=\"border: 2px solid black;\">SAP/REGULER</td>\r\n                <td style=\"border: 2px solid black;\">Seno</td>\r\n                <td style=\"border: 2px solid black;\">2021-03-10</td>\r\n            </tr>\r\n        </tbody>\r\n    </table>\r\n    </p>\r\n    <p>Email ini dikirim secara otomatis, Mohon tidak membalas ke email ini. <br> <br> \r\n        Apabila ada pertanyaan bisa kontak ke <a href=\"tel:02129874400\">(021) 298 744 00</a> / <a href=\"tel:02122894620\">(021) 228 946 20</a> Whatsapp <a href=\"https://api.whatsapp.com/send?phone=628872905891\">628872905891</a>\r\n        atau melalui email <a href=\"mailto:admin-sales@xptlp.co.id\">admin-sales@xptlp.co.id</a>\r\n    </p>    \r\n</body>\r\n</html>',0,NULL,'2021-03-10 17:57:53','2021-03-10 17:57:53'),(9,'597241',NULL,'[TLP_Distribusi] Info Pengiriman Dokumen','<!DOCTYPE html>\r\n<html lang=\"en\">\r\n<head>\r\n    <meta charset=\"UTF-8\">\r\n    <meta name=\"viewport\" content=\"width=device-width, initial-scale=1.0\">\r\n    <title>Notification</title>\r\n</head>\r\n<body>\r\n    <p>Dear Team <strong>Sequis Life</strong></p>\r\n    <p>Berikut ini kami informasikan mengenai pengiriman dokumen sebagai berikut:</p>\r\n    <p>\r\n    <table style=\"border: 2px solid black; border-collapse: collapse; width: 100px;\">\r\n        <thead style=\"background-color: darkgray;\">\r\n            <th style=\"border: 2px solid black;\">Job Ticket</th>\r\n            <th style=\"border: 2px solid black;\">No Manifest</th>\r\n            <th style=\"border: 2px solid black;\">Project/Cycle/Jenis/Part</th>\r\n            <th style=\"border: 2px solid black;\">Qty</th>\r\n            <th style=\"border: 2px solid black;\">Ekspedisi/Service</th>\r\n            <th style=\"border: 2px solid black;\">Pickup by</th>\r\n            <th style=\"border: 2px solid black;\">Pickup date</th>\r\n        </thead>\r\n        <tbody>\r\n            <tr>\r\n                <td style=\"border: 2px solid black;\">SQL2021031208600061</td>\r\n                <td style=\"border: 2px solid black;\">597241</td>\r\n                <td style=\"border: 2px solid black;\">AUTO SURENDER-20210312-RG-1</td>\r\n                <td style=\"border: 2px solid black;\">1</td>\r\n                <td style=\"border: 2px solid black;\">HOLD SEQUIS/REGULER</td>\r\n                <td style=\"border: 2px solid black;\">Seno</td>\r\n                <td style=\"border: 2px solid black;\">2021-03-13</td>\r\n            </tr>\r\n        </tbody>\r\n    </table>\r\n    </p>\r\n    <p>Email ini dikirim secara otomatis, Mohon tidak membalas ke email ini. <br> <br> \r\n        Apabila ada pertanyaan bisa kontak ke <a href=\"tel:02129874400\">(021) 298 744 00</a> / <a href=\"tel:02122894620\">(021) 228 946 20</a> Whatsapp <a href=\"https://api.whatsapp.com/send?phone=628872905891\">628872905891</a>\r\n        atau melalui email <a href=\"mailto:admin-sales@xptlp.co.id\">admin-sales@xptlp.co.id</a>\r\n    </p>    \r\n</body>\r\n</html>',0,NULL,'2021-03-12 16:37:02','2021-03-12 16:37:02'),(10,'910689',NULL,'[TLP_Distribusi] Info Pengiriman Dokumen','<!DOCTYPE html>\r\n<html lang=\"en\">\r\n<head>\r\n    <meta charset=\"UTF-8\">\r\n    <meta name=\"viewport\" content=\"width=device-width, initial-scale=1.0\">\r\n    <title>Notification</title>\r\n</head>\r\n<body>\r\n    <p>Dear Team <strong>Sequis Life</strong></p>\r\n    <p>Berikut ini kami informasikan mengenai pengiriman dokumen sebagai berikut:</p>\r\n    <p>\r\n    <table style=\"border: 2px solid black; border-collapse: collapse; width: 100px;\">\r\n        <thead style=\"background-color: darkgray;\">\r\n            <th style=\"border: 2px solid black;\">Job Ticket</th>\r\n            <th style=\"border: 2px solid black;\">No Manifest</th>\r\n            <th style=\"border: 2px solid black;\">Project/Cycle/Jenis/Part</th>\r\n            <th style=\"border: 2px solid black;\">Qty</th>\r\n            <th style=\"border: 2px solid black;\">Ekspedisi/Service</th>\r\n            <th style=\"border: 2px solid black;\">Pickup by</th>\r\n            <th style=\"border: 2px solid black;\">Pickup date</th>\r\n        </thead>\r\n        <tbody>\r\n            <tr>\r\n                <td style=\"border: 2px solid black;\">SQL2021031008600059</td>\r\n                <td style=\"border: 2px solid black;\">910689</td>\r\n                <td style=\"border: 2px solid black;\">AUTO SURENDER-20210310-RG-1</td>\r\n                <td style=\"border: 2px solid black;\">108</td>\r\n                <td style=\"border: 2px solid black;\">SAP/REGULER</td>\r\n                <td style=\"border: 2px solid black;\">okay</td>\r\n                <td style=\"border: 2px solid black;\">2021-03-12</td>\r\n            </tr>\r\n        </tbody>\r\n    </table>\r\n    </p>\r\n    <p>Email ini dikirim secara otomatis, Mohon tidak membalas ke email ini. <br> <br> \r\n        Apabila ada pertanyaan bisa kontak ke <a href=\"tel:02129874400\">(021) 298 744 00</a> / <a href=\"tel:02122894620\">(021) 228 946 20</a> Whatsapp <a href=\"https://api.whatsapp.com/send?phone=628872905891\">628872905891</a>\r\n        atau melalui email <a href=\"mailto:admin-sales@xptlp.co.id\">admin-sales@xptlp.co.id</a>\r\n    </p>    \r\n</body>\r\n</html>',0,NULL,'2021-03-12 16:37:47','2021-03-12 16:37:47'),(11,'761612',NULL,'[TLP_Distribusi] Info Pengiriman Dokumen','<!DOCTYPE html>\r\n<html lang=\"en\">\r\n<head>\r\n    <meta charset=\"UTF-8\">\r\n    <meta name=\"viewport\" content=\"width=device-width, initial-scale=1.0\">\r\n    <title>Notification</title>\r\n</head>\r\n<body>\r\n    <p>Dear Team <strong>Sequis Life</strong></p>\r\n    <p>Berikut ini kami informasikan mengenai pengiriman dokumen sebagai berikut:</p>\r\n    <p>\r\n    <table style=\"border: 2px solid black; border-collapse: collapse; width: 100px;\">\r\n        <thead style=\"background-color: darkgray;\">\r\n            <th style=\"border: 2px solid black;\">Job Ticket</th>\r\n            <th style=\"border: 2px solid black;\">No Manifest</th>\r\n            <th style=\"border: 2px solid black;\">Project/Cycle/Jenis/Part</th>\r\n            <th style=\"border: 2px solid black;\">Qty</th>\r\n            <th style=\"border: 2px solid black;\">Ekspedisi/Service</th>\r\n            <th style=\"border: 2px solid black;\">Pickup by</th>\r\n            <th style=\"border: 2px solid black;\">Pickup date</th>\r\n        </thead>\r\n        <tbody>\r\n            <tr>\r\n                <td style=\"border: 2px solid black;\">SQL2021031208600061</td>\r\n                <td style=\"border: 2px solid black;\">761612</td>\r\n                <td style=\"border: 2px solid black;\">AUTO SURENDER-20210312-RG-1</td>\r\n                <td style=\"border: 2px solid black;\">107</td>\r\n                <td style=\"border: 2px solid black;\">SAP/REGULER</td>\r\n                <td style=\"border: 2px solid black;\">okay</td>\r\n                <td style=\"border: 2px solid black;\">2021-03-12</td>\r\n            </tr>\r\n        </tbody>\r\n    </table>\r\n    </p>\r\n    <p>Email ini dikirim secara otomatis, Mohon tidak membalas ke email ini. <br> <br> \r\n        Apabila ada pertanyaan bisa kontak ke <a href=\"tel:02129874400\">(021) 298 744 00</a> / <a href=\"tel:02122894620\">(021) 228 946 20</a> Whatsapp <a href=\"https://api.whatsapp.com/send?phone=628872905891\">628872905891</a>\r\n        atau melalui email <a href=\"mailto:admin-sales@xptlp.co.id\">admin-sales@xptlp.co.id</a>\r\n    </p>    \r\n</body>\r\n</html>',0,NULL,'2021-03-12 16:38:18','2021-03-12 16:38:18'),(12,'532002',NULL,'[TLP_Distribusi] Info Pengiriman Dokumen','<!DOCTYPE html>\r\n<html lang=\"en\">\r\n<head>\r\n    <meta charset=\"UTF-8\">\r\n    <meta name=\"viewport\" content=\"width=device-width, initial-scale=1.0\">\r\n    <title>Notification</title>\r\n</head>\r\n<body>\r\n    <p>Dear Team <strong>Sequis Life</strong></p>\r\n    <p>Berikut ini kami informasikan mengenai pengiriman dokumen sebagai berikut:</p>\r\n    <p>\r\n    <table style=\"border: 2px solid black; border-collapse: collapse; width: 100px;\">\r\n        <thead style=\"background-color: darkgray;\">\r\n            <th style=\"border: 2px solid black;\">Job Ticket</th>\r\n            <th style=\"border: 2px solid black;\">No Manifest</th>\r\n            <th style=\"border: 2px solid black;\">Project/Cycle/Jenis/Part</th>\r\n            <th style=\"border: 2px solid black;\">Qty</th>\r\n            <th style=\"border: 2px solid black;\">Ekspedisi/Service</th>\r\n            <th style=\"border: 2px solid black;\">Pickup by</th>\r\n            <th style=\"border: 2px solid black;\">Pickup date</th>\r\n        </thead>\r\n        <tbody>\r\n            <tr>\r\n                <td style=\"border: 2px solid black;\">SQL2021031508600062</td>\r\n                <td style=\"border: 2px solid black;\">532002</td>\r\n                <td style=\"border: 2px solid black;\">AUTO SURENDER-20210315-RG-1</td>\r\n                <td style=\"border: 2px solid black;\">108</td>\r\n                <td style=\"border: 2px solid black;\">SAP/REGULER</td>\r\n                <td style=\"border: 2px solid black;\">Seno</td>\r\n                <td style=\"border: 2px solid black;\">2021-03-15</td>\r\n            </tr>\r\n        </tbody>\r\n    </table>\r\n    </p>\r\n    <p>Email ini dikirim secara otomatis, Mohon tidak membalas ke email ini. <br> <br> \r\n        Apabila ada pertanyaan bisa kontak ke <a href=\"tel:02129874400\">(021) 298 744 00</a> / <a href=\"tel:02122894620\">(021) 228 946 20</a> Whatsapp <a href=\"https://api.whatsapp.com/send?phone=628872905891\">628872905891</a>\r\n        atau melalui email <a href=\"mailto:admin-sales@xptlp.co.id\">admin-sales@xptlp.co.id</a>\r\n    </p>    \r\n</body>\r\n</html>',0,NULL,'2021-03-15 09:57:09','2021-03-15 09:57:09'),(13,'984766',NULL,'[TLP_Distribusi] Info Pengiriman Dokumen','<!DOCTYPE html>\r\n<html lang=\"en\">\r\n<head>\r\n    <meta charset=\"UTF-8\">\r\n    <meta name=\"viewport\" content=\"width=device-width, initial-scale=1.0\">\r\n    <title>Notification</title>\r\n</head>\r\n<body>\r\n    <p>Dear Team <strong>Sequis Life</strong></p>\r\n    <p>Berikut ini kami informasikan mengenai pengiriman dokumen sebagai berikut:</p>\r\n    <p>\r\n    <table style=\"border: 2px solid black; border-collapse: collapse; width: 100px;\">\r\n        <thead style=\"background-color: darkgray;\">\r\n            <th style=\"border: 2px solid black;\">Job Ticket</th>\r\n            <th style=\"border: 2px solid black;\">No Manifest</th>\r\n            <th style=\"border: 2px solid black;\">Project/Cycle/Jenis/Part</th>\r\n            <th style=\"border: 2px solid black;\">Qty</th>\r\n            <th style=\"border: 2px solid black;\">Ekspedisi/Service</th>\r\n            <th style=\"border: 2px solid black;\">Pickup by</th>\r\n            <th style=\"border: 2px solid black;\">Pickup date</th>\r\n        </thead>\r\n        <tbody>\r\n            <tr>\r\n                <td style=\"border: 2px solid black;\">SQL2021031508600063</td>\r\n                <td style=\"border: 2px solid black;\">984766</td>\r\n                <td style=\"border: 2px solid black;\">AUTO SURENDER-20210315-REG-1</td>\r\n                <td style=\"border: 2px solid black;\">108</td>\r\n                <td style=\"border: 2px solid black;\">SAP/REGULER</td>\r\n                <td style=\"border: 2px solid black;\">Abel</td>\r\n                <td style=\"border: 2px solid black;\">2021-03-15</td>\r\n            </tr>\r\n        </tbody>\r\n    </table>\r\n    </p>\r\n    <p>Email ini dikirim secara otomatis, Mohon tidak membalas ke email ini. <br> <br> \r\n        Apabila ada pertanyaan bisa kontak ke <a href=\"tel:02129874400\">(021) 298 744 00</a> / <a href=\"tel:02122894620\">(021) 228 946 20</a> Whatsapp <a href=\"https://api.whatsapp.com/send?phone=628872905891\">628872905891</a>\r\n        atau melalui email <a href=\"mailto:admin-sales@xptlp.co.id\">admin-sales@xptlp.co.id</a>\r\n    </p>    \r\n</body>\r\n</html>',0,NULL,'2021-03-15 11:23:04','2021-03-15 11:23:04'),(14,'486844',NULL,'[TLP_Distribusi] Info Pengiriman Dokumen','<!DOCTYPE html>\r\n<html lang=\"en\">\r\n<head>\r\n    <meta charset=\"UTF-8\">\r\n    <meta name=\"viewport\" content=\"width=device-width, initial-scale=1.0\">\r\n    <title>Notification</title>\r\n</head>\r\n<body>\r\n    <p>Dear Team <strong>Bumi Putera</strong></p>\r\n    <p>Berikut ini kami informasikan mengenai pengiriman dokumen sebagai berikut:</p>\r\n    <p>\r\n    <table style=\"border: 2px solid black; border-collapse: collapse; width: 100px;\">\r\n        <thead style=\"background-color: darkgray;\">\r\n            <th style=\"border: 2px solid black;\">Job Ticket</th>\r\n            <th style=\"border: 2px solid black;\">No Manifest</th>\r\n            <th style=\"border: 2px solid black;\">Project/Cycle/Jenis/Part</th>\r\n            <th style=\"border: 2px solid black;\">Qty</th>\r\n            <th style=\"border: 2px solid black;\">Ekspedisi/Service</th>\r\n            <th style=\"border: 2px solid black;\">Pickup by</th>\r\n            <th style=\"border: 2px solid black;\">Pickup date</th>\r\n        </thead>\r\n        <tbody>\r\n            <tr>\r\n                <td style=\"border: 2px solid black;\">BP2021031603300065</td>\r\n                <td style=\"border: 2px solid black;\">486844</td>\r\n                <td style=\"border: 2px solid black;\">POLIS A4-20210316-RG-1</td>\r\n                <td style=\"border: 2px solid black;\">3</td>\r\n                <td style=\"border: 2px solid black;\">KGP/REGULER</td>\r\n                <td style=\"border: 2px solid black;\">Seno</td>\r\n                <td style=\"border: 2px solid black;\">2021-03-16</td>\r\n            </tr>\r\n        </tbody>\r\n    </table>\r\n    </p>\r\n    <p>Email ini dikirim secara otomatis, Mohon tidak membalas ke email ini. <br> <br> \r\n        Apabila ada pertanyaan bisa kontak ke <a href=\"tel:02129874400\">(021) 298 744 00</a> / <a href=\"tel:02122894620\">(021) 228 946 20</a> Whatsapp <a href=\"https://api.whatsapp.com/send?phone=628872905891\">628872905891</a>\r\n        atau melalui email <a href=\"mailto:admin-sales@xptlp.co.id\">admin-sales@xptlp.co.id</a>\r\n    </p>    \r\n</body>\r\n</html>',0,NULL,'2021-03-16 19:03:26','2021-03-16 19:03:26');

/*Table structure for table `file_approval` */

DROP TABLE IF EXISTS `file_approval`;

CREATE TABLE `file_approval` (
  `file_id` int(11) NOT NULL,
  `file_name` varchar(191) COLLATE utf8mb4_unicode_ci NOT NULL,
  `path_file` varchar(191) COLLATE utf8mb4_unicode_ci NOT NULL,
  `note` varchar(50) COLLATE utf8mb4_unicode_ci DEFAULT NULL,
  `created_at` timestamp NULL DEFAULT NULL,
  `updated_at` timestamp NULL DEFAULT NULL,
  PRIMARY KEY (`file_id`)
) ENGINE=InnoDB DEFAULT CHARSET=utf8mb4 COLLATE=utf8mb4_unicode_ci;

/*Data for the table `file_approval` */

insert  into `file_approval`(`file_id`,`file_name`,`path_file`,`note`,`created_at`,`updated_at`) values (3,'Downloaded from THEMELOCK.COM.txt','/var/www/production/storage/app/uploaded/approvalFiles\\3','ok',NULL,'2021-01-27 16:11:29'),(4,'fwd_html.html','/var/www/production/storage/app/uploaded/approvalFiles\\4','mohon di app',NULL,'2021-03-15 10:46:05');

/*Table structure for table `file_approved` */

DROP TABLE IF EXISTS `file_approved`;

CREATE TABLE `file_approved` (
  `file_id` int(11) NOT NULL,
  `file_name` varchar(191) COLLATE utf8mb4_unicode_ci NOT NULL,
  `path_file` varchar(191) COLLATE utf8mb4_unicode_ci NOT NULL,
  `note` varchar(50) COLLATE utf8mb4_unicode_ci DEFAULT NULL,
  `created_at` timestamp NULL DEFAULT NULL,
  `updated_at` timestamp NULL DEFAULT NULL,
  PRIMARY KEY (`file_id`)
) ENGINE=InnoDB DEFAULT CHARSET=utf8mb4 COLLATE=utf8mb4_unicode_ci;

/*Data for the table `file_approved` */

/*Table structure for table `file_inc_components` */

DROP TABLE IF EXISTS `file_inc_components`;

CREATE TABLE `file_inc_components` (
  `file_id` int(11) NOT NULL AUTO_INCREMENT,
  `file_po` varchar(200) COLLATE utf8mb4_unicode_ci NOT NULL,
  `file_name` varchar(191) COLLATE utf8mb4_unicode_ci NOT NULL,
  `path_file` varchar(191) COLLATE utf8mb4_unicode_ci NOT NULL,
  `created_at` timestamp NULL DEFAULT NULL,
  `updated_at` timestamp NULL DEFAULT NULL,
  PRIMARY KEY (`file_id`)
) ENGINE=InnoDB AUTO_INCREMENT=5 DEFAULT CHARSET=utf8mb4 COLLATE=utf8mb4_unicode_ci;

/*Data for the table `file_inc_components` */

insert  into `file_inc_components`(`file_id`,`file_po`,`file_name`,`path_file`,`created_at`,`updated_at`) values (1,'202102260PO00006','bdy.html','/var/www/production/storage/app/uploaded/po\\202102260PO00006','2021-02-26 11:25:11',NULL),(2,'202102260PO00006','fwd_html.html','/var/www/production/storage/app/uploaded/po\\202102260PO00006','2021-02-26 11:36:36',NULL),(3,'202103050PO00007','LOGO_TLP.png','/var/www/production/storage/app/uploaded/po\\202103050PO00007','2021-03-05 09:56:10',NULL),(4,'202103050PO00007','LOGO_TLP.png','/var/www/production/storage/app/uploaded/po\\202103050PO00007','2021-03-05 09:58:15',NULL);

/*Table structure for table `file_invoice` */

DROP TABLE IF EXISTS `file_invoice`;

CREATE TABLE `file_invoice` (
  `file_id` int(11) NOT NULL AUTO_INCREMENT,
  `invoice_id` varchar(200) COLLATE utf8mb4_unicode_ci NOT NULL,
  `file_name` varchar(191) COLLATE utf8mb4_unicode_ci NOT NULL,
  `path_file` varchar(191) COLLATE utf8mb4_unicode_ci NOT NULL,
  `created_at` timestamp NULL DEFAULT NULL,
  `updated_at` timestamp NULL DEFAULT NULL,
  `note` varchar(250) COLLATE utf8mb4_unicode_ci DEFAULT NULL,
  PRIMARY KEY (`file_id`)
) ENGINE=InnoDB AUTO_INCREMENT=3 DEFAULT CHARSET=utf8mb4 COLLATE=utf8mb4_unicode_ci;

/*Data for the table `file_invoice` */

insert  into `file_invoice`(`file_id`,`invoice_id`,`file_name`,`path_file`,`created_at`,`updated_at`,`note`) values (1,'4','New Dpp Psikometri 2018.xls','/var/www/production/storage/app/uploaded/invoice\\4','2021-01-29 15:12:34',NULL,'ok'),(2,'6','halal-mui-logo.png','/var/www/production/storage/app/uploaded/invoice\\6','2021-02-03 17:09:17',NULL,'sudah bayar');

/*Table structure for table `incoming_components` */

DROP TABLE IF EXISTS `incoming_components`;

CREATE TABLE `incoming_components` (
  `no_po` varchar(200) NOT NULL,
  `vendor_id` int(11) DEFAULT NULL,
  `input_id` int(11) DEFAULT NULL,
  `complete` int(11) DEFAULT 0,
  `tgl_po` date DEFAULT NULL,
  `print` int(11) DEFAULT 0,
  PRIMARY KEY (`no_po`)
) ENGINE=InnoDB DEFAULT CHARSET=utf8mb4;

/*Data for the table `incoming_components` */

insert  into `incoming_components`(`no_po`,`vendor_id`,`input_id`,`complete`,`tgl_po`,`print`) values ('202103100PO00012',1,3,1,'2021-03-10',1);

/*Table structure for table `incoming_components_detail` */

DROP TABLE IF EXISTS `incoming_components_detail`;

CREATE TABLE `incoming_components_detail` (
  `id` int(11) NOT NULL AUTO_INCREMENT,
  `incoming_components_po` varchar(200) DEFAULT NULL,
  `components_id` int(11) DEFAULT NULL,
  `components_price` decimal(9,2) DEFAULT 0.00,
  `qty_order` bigint(20) DEFAULT NULL,
  `qty_arrive` bigint(20) DEFAULT 0,
  `complete` int(11) DEFAULT 0,
  `created_at` datetime DEFAULT NULL,
  `updated_at` datetime DEFAULT NULL,
  PRIMARY KEY (`id`)
) ENGINE=InnoDB AUTO_INCREMENT=49 DEFAULT CHARSET=utf8mb4;

/*Data for the table `incoming_components_detail` */

insert  into `incoming_components_detail`(`id`,`incoming_components_po`,`components_id`,`components_price`,`qty_order`,`qty_arrive`,`complete`,`created_at`,`updated_at`) values (35,'202103100PO00012',7,'100.00',50,50,1,'2021-03-10 17:41:21','2021-03-10 17:41:21');

/*Table structure for table `incoming_data` */

DROP TABLE IF EXISTS `incoming_data`;

CREATE TABLE `incoming_data` (
  `id` int(10) unsigned NOT NULL AUTO_INCREMENT,
  `ticket` varchar(50) COLLATE utf8mb4_unicode_ci NOT NULL,
  `cycle` varchar(15) COLLATE utf8mb4_unicode_ci NOT NULL,
  `part` varchar(5) COLLATE utf8mb4_unicode_ci NOT NULL,
  `jenis` varchar(25) COLLATE utf8mb4_unicode_ci NOT NULL,
  `project_id` int(11) NOT NULL,
  `file_name` varchar(191) COLLATE utf8mb4_unicode_ci NOT NULL,
  `path_file` varchar(191) COLLATE utf8mb4_unicode_ci NOT NULL,
  `method_id` int(11) NOT NULL,
  `info` varchar(500) COLLATE utf8mb4_unicode_ci NOT NULL,
  `current_status_id` varchar(191) COLLATE utf8mb4_unicode_ci NOT NULL,
  `current_status_result_id` int(11) DEFAULT NULL,
  `next_status_id` varchar(191) COLLATE utf8mb4_unicode_ci NOT NULL,
  `created_by` int(11) NOT NULL,
  `updated_by` int(11) NOT NULL,
  `created_at` timestamp NULL DEFAULT NULL,
  `updated_at` timestamp NULL DEFAULT NULL,
  PRIMARY KEY (`id`),
  KEY `incoming_data_ticket_index` (`ticket`),
  KEY `incoming_data_project_id_index` (`project_id`),
  KEY `incoming_data_created_by_index` (`created_by`),
  KEY `incoming_data_cycle_index` (`cycle`),
  KEY `incoming_data_part_index` (`part`),
  KEY `incoming_data_jenis_index` (`jenis`)
) ENGINE=InnoDB AUTO_INCREMENT=5 DEFAULT CHARSET=utf8mb4 COLLATE=utf8mb4_unicode_ci;

/*Data for the table `incoming_data` */

/*Table structure for table `invoice` */

DROP TABLE IF EXISTS `invoice`;

CREATE TABLE `invoice` (
  `id` int(11) NOT NULL AUTO_INCREMENT,
  `no_inv` varchar(80) COLLATE utf8mb4_unicode_ci DEFAULT NULL,
  `projects_id` int(11) DEFAULT NULL,
  `current_status` int(11) DEFAULT NULL,
  `generate_date` date NOT NULL,
  `jatuhtempo_date` date DEFAULT NULL,
  `materai` bigint(20) DEFAULT NULL,
  `ppn` bigint(20) DEFAULT NULL,
  `pkp` tinyint(1) DEFAULT 0,
  `bkn_pkp` tinyint(1) DEFAULT 0,
  `tunai` tinyint(1) DEFAULT 0,
  `kredit` tinyint(1) DEFAULT 0,
  `created_id` int(11) DEFAULT NULL,
  `updated_id` int(11) DEFAULT NULL,
  `updated_at` datetime DEFAULT NULL,
  `pay_date` date DEFAULT NULL,
  `from_date` date DEFAULT NULL,
  `until_date` date DEFAULT NULL,
  `period` varchar(25) COLLATE utf8mb4_unicode_ci DEFAULT NULL,
  `note` varchar(250) COLLATE utf8mb4_unicode_ci DEFAULT NULL,
  PRIMARY KEY (`id`)
) ENGINE=InnoDB AUTO_INCREMENT=10 DEFAULT CHARSET=utf8mb4 COLLATE=utf8mb4_unicode_ci;

/*Data for the table `invoice` */

insert  into `invoice`(`id`,`no_inv`,`projects_id`,`current_status`,`generate_date`,`jatuhtempo_date`,`materai`,`ppn`,`pkp`,`bkn_pkp`,`tunai`,`kredit`,`created_id`,`updated_id`,`updated_at`,`pay_date`,`from_date`,`until_date`,`period`,`note`) values (7,'00007/INV-TLP/III/2021',86,17,'2021-03-12','2021-03-26',10000,10,1,0,0,1,3,NULL,NULL,NULL,'2021-03-01','2021-03-31','March 2021',NULL),(8,'00008/INV-TLP/III/2021',86,17,'2021-03-15','2021-03-29',0,10,1,0,0,1,3,NULL,NULL,NULL,'2021-03-15','2021-03-15','March 2021',NULL),(9,'I2021030009',33,18,'2021-03-17','2021-03-31',0,10,1,0,0,1,3,3,'2021-03-17 10:14:53','2021-03-17','2021-03-16','2021-03-16','March 2021',NULL);

/*Table structure for table `manifest` */

DROP TABLE IF EXISTS `manifest`;

CREATE TABLE `manifest` (
  `no_manifest` varchar(35) COLLATE utf8mb4_unicode_ci NOT NULL,
  `production_id` int(11) NOT NULL,
  `cycle` varchar(25) COLLATE utf8mb4_unicode_ci NOT NULL,
  `part` varchar(5) COLLATE utf8mb4_unicode_ci NOT NULL,
  `jenis` varchar(25) COLLATE utf8mb4_unicode_ci NOT NULL,
  `ekspedisi` varchar(35) COLLATE utf8mb4_unicode_ci NOT NULL,
  `service` varchar(35) COLLATE utf8mb4_unicode_ci NOT NULL,
  `print` tinyint(4) NOT NULL DEFAULT 0,
  `tgl_kirim` date DEFAULT NULL,
  `created_by` int(11) NOT NULL,
  `updated_by` int(11) NOT NULL DEFAULT 0,
  `created_at` timestamp NULL DEFAULT NULL,
  `updated_at` timestamp NULL DEFAULT NULL,
  `nama_kurir` varchar(90) COLLATE utf8mb4_unicode_ci NOT NULL,
  KEY `manifest_no_manifest_index` (`no_manifest`),
  KEY `manifest_part_index` (`part`)
) ENGINE=InnoDB DEFAULT CHARSET=utf8mb4 COLLATE=utf8mb4_unicode_ci;

/*Data for the table `manifest` */

insert  into `manifest`(`no_manifest`,`production_id`,`cycle`,`part`,`jenis`,`ekspedisi`,`service`,`print`,`tgl_kirim`,`created_by`,`updated_by`,`created_at`,`updated_at`,`nama_kurir`) values ('705186',67,'20210401','1','RG','NCS','Reguler',1,'2021-04-01',3,0,'2021-04-01 10:20:32',NULL,'ukay');

/*Table structure for table `master` */

DROP TABLE IF EXISTS `master`;

CREATE TABLE `master` (
  `id` int(10) unsigned NOT NULL AUTO_INCREMENT,
  `no_polis` varchar(35) COLLATE utf8mb4_unicode_ci NOT NULL,
  `cycle` varchar(15) COLLATE utf8mb4_unicode_ci NOT NULL,
  `part` varchar(5) COLLATE utf8mb4_unicode_ci NOT NULL,
  `tgl_order` varchar(191) COLLATE utf8mb4_unicode_ci NOT NULL,
  `nama_penerima` varchar(191) COLLATE utf8mb4_unicode_ci NOT NULL,
  `ori_add` varchar(191) COLLATE utf8mb4_unicode_ci NOT NULL,
  `copy_add` varchar(191) COLLATE utf8mb4_unicode_ci NOT NULL,
  `wording` varchar(50) COLLATE utf8mb4_unicode_ci NOT NULL,
  `document_type` varchar(35) COLLATE utf8mb4_unicode_ci NOT NULL,
  `toc_product` varchar(15) COLLATE utf8mb4_unicode_ci NOT NULL,
  `ekspedisi` varchar(45) COLLATE utf8mb4_unicode_ci NOT NULL,
  `service` varchar(35) COLLATE utf8mb4_unicode_ci NOT NULL,
  `jumlah` int(11) NOT NULL,
  `no_awb` varchar(30) COLLATE utf8mb4_unicode_ci NOT NULL,
  `scan_qc` tinyint(4) DEFAULT 0,
  `date_scan_qc` datetime DEFAULT NULL,
  `scan_distribusi` tinyint(4) DEFAULT 0,
  `date_scan_distribusi` datetime DEFAULT NULL,
  `no_manifest` varchar(35) COLLATE utf8mb4_unicode_ci NOT NULL DEFAULT '',
  `desc` varchar(100) COLLATE utf8mb4_unicode_ci DEFAULT NULL,
  `created_at` timestamp NULL DEFAULT NULL,
  `updated_at` timestamp NULL DEFAULT NULL,
  PRIMARY KEY (`id`),
  KEY `master_no_awb_no_polis_part_cycle_index` (`no_awb`,`no_polis`,`part`,`cycle`),
  KEY `master_no_manifest_index` (`no_manifest`),
  KEY `master_no_polis_index` (`no_polis`)
) ENGINE=InnoDB DEFAULT CHARSET=utf8mb4 COLLATE=utf8mb4_unicode_ci;

/*Data for the table `master` */

/*Table structure for table `master_value` */

DROP TABLE IF EXISTS `master_value`;

CREATE TABLE `master_value` (
  `id` int(10) unsigned NOT NULL AUTO_INCREMENT,
  `code` varchar(15) COLLATE utf8mb4_unicode_ci NOT NULL,
  `name` varchar(150) COLLATE utf8mb4_unicode_ci NOT NULL,
  `flag` varchar(15) COLLATE utf8mb4_unicode_ci NOT NULL,
  `created_at` timestamp NULL DEFAULT NULL,
  `updated_at` timestamp NULL DEFAULT NULL,
  PRIMARY KEY (`id`),
  KEY `master_value_name_index` (`name`)
) ENGINE=InnoDB AUTO_INCREMENT=11 DEFAULT CHARSET=utf8mb4 COLLATE=utf8mb4_unicode_ci;

/*Data for the table `master_value` */

insert  into `master_value`(`id`,`code`,`name`,`flag`,`created_at`,`updated_at`) values (1,'jasa','JASA','group-component','2020-08-11 06:11:38',NULL),(2,'material','MATERIAL','group-component','2020-08-11 06:11:52',NULL),(3,'1','1','part',NULL,NULL),(4,'2','2','part',NULL,NULL),(5,'3','3','part',NULL,NULL),(6,'4','4','part',NULL,NULL),(7,'5','5','part',NULL,NULL),(8,'RG','Reguler','jenis',NULL,NULL),(9,'CU','Cetak Ulang','jenis',NULL,NULL),(10,'SU','Susulan','jenis',NULL,NULL);

/*Table structure for table `menu_to_user` */

DROP TABLE IF EXISTS `menu_to_user`;

CREATE TABLE `menu_to_user` (
  `user_id` int(11) NOT NULL,
  `menu_id` int(11) NOT NULL,
  `created_at` timestamp NULL DEFAULT NULL,
  `updated_at` timestamp NULL DEFAULT NULL
) ENGINE=InnoDB DEFAULT CHARSET=utf8mb4 COLLATE=utf8mb4_unicode_ci;

/*Data for the table `menu_to_user` */

insert  into `menu_to_user`(`user_id`,`menu_id`,`created_at`,`updated_at`) values (2,1,'2020-07-01 18:54:03','2020-07-01 18:54:03'),(2,2,'2020-07-01 18:54:04','2020-07-01 18:54:04'),(2,3,'2020-07-01 18:54:04','2020-07-01 18:54:04'),(2,4,'2020-07-01 18:54:04','2020-07-01 18:54:04'),(2,5,'2020-07-01 18:54:04','2020-07-01 18:54:04'),(2,6,'2020-07-01 18:54:04','2020-07-01 18:54:04'),(2,7,'2020-07-01 18:54:04','2020-07-01 18:54:04'),(2,8,'2020-07-01 18:54:04','2020-07-01 18:54:04'),(2,9,'2020-07-01 18:54:04','2020-07-01 18:54:04'),(2,10,'2020-07-01 18:54:04','2020-07-01 18:54:04'),(2,23,'2020-07-01 18:54:04','2020-07-01 18:54:04'),(2,11,'2020-07-01 18:54:04','2020-07-01 18:54:04'),(2,12,'2020-07-01 18:54:04','2020-07-01 18:54:04'),(2,13,'2020-07-01 18:54:04','2020-07-01 18:54:04'),(2,24,'2020-07-01 18:54:04','2020-07-01 18:54:04'),(2,25,'2020-07-01 18:54:04','2020-07-01 18:54:04'),(2,26,'2020-07-01 18:54:04','2020-07-01 18:54:04'),(2,27,'2020-07-01 18:54:05','2020-07-01 18:54:05'),(2,14,'2020-07-01 18:54:05','2020-07-01 18:54:05'),(2,15,'2020-07-01 18:54:05','2020-07-01 18:54:05'),(2,17,'2020-07-01 18:54:05','2020-07-01 18:54:05'),(2,19,'2020-07-01 18:54:05','2020-07-01 18:54:05'),(2,21,'2020-07-01 18:54:05','2020-07-01 18:54:05'),(2,28,'2020-07-01 18:54:05','2020-07-01 18:54:05'),(2,29,'2020-07-01 18:54:05','2020-07-01 18:54:05'),(2,30,'2020-07-01 18:54:05','2020-07-01 18:54:05'),(2,31,'2020-07-01 18:54:05','2020-07-01 18:54:05'),(11,1,'2021-03-25 18:32:48','2021-03-25 18:32:48'),(11,2,'2021-03-25 18:32:48','2021-03-25 18:32:48'),(11,5,'2021-03-25 18:32:48','2021-03-25 18:32:48'),(11,6,'2021-03-25 18:32:48','2021-03-25 18:32:48'),(11,7,'2021-03-25 18:32:48','2021-03-25 18:32:48'),(11,8,'2021-03-25 18:32:48','2021-03-25 18:32:48'),(11,36,'2021-03-25 18:32:48','2021-03-25 18:32:48'),(11,14,'2021-03-25 18:32:48','2021-03-25 18:32:48'),(11,21,'2021-03-25 18:32:48','2021-03-25 18:32:48'),(11,49,'2021-03-25 18:32:48','2021-03-25 18:32:48'),(11,39,'2021-03-25 18:32:48','2021-03-25 18:32:48'),(11,40,'2021-03-25 18:32:48','2021-03-25 18:32:48'),(11,41,'2021-03-25 18:32:48','2021-03-25 18:32:48'),(11,47,'2021-03-25 18:32:48','2021-03-25 18:32:48'),(3,1,'2021-03-25 18:33:02','2021-03-25 18:33:02'),(3,2,'2021-03-25 18:33:02','2021-03-25 18:33:02'),(3,5,'2021-03-25 18:33:02','2021-03-25 18:33:02'),(3,6,'2021-03-25 18:33:02','2021-03-25 18:33:02'),(3,3,'2021-03-25 18:33:02','2021-03-25 18:33:02'),(3,4,'2021-03-25 18:33:02','2021-03-25 18:33:02'),(3,7,'2021-03-25 18:33:02','2021-03-25 18:33:02'),(3,8,'2021-03-25 18:33:02','2021-03-25 18:33:02'),(3,9,'2021-03-25 18:33:02','2021-03-25 18:33:02'),(3,10,'2021-03-25 18:33:02','2021-03-25 18:33:02'),(3,23,'2021-03-25 18:33:02','2021-03-25 18:33:02'),(3,36,'2021-03-25 18:33:02','2021-03-25 18:33:02'),(3,11,'2021-03-25 18:33:02','2021-03-25 18:33:02'),(3,12,'2021-03-25 18:33:02','2021-03-25 18:33:02'),(3,13,'2021-03-25 18:33:02','2021-03-25 18:33:02'),(3,24,'2021-03-25 18:33:02','2021-03-25 18:33:02'),(3,25,'2021-03-25 18:33:02','2021-03-25 18:33:02'),(3,26,'2021-03-25 18:33:03','2021-03-25 18:33:03'),(3,27,'2021-03-25 18:33:03','2021-03-25 18:33:03'),(3,14,'2021-03-25 18:33:03','2021-03-25 18:33:03'),(3,15,'2021-03-25 18:33:03','2021-03-25 18:33:03'),(3,17,'2021-03-25 18:33:03','2021-03-25 18:33:03'),(3,19,'2021-03-25 18:33:03','2021-03-25 18:33:03'),(3,21,'2021-03-25 18:33:03','2021-03-25 18:33:03'),(3,49,'2021-03-25 18:33:03','2021-03-25 18:33:03'),(3,28,'2021-03-25 18:33:03','2021-03-25 18:33:03'),(3,29,'2021-03-25 18:33:03','2021-03-25 18:33:03'),(3,30,'2021-03-25 18:33:03','2021-03-25 18:33:03'),(3,31,'2021-03-25 18:33:03','2021-03-25 18:33:03'),(3,32,'2021-03-25 18:33:03','2021-03-25 18:33:03'),(3,48,'2021-03-25 18:33:03','2021-03-25 18:33:03'),(3,33,'2021-03-25 18:33:03','2021-03-25 18:33:03'),(3,34,'2021-03-25 18:33:03','2021-03-25 18:33:03'),(3,35,'2021-03-25 18:33:03','2021-03-25 18:33:03'),(3,37,'2021-03-25 18:33:03','2021-03-25 18:33:03'),(3,38,'2021-03-25 18:33:04','2021-03-25 18:33:04'),(3,42,'2021-03-25 18:33:04','2021-03-25 18:33:04'),(3,43,'2021-03-25 18:33:04','2021-03-25 18:33:04'),(3,39,'2021-03-25 18:33:04','2021-03-25 18:33:04'),(3,40,'2021-03-25 18:33:04','2021-03-25 18:33:04'),(3,41,'2021-03-25 18:33:04','2021-03-25 18:33:04'),(3,44,'2021-03-25 18:33:04','2021-03-25 18:33:04'),(3,45,'2021-03-25 18:33:04','2021-03-25 18:33:04'),(3,46,'2021-03-25 18:33:04','2021-03-25 18:33:04'),(3,47,NULL,NULL),(12,1,'2021-03-25 18:48:56','2021-03-25 18:48:56'),(12,2,'2021-03-25 18:48:57','2021-03-25 18:48:57'),(12,5,'2021-03-25 18:48:57','2021-03-25 18:48:57'),(12,6,'2021-03-25 18:48:57','2021-03-25 18:48:57'),(12,7,'2021-03-25 18:48:57','2021-03-25 18:48:57'),(12,8,'2021-03-25 18:48:57','2021-03-25 18:48:57'),(12,23,'2021-03-25 18:48:57','2021-03-25 18:48:57'),(12,36,'2021-03-25 18:48:57','2021-03-25 18:48:57'),(12,33,'2021-03-25 18:48:57','2021-03-25 18:48:57'),(12,34,'2021-03-25 18:48:57','2021-03-25 18:48:57'),(12,35,'2021-03-25 18:48:57','2021-03-25 18:48:57'),(12,37,'2021-03-25 18:48:57','2021-03-25 18:48:57'),(12,38,'2021-03-25 18:48:57','2021-03-25 18:48:57'),(12,42,'2021-03-25 18:48:57','2021-03-25 18:48:57'),(12,43,'2021-03-25 18:48:57','2021-03-25 18:48:57'),(12,39,'2021-03-25 18:48:57','2021-03-25 18:48:57'),(12,40,'2021-03-25 18:48:57','2021-03-25 18:48:57'),(12,41,'2021-03-25 18:48:57','2021-03-25 18:48:57'),(12,47,'2021-03-25 18:48:57','2021-03-25 18:48:57'),(13,1,'2021-03-25 18:49:44','2021-03-25 18:49:44'),(13,2,'2021-03-25 18:49:44','2021-03-25 18:49:44'),(13,5,'2021-03-25 18:49:44','2021-03-25 18:49:44'),(13,6,'2021-03-25 18:49:44','2021-03-25 18:49:44'),(13,8,'2021-03-25 18:49:44','2021-03-25 18:49:44'),(13,14,'2021-03-25 18:49:44','2021-03-25 18:49:44'),(13,15,'2021-03-25 18:49:44','2021-03-25 18:49:44'),(13,49,'2021-03-25 18:49:44','2021-03-25 18:49:44'),(13,47,'2021-03-25 18:49:44','2021-03-25 18:49:44'),(14,1,'2021-03-25 18:50:36','2021-03-25 18:50:36'),(14,2,'2021-03-25 18:50:37','2021-03-25 18:50:37'),(14,5,'2021-03-25 18:50:37','2021-03-25 18:50:37'),(14,6,'2021-03-25 18:50:37','2021-03-25 18:50:37'),(14,3,'2021-03-25 18:50:37','2021-03-25 18:50:37'),(14,4,'2021-03-25 18:50:37','2021-03-25 18:50:37'),(14,7,'2021-03-25 18:50:37','2021-03-25 18:50:37'),(14,8,'2021-03-25 18:50:37','2021-03-25 18:50:37'),(14,9,'2021-03-25 18:50:37','2021-03-25 18:50:37'),(14,10,'2021-03-25 18:50:37','2021-03-25 18:50:37'),(14,23,'2021-03-25 18:50:38','2021-03-25 18:50:38'),(14,36,'2021-03-25 18:50:38','2021-03-25 18:50:38'),(14,11,'2021-03-25 18:50:38','2021-03-25 18:50:38'),(14,12,'2021-03-25 18:50:38','2021-03-25 18:50:38'),(14,13,'2021-03-25 18:50:38','2021-03-25 18:50:38'),(14,24,'2021-03-25 18:50:38','2021-03-25 18:50:38'),(14,25,'2021-03-25 18:50:38','2021-03-25 18:50:38'),(14,26,'2021-03-25 18:50:38','2021-03-25 18:50:38'),(14,27,'2021-03-25 18:50:39','2021-03-25 18:50:39'),(14,14,'2021-03-25 18:50:39','2021-03-25 18:50:39'),(14,15,'2021-03-25 18:50:39','2021-03-25 18:50:39'),(14,17,'2021-03-25 18:50:39','2021-03-25 18:50:39'),(14,19,'2021-03-25 18:50:39','2021-03-25 18:50:39'),(14,21,'2021-03-25 18:50:39','2021-03-25 18:50:39'),(14,49,'2021-03-25 18:50:39','2021-03-25 18:50:39'),(14,28,'2021-03-25 18:50:40','2021-03-25 18:50:40'),(14,29,'2021-03-25 18:50:40','2021-03-25 18:50:40'),(14,30,'2021-03-25 18:50:40','2021-03-25 18:50:40'),(14,31,'2021-03-25 18:50:40','2021-03-25 18:50:40'),(14,32,'2021-03-25 18:50:40','2021-03-25 18:50:40'),(14,48,'2021-03-25 18:50:40','2021-03-25 18:50:40'),(14,33,'2021-03-25 18:50:40','2021-03-25 18:50:40'),(14,34,'2021-03-25 18:50:40','2021-03-25 18:50:40'),(14,35,'2021-03-25 18:50:40','2021-03-25 18:50:40'),(14,37,'2021-03-25 18:50:40','2021-03-25 18:50:40'),(14,38,'2021-03-25 18:50:40','2021-03-25 18:50:40'),(14,42,'2021-03-25 18:50:40','2021-03-25 18:50:40'),(14,43,'2021-03-25 18:50:40','2021-03-25 18:50:40'),(14,39,'2021-03-25 18:50:40','2021-03-25 18:50:40'),(14,40,'2021-03-25 18:50:41','2021-03-25 18:50:41'),(14,41,'2021-03-25 18:50:41','2021-03-25 18:50:41'),(14,44,'2021-03-25 18:50:41','2021-03-25 18:50:41'),(14,45,'2021-03-25 18:50:41','2021-03-25 18:50:41'),(14,46,'2021-03-25 18:50:41','2021-03-25 18:50:41'),(14,47,'2021-03-25 18:50:41','2021-03-25 18:50:41'),(15,1,'2021-03-25 18:51:11','2021-03-25 18:51:11'),(15,2,'2021-03-25 18:51:11','2021-03-25 18:51:11'),(15,5,'2021-03-25 18:51:11','2021-03-25 18:51:11'),(15,14,'2021-03-25 18:51:11','2021-03-25 18:51:11'),(15,17,'2021-03-25 18:51:11','2021-03-25 18:51:11'),(15,47,'2021-03-25 18:51:12','2021-03-25 18:51:12'),(16,1,'2021-03-25 18:51:33','2021-03-25 18:51:33'),(16,2,'2021-03-25 18:51:33','2021-03-25 18:51:33'),(16,5,'2021-03-25 18:51:33','2021-03-25 18:51:33'),(16,14,'2021-03-25 18:51:33','2021-03-25 18:51:33'),(16,17,'2021-03-25 18:51:33','2021-03-25 18:51:33'),(16,47,'2021-03-25 18:51:33','2021-03-25 18:51:33'),(17,1,'2021-03-25 18:52:52','2021-03-25 18:52:52'),(17,2,'2021-03-25 18:52:53','2021-03-25 18:52:53'),(17,5,'2021-03-25 18:52:53','2021-03-25 18:52:53'),(17,6,'2021-03-25 18:52:53','2021-03-25 18:52:53'),(17,8,'2021-03-25 18:52:53','2021-03-25 18:52:53'),(17,14,'2021-03-25 18:52:53','2021-03-25 18:52:53'),(17,15,'2021-03-25 18:52:53','2021-03-25 18:52:53'),(17,49,'2021-03-25 18:52:53','2021-03-25 18:52:53'),(17,47,'2021-03-25 18:52:53','2021-03-25 18:52:53'),(18,1,'2021-03-25 18:53:13','2021-03-25 18:53:13'),(18,2,'2021-03-25 18:53:13','2021-03-25 18:53:13'),(18,5,'2021-03-25 18:53:14','2021-03-25 18:53:14'),(18,6,'2021-03-25 18:53:14','2021-03-25 18:53:14'),(18,8,'2021-03-25 18:53:14','2021-03-25 18:53:14'),(18,14,'2021-03-25 18:53:14','2021-03-25 18:53:14'),(18,15,'2021-03-25 18:53:14','2021-03-25 18:53:14'),(18,49,'2021-03-25 18:53:14','2021-03-25 18:53:14'),(18,47,'2021-03-25 18:53:14','2021-03-25 18:53:14'),(19,1,'2021-03-25 18:53:32','2021-03-25 18:53:32'),(19,2,'2021-03-25 18:53:32','2021-03-25 18:53:32'),(19,5,'2021-03-25 18:53:32','2021-03-25 18:53:32'),(19,6,'2021-03-25 18:53:32','2021-03-25 18:53:32'),(19,8,'2021-03-25 18:53:32','2021-03-25 18:53:32'),(19,14,'2021-03-25 18:53:32','2021-03-25 18:53:32'),(19,15,'2021-03-25 18:53:32','2021-03-25 18:53:32'),(19,47,'2021-03-25 18:53:32','2021-03-25 18:53:32'),(20,1,'2021-03-25 18:53:52','2021-03-25 18:53:52'),(20,2,'2021-03-25 18:53:52','2021-03-25 18:53:52'),(20,5,'2021-03-25 18:53:52','2021-03-25 18:53:52'),(20,6,'2021-03-25 18:53:52','2021-03-25 18:53:52'),(20,8,'2021-03-25 18:53:52','2021-03-25 18:53:52'),(20,14,'2021-03-25 18:53:52','2021-03-25 18:53:52'),(20,15,'2021-03-25 18:53:52','2021-03-25 18:53:52'),(20,49,'2021-03-25 18:53:52','2021-03-25 18:53:52'),(20,47,'2021-03-25 18:53:52','2021-03-25 18:53:52'),(21,1,'2021-03-25 18:54:11','2021-03-25 18:54:11'),(21,2,'2021-03-25 18:54:12','2021-03-25 18:54:12'),(21,5,'2021-03-25 18:54:12','2021-03-25 18:54:12'),(21,14,'2021-03-25 18:54:12','2021-03-25 18:54:12'),(21,19,'2021-03-25 18:54:12','2021-03-25 18:54:12'),(21,49,'2021-03-25 18:54:12','2021-03-25 18:54:12'),(21,47,'2021-03-25 18:54:12','2021-03-25 18:54:12'),(22,1,'2021-03-25 18:54:38','2021-03-25 18:54:38'),(22,2,'2021-03-25 18:54:38','2021-03-25 18:54:38'),(22,5,'2021-03-25 18:54:38','2021-03-25 18:54:38'),(22,14,'2021-03-25 18:54:38','2021-03-25 18:54:38'),(22,19,'2021-03-25 18:54:38','2021-03-25 18:54:38'),(22,49,'2021-03-25 18:54:38','2021-03-25 18:54:38'),(22,47,'2021-03-25 18:54:39','2021-03-25 18:54:39'),(23,1,'2021-03-25 18:55:38','2021-03-25 18:55:38'),(23,2,'2021-03-25 18:55:38','2021-03-25 18:55:38'),(23,5,'2021-03-25 18:55:39','2021-03-25 18:55:39'),(23,14,'2021-03-25 18:55:39','2021-03-25 18:55:39'),(23,19,'2021-03-25 18:55:39','2021-03-25 18:55:39'),(23,49,'2021-03-25 18:55:39','2021-03-25 18:55:39'),(23,47,'2021-03-25 18:55:39','2021-03-25 18:55:39'),(24,1,'2021-03-25 18:55:59','2021-03-25 18:55:59'),(24,2,'2021-03-25 18:55:59','2021-03-25 18:55:59'),(24,5,'2021-03-25 18:56:00','2021-03-25 18:56:00'),(24,14,'2021-03-25 18:56:00','2021-03-25 18:56:00'),(24,19,'2021-03-25 18:56:00','2021-03-25 18:56:00'),(24,49,'2021-03-25 18:56:00','2021-03-25 18:56:00'),(24,47,'2021-03-25 18:56:00','2021-03-25 18:56:00'),(25,1,'2021-03-25 18:56:17','2021-03-25 18:56:17'),(25,2,'2021-03-25 18:56:18','2021-03-25 18:56:18'),(25,5,'2021-03-25 18:56:18','2021-03-25 18:56:18'),(25,14,'2021-03-25 18:56:18','2021-03-25 18:56:18'),(25,19,'2021-03-25 18:56:18','2021-03-25 18:56:18'),(25,47,'2021-03-25 18:56:18','2021-03-25 18:56:18'),(10,1,'2021-03-26 10:10:06','2021-03-26 10:10:06'),(10,2,'2021-03-26 10:10:06','2021-03-26 10:10:06'),(10,5,'2021-03-26 10:10:06','2021-03-26 10:10:06'),(10,6,'2021-03-26 10:10:06','2021-03-26 10:10:06'),(10,7,'2021-03-26 10:10:06','2021-03-26 10:10:06'),(10,8,'2021-03-26 10:10:06','2021-03-26 10:10:06'),(10,23,'2021-03-26 10:10:06','2021-03-26 10:10:06'),(10,36,'2021-03-26 10:10:06','2021-03-26 10:10:06'),(10,28,'2021-03-26 10:10:06','2021-03-26 10:10:06'),(10,29,'2021-03-26 10:10:06','2021-03-26 10:10:06'),(10,30,'2021-03-26 10:10:06','2021-03-26 10:10:06'),(10,31,'2021-03-26 10:10:06','2021-03-26 10:10:06'),(10,32,'2021-03-26 10:10:07','2021-03-26 10:10:07'),(10,48,'2021-03-26 10:10:07','2021-03-26 10:10:07'),(10,33,'2021-03-26 10:10:07','2021-03-26 10:10:07'),(10,38,'2021-03-26 10:10:07','2021-03-26 10:10:07'),(10,42,'2021-03-26 10:10:07','2021-03-26 10:10:07'),(10,43,'2021-03-26 10:10:07','2021-03-26 10:10:07'),(10,39,'2021-03-26 10:10:07','2021-03-26 10:10:07'),(10,40,'2021-03-26 10:10:07','2021-03-26 10:10:07'),(10,41,'2021-03-26 10:10:07','2021-03-26 10:10:07'),(10,44,'2021-03-26 10:10:07','2021-03-26 10:10:07'),(10,45,'2021-03-26 10:10:07','2021-03-26 10:10:07'),(10,46,'2021-03-26 10:10:07','2021-03-26 10:10:07'),(10,47,'2021-03-26 10:10:07','2021-03-26 10:10:07'),(9,1,'2021-03-26 10:23:38','2021-03-26 10:23:38'),(9,2,'2021-03-26 10:23:38','2021-03-26 10:23:38'),(9,5,'2021-03-26 10:23:38','2021-03-26 10:23:38'),(9,6,'2021-03-26 10:23:38','2021-03-26 10:23:38'),(9,7,'2021-03-26 10:23:38','2021-03-26 10:23:38'),(9,8,'2021-03-26 10:23:38','2021-03-26 10:23:38'),(9,23,'2021-03-26 10:23:38','2021-03-26 10:23:38'),(9,36,'2021-03-26 10:23:38','2021-03-26 10:23:38'),(9,28,'2021-03-26 10:23:38','2021-03-26 10:23:38'),(9,29,'2021-03-26 10:23:38','2021-03-26 10:23:38'),(9,30,'2021-03-26 10:23:38','2021-03-26 10:23:38'),(9,31,'2021-03-26 10:23:38','2021-03-26 10:23:38'),(9,32,'2021-03-26 10:23:38','2021-03-26 10:23:38'),(9,48,'2021-03-26 10:23:38','2021-03-26 10:23:38'),(9,33,'2021-03-26 10:23:39','2021-03-26 10:23:39'),(9,38,'2021-03-26 10:23:39','2021-03-26 10:23:39'),(9,42,'2021-03-26 10:23:39','2021-03-26 10:23:39'),(9,43,'2021-03-26 10:23:39','2021-03-26 10:23:39'),(9,39,'2021-03-26 10:23:39','2021-03-26 10:23:39'),(9,40,'2021-03-26 10:23:39','2021-03-26 10:23:39'),(9,41,'2021-03-26 10:23:39','2021-03-26 10:23:39'),(9,44,'2021-03-26 10:23:39','2021-03-26 10:23:39'),(9,45,'2021-03-26 10:23:39','2021-03-26 10:23:39'),(9,46,'2021-03-26 10:23:39','2021-03-26 10:23:39'),(9,47,'2021-03-26 10:23:39','2021-03-26 10:23:39');

/*Table structure for table `menu_to_user_group` */

DROP TABLE IF EXISTS `menu_to_user_group`;

CREATE TABLE `menu_to_user_group` (
  `group_id` int(11) NOT NULL,
  `menu_id` int(11) NOT NULL,
  `created_at` timestamp NULL DEFAULT NULL,
  `updated_at` timestamp NULL DEFAULT NULL
) ENGINE=InnoDB DEFAULT CHARSET=utf8mb4 COLLATE=utf8mb4_unicode_ci;

/*Data for the table `menu_to_user_group` */

/*Table structure for table `menus` */

DROP TABLE IF EXISTS `menus`;

CREATE TABLE `menus` (
  `id` int(10) unsigned NOT NULL AUTO_INCREMENT,
  `order` int(11) NOT NULL,
  `name` varchar(191) COLLATE utf8mb4_unicode_ci NOT NULL,
  `parent` int(11) NOT NULL,
  `active` smallint(6) NOT NULL,
  `desc` varchar(191) COLLATE utf8mb4_unicode_ci NOT NULL,
  `url` varchar(191) COLLATE utf8mb4_unicode_ci NOT NULL,
  `icon` varchar(191) COLLATE utf8mb4_unicode_ci NOT NULL,
  `created_at` timestamp NULL DEFAULT NULL,
  `updated_at` timestamp NULL DEFAULT NULL,
  PRIMARY KEY (`id`)
) ENGINE=InnoDB AUTO_INCREMENT=51 DEFAULT CHARSET=utf8mb4 COLLATE=utf8mb4_unicode_ci;

/*Data for the table `menus` */

insert  into `menus`(`id`,`order`,`name`,`parent`,`active`,`desc`,`url`,`icon`,`created_at`,`updated_at`) values (1,1,'Home',0,1,'','home','fa fa-home',NULL,NULL),(2,3,'Profile',0,1,'','','fa fa-user',NULL,NULL),(3,2,'Group',6,1,'','profilegroup','',NULL,NULL),(4,1,'Users',6,1,'','users','',NULL,NULL),(5,3,'Change Password',2,1,'','changepassword','',NULL,NULL),(6,3,'Master',0,1,'','','fa-server',NULL,NULL),(7,3,'Customers',6,1,'','mastercustomer','',NULL,NULL),(8,4,'Projects',6,1,'','masterproject','',NULL,NULL),(9,5,'Task Status',6,1,'','mastertaskstatus','',NULL,NULL),(10,6,'Task Result',6,1,'','mastertaskresult','',NULL,NULL),(11,4,'Request',0,1,'','','fa fa-paper-plane',NULL,NULL),(12,1,'Upload',11,1,'','requestupload','',NULL,NULL),(13,2,'Incoming Data',11,1,'','requestincomingdata','',NULL,NULL),(14,5,'Production',0,1,'','','fa fa-industry',NULL,NULL),(15,2,'Job List',14,1,'','prodjoblist','',NULL,NULL),(17,4,'Printing',14,1,'','prodprinting','',NULL,NULL),(19,6,'Balancing',14,1,'','prodbalancing','',NULL,NULL),(20,7,'Scaning',14,1,'','prodscaning','',NULL,NULL),(21,8,'Distribusi',14,1,'','proddistribusi','',NULL,NULL),(22,1,'Upload Data',14,1,'','produpload','',NULL,NULL),(23,7,'Component',6,1,'','mastercomponent','',NULL,NULL),(24,3,'Download',11,1,'','requestdownload','',NULL,NULL),(25,4,'Upload Approval',11,1,'','requestuploadapproval','',NULL,NULL),(26,5,'Approval',11,1,'','requestapproval','',NULL,NULL),(27,6,'Upload Job List',11,1,'','requestuploadjoblist','',NULL,NULL),(28,10,'Report',0,1,'','','fa-chart-bar',NULL,NULL),(29,1,'Detail',28,1,'','reportdetail','',NULL,NULL),(30,2,'Summary',28,1,'','reportsummary','',NULL,NULL),(31,3,'Distribusi',28,1,'','reportdistribusi','',NULL,NULL),(32,4,'Material',28,1,'','reportmaterial','',NULL,NULL),(33,6,'Warehouse',0,1,'','','fa-cubes',NULL,NULL),(34,1,'Approval',33,1,'','approvalmaterial','',NULL,NULL),(35,2,'Incoming Material',33,1,'','incomingpo','',NULL,NULL),(36,8,'Vendor',6,1,'','mastervendor','',NULL,NULL),(37,3,'Outgoing Material',33,1,'','createoutmaterial','',NULL,NULL),(38,5,'Stock Opname',33,1,'','stockopname','',NULL,NULL),(39,7,'Purchase Order',0,1,'','','fa-shopping-cart',NULL,NULL),(40,1,'Create PO',39,1,'','createpomaterial','',NULL,NULL),(41,2,'List PO',39,1,'','listpomaterial','',NULL,NULL),(42,4,'List Outgoing Material',33,1,'','listoutmaterial','',NULL,NULL),(43,6,'List Stock Material',33,1,'','liststock','',NULL,NULL),(44,9,'Admin Invoice',0,1,'','','fa-list-ol',NULL,NULL),(45,1,'Generate Invoice',44,1,'','geninv','',NULL,NULL),(46,2,'List Invoice',44,1,'','listinv','',NULL,NULL),(47,2,'Dashboard',0,1,'','dashboard','fa-chart-pie',NULL,NULL),(48,5,'File Job',28,1,'','reportfilejob','',NULL,NULL),(49,9,'Change Courier',14,1,'','changecourier','',NULL,NULL),(50,6,'SLA',28,1,'','reportsla','',NULL,NULL);

/*Table structure for table `method_data_transfer` */

DROP TABLE IF EXISTS `method_data_transfer`;

CREATE TABLE `method_data_transfer` (
  `id` int(10) unsigned NOT NULL AUTO_INCREMENT,
  `name` varchar(35) COLLATE utf8mb4_unicode_ci NOT NULL,
  `desc` varchar(500) COLLATE utf8mb4_unicode_ci DEFAULT NULL,
  `created_at` timestamp NULL DEFAULT NULL,
  `updated_at` timestamp NULL DEFAULT NULL,
  PRIMARY KEY (`id`)
) ENGINE=InnoDB DEFAULT CHARSET=utf8mb4 COLLATE=utf8mb4_unicode_ci;

/*Data for the table `method_data_transfer` */

/*Table structure for table `migrations` */

DROP TABLE IF EXISTS `migrations`;

CREATE TABLE `migrations` (
  `id` int(10) unsigned NOT NULL AUTO_INCREMENT,
  `migration` varchar(191) COLLATE utf8mb4_unicode_ci NOT NULL,
  `batch` int(11) NOT NULL,
  PRIMARY KEY (`id`)
) ENGINE=InnoDB AUTO_INCREMENT=41 DEFAULT CHARSET=utf8mb4 COLLATE=utf8mb4_unicode_ci;

/*Data for the table `migrations` */

insert  into `migrations`(`id`,`migration`,`batch`) values (1,'2014_10_12_000000_create_users_table',1),(2,'2014_10_12_100000_create_password_resets_table',1),(3,'2014_10_12_200000_add_username_to_users_table',1),(4,'2018_03_29_042328_create_menus',1),(5,'2018_03_29_042839_create_menu_to_user',1),(6,'2018_03_29_065302_create_user_group',1),(7,'2018_03_29_065619_create_menu_to_user_group',1),(8,'2018_04_05_084737_create_master',1),(9,'2020_06_11_132406_crate_table_customers',1),(10,'2020_06_11_133013_crate_table_projects',1),(11,'2020_06_16_113840_create_table_task_status',1),(12,'2020_06_16_142023_create_table_incoming_data',1),(13,'2020_06_16_142142_create_table_transaction_history',1),(14,'2020_06_16_142811_create_table_method',1),(15,'2020_06_16_181209_create_task_result',1),(16,'2020_06_16_181328_create_table_task_status_to_result',1),(17,'2020_06_18_051255_create_table_project_to_task',1),(18,'2020_06_18_143115_create_table_components',1),(19,'2020_06_18_151124_create_table_project_to_component',1),(20,'2020_06_21_142130_add_column_incoming_data',1),(21,'2020_06_21_163001_create_table_counter',1),(22,'2020_06_21_173111_add_column_result_incoming_data',1),(23,'2020_06_21_214339_create_table_user_info',1),(24,'2020_06_22_051107_add_column_transaction_history',1),(25,'2020_06_22_053914_create_table_file_approval',1),(26,'2020_06_22_104926_create_table_production_data',1),(27,'2020_06_22_104954_create_table_production_data_detail',1),(28,'2020_06_22_110647_create_table_production_data_detail_list',1),(29,'2020_06_22_111325_create_table_manifest',1),(30,'2020_06_22_113333_add_column_cycle_table_incoming_data',1),(31,'2020_06_24_114417_add_column_jenis_table_production_data',1),(32,'2020_06_26_050351_add_column_part_manifest',1),(33,'2020_06_26_050937_add_column_prod_id_manifest',1),(34,'2020_06_26_095525_add_column_tgl_kirim',1),(38,'2020_07_07_151737_create_table_simple_message',2),(39,'2020_08_11_060320_create_table_master_value',2),(40,'2020_07_31_092943_create_sessions_table',3);

/*Table structure for table `outgoing_components` */

DROP TABLE IF EXISTS `outgoing_components`;

CREATE TABLE `outgoing_components` (
  `no_job` varchar(200) NOT NULL,
  `project_id` int(11) DEFAULT NULL,
  `note` varchar(500) DEFAULT NULL,
  `input_id` int(11) DEFAULT NULL,
  `tgl_out` date DEFAULT NULL,
  PRIMARY KEY (`no_job`)
) ENGINE=InnoDB DEFAULT CHARSET=utf8;

/*Data for the table `outgoing_components` */

insert  into `outgoing_components`(`no_job`,`project_id`,`note`,`input_id`,`tgl_out`) values ('20210325CGN-32A00051',25,NULL,3,'2021-03-17'),('20210325CGN-32A00052',4,NULL,3,'2021-03-25'),('20210325CGN-32A00053',4,NULL,3,'2021-03-25'),('20210325CGN-32A00054',5,NULL,3,'2021-03-25');

/*Table structure for table `outgoing_components_detail` */

DROP TABLE IF EXISTS `outgoing_components_detail`;

CREATE TABLE `outgoing_components_detail` (
  `id` int(11) NOT NULL AUTO_INCREMENT,
  `outgoing_components_job` varchar(200) NOT NULL,
  `components_id` int(11) DEFAULT NULL,
  `components_price` decimal(9,2) DEFAULT 0.00,
  `qty_out` bigint(20) DEFAULT 0,
  `created_at` datetime DEFAULT NULL,
  `updated_at` datetime DEFAULT NULL,
  PRIMARY KEY (`id`)
) ENGINE=InnoDB AUTO_INCREMENT=13 DEFAULT CHARSET=utf8;

/*Data for the table `outgoing_components_detail` */

insert  into `outgoing_components_detail`(`id`,`outgoing_components_job`,`components_id`,`components_price`,`qty_out`,`created_at`,`updated_at`) values (9,'20210325CGN-32A00051',8,'125.00',50,'2021-03-25 10:41:48','2021-03-25 10:41:48'),(10,'20210325CGN-32A00052',7,'100.00',50,'2021-03-25 10:43:00','2021-03-25 10:43:00'),(11,'20210325CGN-32A00053',7,'100.00',12,'2021-03-25 10:43:33','2021-03-25 10:43:33'),(12,'20210325CGN-32A00054',17,'0.00',2,'2021-03-25 16:12:46','2021-03-25 16:12:46');

/*Table structure for table `password_resets` */

DROP TABLE IF EXISTS `password_resets`;

CREATE TABLE `password_resets` (
  `email` varchar(191) COLLATE utf8mb4_unicode_ci NOT NULL,
  `token` varchar(191) COLLATE utf8mb4_unicode_ci NOT NULL,
  `created_at` timestamp NULL DEFAULT NULL,
  KEY `password_resets_email_index` (`email`)
) ENGINE=InnoDB DEFAULT CHARSET=utf8mb4 COLLATE=utf8mb4_unicode_ci;

/*Data for the table `password_resets` */

/*Table structure for table `production_data` */

DROP TABLE IF EXISTS `production_data`;

CREATE TABLE `production_data` (
  `id` int(10) unsigned NOT NULL AUTO_INCREMENT,
  `file_id` int(11) DEFAULT NULL,
  `job_ticket` varchar(25) CHARACTER SET utf8mb4 COLLATE utf8mb4_unicode_ci NOT NULL,
  `file_name` varchar(100) CHARACTER SET utf8mb4 COLLATE utf8mb4_unicode_ci NOT NULL,
  `path_file` varchar(150) CHARACTER SET utf8mb4 COLLATE utf8mb4_unicode_ci NOT NULL,
  `cycle` varchar(15) CHARACTER SET utf8mb4 COLLATE utf8mb4_unicode_ci NOT NULL,
  `part` varchar(5) CHARACTER SET utf8mb4 COLLATE utf8mb4_unicode_ci NOT NULL,
  `jenis` varchar(25) CHARACTER SET utf8mb4 COLLATE utf8mb4_unicode_ci NOT NULL,
  `customer_id` int(11) NOT NULL,
  `project_id` int(11) NOT NULL,
  `current_status_id` int(11) NOT NULL,
  `current_status_result_id` int(11) NOT NULL,
  `next_status_id` int(11) NOT NULL,
  `status_warehouse` int(11) NOT NULL DEFAULT 0,
  `created_by` int(11) NOT NULL,
  `updated_by` int(11) DEFAULT NULL,
  `created_at` timestamp NULL DEFAULT NULL,
  `updated_at` timestamp NULL DEFAULT NULL,
  PRIMARY KEY (`id`),
  KEY `production_data_job_ticket_index` (`job_ticket`),
  KEY `production_data_cycle_index` (`cycle`),
  KEY `production_data_part_index` (`part`),
  KEY `production_data_customer_id_index` (`customer_id`),
  KEY `production_data_project_id_index` (`project_id`),
  KEY `production_data_next_status_id_index` (`next_status_id`),
  KEY `production_data_jenis_index` (`jenis`)
) ENGINE=InnoDB AUTO_INCREMENT=68 DEFAULT CHARSET=utf8;

/*Data for the table `production_data` */

insert  into `production_data`(`id`,`file_id`,`job_ticket`,`file_name`,`path_file`,`cycle`,`part`,`jenis`,`customer_id`,`project_id`,`current_status_id`,`current_status_result_id`,`next_status_id`,`status_warehouse`,`created_by`,`updated_by`,`created_at`,`updated_at`) values (67,0,'FWD2104010320102','SOFT-RINCI-DECLINE-CMG-01-04-2021.sof','/var/www/production/storage/app/uploaded/temp\\SOFT-RINCI-DECLINE-CMG-01-04-2021.sof','20210401','1','RG',4,32,11,1,12,1,3,3,'2021-04-01 10:08:26','2021-04-01 10:20:47');

/*Table structure for table `production_data_detail` */

DROP TABLE IF EXISTS `production_data_detail`;

CREATE TABLE `production_data_detail` (
  `id` bigint(20) unsigned NOT NULL AUTO_INCREMENT,
  `production_id` int(11) NOT NULL,
  `seq` varchar(50) COLLATE utf8mb4_unicode_ci NOT NULL DEFAULT '0',
  `barcode_env` varchar(50) COLLATE utf8mb4_unicode_ci DEFAULT NULL,
  `barcode_document` varchar(50) COLLATE utf8mb4_unicode_ci DEFAULT NULL,
  `account_no` varchar(50) COLLATE utf8mb4_unicode_ci DEFAULT NULL,
  `account_no2` varchar(50) COLLATE utf8mb4_unicode_ci DEFAULT NULL,
  `penerima` varchar(100) COLLATE utf8mb4_unicode_ci NOT NULL,
  `tertanggung` varchar(100) COLLATE utf8mb4_unicode_ci DEFAULT NULL,
  `address1` varchar(500) COLLATE utf8mb4_unicode_ci NOT NULL,
  `address2` varchar(500) COLLATE utf8mb4_unicode_ci DEFAULT NULL,
  `address3` varchar(500) COLLATE utf8mb4_unicode_ci DEFAULT NULL,
  `address4` varchar(500) COLLATE utf8mb4_unicode_ci DEFAULT NULL,
  `address5` varchar(500) COLLATE utf8mb4_unicode_ci DEFAULT NULL,
  `city` varchar(50) COLLATE utf8mb4_unicode_ci DEFAULT NULL,
  `pos` varchar(15) COLLATE utf8mb4_unicode_ci DEFAULT NULL,
  `telp` varchar(35) COLLATE utf8mb4_unicode_ci DEFAULT NULL,
  `ekspedisi` varchar(35) COLLATE utf8mb4_unicode_ci NOT NULL,
  `service` varchar(35) COLLATE utf8mb4_unicode_ci NOT NULL,
  `cetak` tinyint(4) DEFAULT 0,
  `cetak_user_id` int(11) DEFAULT NULL,
  `cetak_at` datetime DEFAULT NULL,
  `scan_qc` tinyint(4) NOT NULL DEFAULT 0,
  `scan_qc_user_id` int(11) DEFAULT NULL,
  `scan_qc_at` datetime DEFAULT NULL,
  `scan_distribusi` tinyint(4) NOT NULL DEFAULT 0,
  `scan_distribusi_user_id` int(11) DEFAULT NULL,
  `scan_distribusi_at` datetime DEFAULT NULL,
  `no_manifest` varchar(191) COLLATE utf8mb4_unicode_ci DEFAULT NULL,
  `bst_inserting` bigint(20) DEFAULT NULL,
  `created_at` timestamp NULL DEFAULT NULL,
  `updated_at` timestamp NULL DEFAULT NULL,
  PRIMARY KEY (`id`),
  KEY `production_data_detail_production_id_index` (`production_id`),
  KEY `production_data_detail_barcode_env_index` (`barcode_env`),
  KEY `production_data_detail_barcode_document_index` (`barcode_document`),
  KEY `production_data_detail_account_no_index` (`account_no`),
  KEY `production_data_detail_account_no2_index` (`account_no2`),
  KEY `production_data_detail_ekspedisi_index` (`ekspedisi`),
  KEY `production_data_detail_service_index` (`service`)
) ENGINE=InnoDB AUTO_INCREMENT=4163 DEFAULT CHARSET=utf8mb4 COLLATE=utf8mb4_unicode_ci;

/*Data for the table `production_data_detail` */

insert  into `production_data_detail`(`id`,`production_id`,`seq`,`barcode_env`,`barcode_document`,`account_no`,`account_no2`,`penerima`,`tertanggung`,`address1`,`address2`,`address3`,`address4`,`address5`,`city`,`pos`,`telp`,`ekspedisi`,`service`,`cetak`,`cetak_user_id`,`cetak_at`,`scan_qc`,`scan_qc_user_id`,`scan_qc_at`,`scan_distribusi`,`scan_distribusi_user_id`,`scan_distribusi_at`,`no_manifest`,`bst_inserting`,`created_at`,`updated_at`) values (3306,67,'1','FP0001019562','','FP0001019562','','ADHITYA ARIESTIANTO S.Kom M.Ms','ADHITYA ARIESTIANTO S.Kom M.Ms','TMN SURYA 3 BLOK J-4 NO 18','RT.09/15 PEGADUNGAN','KALIDERES','','','JAKARTA BARAT','11830','','NCS','Reguler',1,3,'2021-04-01 10:20:26',1,NULL,NULL,1,NULL,NULL,'705186',1,'2021-04-01 10:08:26','2021-04-01 10:08:26'),(3307,67,'2','FP0001023265','','FP0001023265','','MAULANA','MAULANA','JL WR SUPRATMAN','NO 31 RT 06/10','RENGAS CIPUTAT','','','TANGERANG','15412','','NCS','Reguler',1,3,'2021-04-01 10:20:26',1,NULL,NULL,1,NULL,NULL,'705186',1,'2021-04-01 10:08:26','2021-04-01 10:08:26'),(3308,67,'3','LPS000010046','','LPS000010046','','SUPARYANTA','SUPARYANTA','LEMBAGA PENDIDIKAN PRIMAGAMA','JL RAYA SADANG-SUBANG KM 1 RUKO PURI','PAKUAN BLOK A NO.1 PURWAKARTA','','','PURWAKARTA','41118','','NCS','Reguler',1,3,'2021-04-01 10:20:26',1,NULL,NULL,1,NULL,NULL,'705186',1,'2021-04-01 10:08:26','2021-04-01 10:08:26'),(3309,67,'4','MPP000008117','','MPP000008117','','TIONIE','TIONIE','JL JELAMBAR BARAT 2 C GG.Y4 NO.62C','JELAMBAR BARU','GROGOL PETAMBURAN','','','JAKARTA BARAT','11460','','NCS','Reguler',1,3,'2021-04-01 10:20:26',1,NULL,NULL,1,NULL,NULL,'705186',1,'2021-04-01 10:08:27','2021-04-01 10:08:27'),(3310,67,'5','MPP000011575','','MPP000011575','','EVERT VALENTINO','EVERT VALENTINO','JL RY BUKIT GADING MEDITERANIA','BLOK BA NO 10, KLP GADING','TIMUR, KELAPA GADING','','','JAKARTA UTARA','14250','','NCS','Reguler',1,3,'2021-04-01 10:20:26',1,NULL,NULL,1,NULL,NULL,'705186',1,'2021-04-01 10:08:27','2021-04-01 10:08:27'),(3311,67,'6','MSH000019914','','MSH000019914','','HAM FUK HEN','HAM FUK HEN','JL SOMBA OPU 293 NO 16','RT 03/02','','','','UJUNG PANDANG','90111','','NCS','Reguler',1,3,'2021-04-01 10:20:26',1,NULL,NULL,1,NULL,NULL,'705186',1,'2021-04-01 10:08:27','2021-04-01 10:08:27'),(3312,67,'7','MSH000020238','','MSH000020238','','DHONI K KOSMANHADJI','DHONI K KOSMANHADJI','JL GAMBANG NO 1','RT 06/07 KEL PEGANGSAAN DUA','KEC KELAPA GADING','','','JAKARTA UTARA','14250','','NCS','Reguler',1,3,'2021-04-01 10:20:26',1,NULL,NULL,1,NULL,NULL,'705186',1,'2021-04-01 10:08:27','2021-04-01 10:08:27'),(3313,67,'8','MSH000020257','','MSH000020257','','RISWANTO','RISWANTO','INDO HOSE - INSTALASI','KOPO PLAZA A-29','JL PETA RT 09/10','','','BANDUNG','40233','','NCS','Reguler',1,3,'2021-04-01 10:20:26',1,NULL,NULL,1,NULL,NULL,'705186',1,'2021-04-01 10:08:27','2021-04-01 10:08:27'),(3314,67,'9','MSH000022389','','MSH000022389','','RATNA DEWI DWIYUNIARTI','RATNA DEWI DWIYUNIARTI','JL SIMPANG DIRGANTARA VI/B7-12','RT 14/10','','','','MALANG','65138','','NCS','Reguler',1,3,'2021-04-01 10:20:26',1,NULL,NULL,1,NULL,NULL,'705186',1,'2021-04-01 10:08:27','2021-04-01 10:08:27'),(3315,67,'10','MSH000029466','','MSH000029466','','AWALUDDIN','AWALUDDIN','PERUM BUKIT CIMANGGU CITY','BLOK T3 NO 12 BRT - RT 03/14','CIBADAK - TANAH SEREAL','','','BOGOR','16166','','NCS','Reguler',1,3,'2021-04-01 10:20:26',1,NULL,NULL,1,NULL,NULL,'705186',1,'2021-04-01 10:08:27','2021-04-01 10:08:27'),(3316,67,'11','MSH000050063','','MSH000050063','','MUALLIF','MUALLIF','JL PETAMBURAN VI NO 29 A','KEL PETAMBURAN','KEC TANAH ABANG RT 04/06','','','JAKARTA PUSAT','10260','','NCS','Reguler',1,3,'2021-04-01 10:20:26',1,NULL,NULL,1,NULL,NULL,'705186',1,'2021-04-01 10:08:27','2021-04-01 10:08:27'),(3317,67,'12','MSH000063833','','MSH000063833','','SUMANTO','SUMANTO','JL PUKAT V','GG RUKAM NO 65-A','BANTAN TIMUR - MEDAN TEMBUNG','','','MEDAN','20224','','NCS','Reguler',1,3,'2021-04-01 10:20:26',1,NULL,NULL,1,NULL,NULL,'705186',1,'2021-04-01 10:08:27','2021-04-01 10:08:27'),(3318,67,'13','MSH000085157','','MSH000085157','','MULIRASTA GINTING','MULIRASTA GINTING','DS PASIR PANGGANG PURWADANA','TELUK JAMBE','NO 39 RT 05/02','','','KARAWANG','41361','','NCS','Reguler',1,3,'2021-04-01 10:20:26',1,NULL,NULL,1,NULL,NULL,'705186',1,'2021-04-01 10:08:28','2021-04-01 10:08:28'),(3319,67,'14','MSH000085158','','MSH000085158','','MULIRASTA GINTING','MULIRASTA GINTING','DS PASIR PANGGANG PURWADANA','TELUK JAMBE','NO 39 RT 05/02','','','KARAWANG','41361','','NCS','Reguler',1,3,'2021-04-01 10:20:26',1,NULL,NULL,1,NULL,NULL,'705186',1,'2021-04-01 10:08:28','2021-04-01 10:08:28'),(3320,67,'15','PE0000026670','','PE0000026670','','PADRIYANI','PADRIYANI','PERMATA DEPOK SEKTOR KOMALA','BLOK E 7/7, PONDOK JAYA, CIPAYUNG','DEPOK','','','DEPOK','16431','','NCS','Reguler',1,3,'2021-04-01 10:20:26',1,NULL,NULL,1,NULL,NULL,'705186',1,'2021-04-01 10:08:28','2021-04-01 10:08:28'),(3321,67,'16','FP0001011029','','FP0001011029','','RIMA ELVIRA','RIMA ELVIRA','TOKO FIA HS','JL.KOL ATMO(SEBERANG PLAZA JM)','','','','PALEMBANG','30125','','NCS','Reguler',1,3,'2021-04-01 10:20:26',1,NULL,NULL,1,NULL,NULL,'705186',1,'2021-04-01 10:08:28','2021-04-01 10:08:28'),(3322,67,'17','FP0001011052','','FP0001011052','','FRANSISCA VIVI LIPURO','FRANSISCA VIVI LIPURO','UD.MENARA OFFSET','JL.MANYAR SAMBONGAN NO.55','','','','SURABAYA','60000','','NCS','Reguler',1,3,'2021-04-01 10:20:26',1,NULL,NULL,1,NULL,NULL,'705186',1,'2021-04-01 10:08:28','2021-04-01 10:08:28'),(3323,67,'18','FP0001026842','','FP0001026842','','JAHJA SUTEDJA','JAHJA SUTEDJA','JL.PADEMANGAN 4','GG.24 NO.46','PADEMANGAN','','','JAKARTA UTARA','14420','','NCS','Reguler',1,3,'2021-04-01 10:20:26',1,NULL,NULL,1,NULL,NULL,'705186',1,'2021-04-01 10:08:28','2021-04-01 10:08:28'),(3324,67,'19','FP0001032856','','FP0001032856','','PO GIOK','PO GIOK','CAHAYA GARDEN','BLOK D NO 3','BENGKONG SADAI','','','BATAM','29445','','NCS','Reguler',1,3,'2021-04-01 10:20:26',1,NULL,NULL,1,NULL,NULL,'705186',1,'2021-04-01 10:08:28','2021-04-01 10:08:28'),(3325,67,'20','HP0000005575','','HP0000005575','','JOSEPHINE ENDANG WIDIANI','JOSEPHINE ENDANG WIDIANI','PERUM PURI INDAH BLOK A 48','JL.PANDUGO TIMUR II NO.4','RT 01/05','','','SURABAYA','60297','','NCS','Reguler',1,3,'2021-04-01 10:20:26',1,NULL,NULL,1,NULL,NULL,'705186',1,'2021-04-01 10:08:28','2021-04-01 10:08:28'),(3326,67,'21','LPS000010222','','LPS000010222','','ASEP SUSANTO','ASEP SUSANTO','PERUM PERMATA PAMULANG','BLOK G.23 NO.1','PAMULANG','','','TANGERANG','15416','','NCS','Reguler',1,3,'2021-04-01 10:20:26',1,NULL,NULL,1,NULL,NULL,'705186',1,'2021-04-01 10:08:28','2021-04-01 10:08:28'),(3327,67,'22','MBP000010404','','MBP000010404','','CEMPAKA PARAMITA','CEMPAKA PARAMITA','KUTISARI INDAH UTR 3 NO.62','RT.05/06 KEC.TENGGILIS MEJOYO','KEL.KUTISARI','','','SURABAYA','60291','','NCS','Reguler',1,3,'2021-04-01 10:20:26',1,NULL,NULL,1,NULL,NULL,'705186',1,'2021-04-01 10:08:28','2021-04-01 10:08:28'),(3328,67,'23','MPP000001335','','MPP000001335','','VIKI','VIKI','KOMP BUMI INDAH BLOK I NO 28','BATAM','','','','BATAM','29444','','NCS','Reguler',1,3,'2021-04-01 10:20:26',1,NULL,NULL,1,NULL,NULL,'705186',1,'2021-04-01 10:08:28','2021-04-01 10:08:28'),(3329,67,'24','MPP000004509','','MPP000004509','','ARIANTI WIDI ASTASARI','ARIANTI WIDI ASTASARI','JLN PACAR NO 8','KEC GENTENG BAGIAN STAF FDP','BADAN PERENCANAAN PEMBANGUNAN LANTI 1','','','SURABAYA','60253','','NCS','Reguler',1,3,'2021-04-01 10:20:26',1,NULL,NULL,1,NULL,NULL,'705186',1,'2021-04-01 10:08:29','2021-04-01 10:08:29'),(3330,67,'25','MPP000016862','','MPP000016862','','ERNI PUJI ASTUTI','ERNI PUJI ASTUTI','DEXA MEDICA PT . JL DEWI SAR','TIKA NO.48 RT.3/14 PNCORAN MAS','','','','DEPOK','16431','','NCS','Reguler',1,3,'2021-04-01 10:20:26',1,NULL,NULL,1,NULL,NULL,'705186',1,'2021-04-01 10:08:29','2021-04-01 10:08:29'),(3331,67,'26','MSH000020350','','MSH000020350','','ERIKA RAHMASARI','ERIKA RAHMASARI','JL SATRIO WIBOWO I NO 64','RT 09/06','TLOGOSARI KULON - PEDURUNGAN','','','SEMARANG','50196','','NCS','Reguler',1,3,'2021-04-01 10:20:26',1,NULL,NULL,1,NULL,NULL,'705186',1,'2021-04-01 10:08:29','2021-04-01 10:08:29'),(3332,67,'27','MSH000109902','','MSH000109902','','FERDIANSYAH ARIFIN','FERDIANSYAH ARIFIN','PT PRAKASA SEMESTA ALAM (ESSENCE','DARMAWANGSA APRTMNT LOBBY SOUTH TWR','JL DARMAWANGSA 10 NO 86, KEB BARU','','','JAKARTA','12160','','NCS','Reguler',1,3,'2021-04-01 10:20:26',1,NULL,NULL,1,NULL,NULL,'705186',1,'2021-04-01 10:08:29','2021-04-01 10:08:29'),(3333,67,'28','PE0000004322','','PE0000004322','','JULANTI PANE','JULANTI PANE','JL DR SAHARJO NO 34','RT 07/09','MANGGARAI','','','JAKARTA SELATAN','12970','','NCS','Reguler',1,3,'2021-04-01 10:20:26',1,NULL,NULL,1,NULL,NULL,'705186',1,'2021-04-01 10:08:29','2021-04-01 10:08:29'),(3334,67,'29','FP0001019802','','FP0001019802','','CAHYADI','CAHYADI','PENGANTIN ALI','JL.ASEM NO.1A','RT.04/06','','','JAKARTA TIMUR','13740','','NCS','Reguler',1,3,'2021-04-01 10:20:26',1,NULL,NULL,1,NULL,NULL,'705186',1,'2021-04-01 10:08:29','2021-04-01 10:08:29'),(3335,67,'30','FP0001030597','','FP0001030597','','TRI WAFIRIYAH','TRI WAFIRIYAH','KP.DURI SEMANAN RT.04/01','NO.173 SEMANAN','JAKARTA BARAT','','','JAKARTA','11850','','NCS','Reguler',1,3,'2021-04-01 10:20:26',1,NULL,NULL,1,NULL,NULL,'705186',1,'2021-04-01 10:08:29','2021-04-01 10:08:29'),(3336,67,'31','LP2000014022','','LP2000014022','','KHO VINCENTIUS CHANDRA K','KHO VINCENTIUS CHANDRA K','BANK CENTRAL ASIA, DIVISI IT','GEDUNG WISMA ASIA II LT 7','JL BRIGJEN KATAMSO NO.1','','','JAKARTA','11000','','NCS','Reguler',1,3,'2021-04-01 10:20:26',1,NULL,NULL,1,NULL,NULL,'705186',1,'2021-04-01 10:08:29','2021-04-01 10:08:29'),(3337,67,'32','MPP000014879','','MPP000014879','','LIN GIOK CHIN','LIN GIOK CHIN','PANGLONG NUSANTARA','JL PANE NO 153','','','','PEMATANGSIANTA','21122','','NCS','Reguler',1,3,'2021-04-01 10:20:26',1,NULL,NULL,1,NULL,NULL,'705186',1,'2021-04-01 10:08:29','2021-04-01 10:08:29'),(3338,67,'33','MSH000072009','','MSH000072009','','SITI RUKAYAH','SITI RUKAYAH','JL KAMBOJA NO 5','KEC SANAN WETAN','KEL PLOSOKEREP','','','WETAN','66134','','NCS','Reguler',1,3,'2021-04-01 10:20:26',1,NULL,NULL,1,NULL,NULL,'705186',1,'2021-04-01 10:08:29','2021-04-01 10:08:29'),(3339,67,'34','MSH000072043','','MSH000072043','','WIWIEN SETIJANINGSIH','WIWIEN SETIJANINGSIH','KAVLING DKI','BLOK 59 NO 6 RT 07/10','MERUYA UTARA - KEMBAGAN','','','JAKARTA BARAT 11620','11620','','NCS','Reguler',1,3,'2021-04-01 10:20:26',1,NULL,NULL,1,NULL,NULL,'705186',1,'2021-04-01 10:08:29','2021-04-01 10:08:29'),(3340,67,'35','MSH000072044','','MSH000072044','','WIWIEN SETIJANINGSIH','WIWIEN SETIJANINGSIH','KAVLING DKI','BLOK 59 NO 6 RT 07/10','MERUYA UTARA - KEMBAGAN','','','JAKARTA BARAT 11620','11620','','NCS','Reguler',1,3,'2021-04-01 10:20:26',1,NULL,NULL,1,NULL,NULL,'705186',1,'2021-04-01 10:08:30','2021-04-01 10:08:30'),(3341,67,'36','MSH000072296','','MSH000072296','','IR ALI WINATA W','IR ALI WINATA W','PERUMAHAN GRIYA BUKIT JAYA BLOK F1 NO. 1','DESA TLAJUNG UDIK','KEC. GUNUNG PUTRI KAB. BOGOR','','','CIBINONG','16961','','NCS','Reguler',1,3,'2021-04-01 10:20:26',1,NULL,NULL,1,NULL,NULL,'705186',1,'2021-04-01 10:08:30','2021-04-01 10:08:30'),(3342,67,'37','MSH000072382','','MSH000072382','','IR ALI WINATA W','IR ALI WINATA W','KEC GUNUNG PUTRI','JL MERCEDES BENZ KM 0','PT UNGGUL KARYA SEMESTA','','','BOGOR 16961','16961','','NCS','Reguler',1,3,'2021-04-01 10:20:26',1,NULL,NULL,1,NULL,NULL,'705186',1,'2021-04-01 10:08:30','2021-04-01 10:08:30'),(3343,67,'38','MSH000072611','','MSH000072611','','NENY NURDINI','NENY NURDINI','TOWN 4 KIDS','JL CIMANUK NO 8 - 10','','','','BANDUNG 40115','40115','','NCS','Reguler',1,3,'2021-04-01 10:20:26',1,NULL,NULL,1,NULL,NULL,'705186',1,'2021-04-01 10:08:30','2021-04-01 10:08:30'),(3344,67,'39','MSH000072612','','MSH000072612','','NENY NURDINI','NENY NURDINI','TOWN 4 KIDS','JL CIMANUK NO 8 - 10','','','','BANDUNG 40115','40115','','NCS','Reguler',1,3,'2021-04-01 10:20:26',1,NULL,NULL,1,NULL,NULL,'705186',1,'2021-04-01 10:08:30','2021-04-01 10:08:30'),(3345,67,'40','MSH000076755','','MSH000076755','','BUDI PRAKOSO HAMARTO','BUDI PRAKOSO HAMARTO','KOMP PERUMAHAN BANK MANDIRI','JL GIRO NO 3B RT 008 RW 013','KEL CILANDAK BARAT KEL CILANDAK','','','JAKARTA SELATAN','12350','','NCS','Reguler',1,3,'2021-04-01 10:20:26',1,NULL,NULL,1,NULL,NULL,'705186',1,'2021-04-01 10:08:30','2021-04-01 10:08:30'),(3346,67,'41','MSH000104627','','MSH000104627','','ALEXANDER IBRAHIM','ALEXANDER IBRAHIM','SIRNAGALIH TAMAN SARI RT.01 RW .12','GG. MERPATI I NO 27','BOGOR','','','JAWA BARAT','16610','','NCS','Reguler',1,3,'2021-04-01 10:20:26',1,NULL,NULL,1,NULL,NULL,'705186',1,'2021-04-01 10:08:30','2021-04-01 10:08:30'),(3347,67,'42','PE0000026823','','PE0000026823','','EMANUEL JOSEPH RD BOTHA','EMANUEL JOSEPH RD BOTHA','PERUM PERMATA PAMULANG','BLOK E-7 NO 9','PAMULANG','','','TANGERANG','15417','','NCS','Reguler',1,3,'2021-04-01 10:20:26',1,NULL,NULL,1,NULL,NULL,'705186',1,'2021-04-01 10:08:30','2021-04-01 10:08:30'),(3348,67,'43','CI0000013750','','CI0000013750','','RENIATI KARNASI','RENIATI KARNASI','PERIKANI 2 NO 17','RT 07/03','CIPINANG TIMUR','','','JAKARTA TIMUR','13240','','NCS','Reguler',1,3,'2021-04-01 10:20:26',1,NULL,NULL,1,NULL,NULL,'705186',1,'2021-04-01 10:08:30','2021-04-01 10:08:30'),(3349,67,'44','HK0000001431','','HK0000001431','','GATUT PURWA N','GATUT PURWA N','NUR ILHAM SEJATI CV','RAYA LAKAR SANTRI NO 75','','','','SURABAYA','60211','','NCS','Reguler',1,3,'2021-04-01 10:20:26',1,NULL,NULL,1,NULL,NULL,'705186',1,'2021-04-01 10:08:30','2021-04-01 10:08:30'),(3350,67,'45','LP2000011400','','LP2000011400','','NOENIEK REEDIATI','NOENIEK REEDIATI','BANK INDONESIA-EKONOMI MONETER','GD BANK INDONESIA LT 3','JL GATOT SUBROTO NO 98','','','PURWOKERTO','53116','','NCS','Reguler',1,3,'2021-04-01 10:20:26',1,NULL,NULL,1,NULL,NULL,'705186',1,'2021-04-01 10:08:31','2021-04-01 10:08:31'),(3351,67,'46','MPP000020260','','MPP000020260','','WANNY','WANNY','MUARA KARANG BLK C9 UTARA','NO 15 RT 1/15 PLUIT','PENJARINGAN','','','JAKARTA UTARA','14310','','NCS','Reguler',1,3,'2021-04-01 10:20:26',1,NULL,NULL,1,NULL,NULL,'705186',1,'2021-04-01 10:08:31','2021-04-01 10:08:31'),(3352,67,'47','MSH000017623','','MSH000017623','','NILA SUKMA','NILA SUKMA','RANI BUTIK','JL. SAMARINDA NO. 26 I','','','','PEKANBARU','28289','','NCS','Reguler',1,3,'2021-04-01 10:20:26',1,NULL,NULL,1,NULL,NULL,'705186',1,'2021-04-01 10:08:31','2021-04-01 10:08:31'),(3353,67,'48','MSH000044807','','MSH000044807','','CHRISTINE MAUREEN AWUY','CHRISTINE MAUREEN AWUY','LEONARDO LEARNING CENTRE','JL NIAGA HIJAU RAYA NO 37','PONDOK INDAH','','','JAKARTA SELATAN','12310','','NCS','Reguler',1,3,'2021-04-01 10:20:26',1,NULL,NULL,1,NULL,NULL,'705186',1,'2021-04-01 10:08:31','2021-04-01 10:08:31'),(3354,67,'49','MSH000044808','','MSH000044808','','MOCH SIDUP','MOCH SIDUP','ARTERI PERMATA HIJAU','JL JURAGANAN I NO 3 - RT 08/12','','','','JAKARTA SELATAN','12210','','NCS','Reguler',1,3,'2021-04-01 10:20:26',1,NULL,NULL,1,NULL,NULL,'705186',1,'2021-04-01 10:08:31','2021-04-01 10:08:31'),(3355,67,'50','MSH000044938','','MSH000044938','','CHRISTINE MAUREEN AWUY','CHRISTINE MAUREEN AWUY','LEONARDO LEARNING CENTRE','JL NIAGA HIJAU RAYA NO 37','PONDOK INDAH','','','JAKARTA SELATAN','12310','','NCS','Reguler',1,3,'2021-04-01 10:20:26',1,NULL,NULL,1,NULL,NULL,'705186',1,'2021-04-01 10:08:31','2021-04-01 10:08:31'),(3356,67,'51','MSH000044939','','MSH000044939','','MOCH SIDUP','MOCH SIDUP','ARTERI PERMATA HIJAU','JL JURAGANAN I NO 3 - RT 08/12','','','','JAKARTA SELATAN','12210','','NCS','Reguler',1,3,'2021-04-01 10:20:26',1,NULL,NULL,1,NULL,NULL,'705186',1,'2021-04-01 10:08:31','2021-04-01 10:08:31'),(3357,67,'52','MSH000045370','','MSH000045370','','HASTO DWIRATNO','HASTO DWIRATNO','STAR ENERGY GEOTERMAL SALAK LTD','GEDUNG SENTRAL SENAYAN 2 LANTAI 24','JL ASIA AFRIKA NO 8 SENAYAN','','','JAKARTA PUSAT','10270','','NCS','Reguler',1,3,'2021-04-01 10:20:26',1,NULL,NULL,1,NULL,NULL,'705186',1,'2021-04-01 10:08:31','2021-04-01 10:08:31'),(3358,67,'53','MSH000045434','','MSH000045434','','YOHANES PRANATA','YOHANES PRANATA','JL MALAKA HIJAU NO 31','RT 12/10','PONDOK KOPI - DUREN SAWIT','','','JAKARTA TIMUR','13460','','NCS','Reguler',1,3,'2021-04-01 10:20:26',1,NULL,NULL,1,NULL,NULL,'705186',1,'2021-04-01 10:08:31','2021-04-01 10:08:31'),(3359,67,'54','MSH000045499','','MSH000045499','','HASTO DWIRATNO','HASTO DWIRATNO','STAR ENERGY GEOTERMAL SALAK LTD','GEDUNG SENTRAL SENAYAN 2 LANTAI 24','JL ASIA AFRIKA NO 8 SENAYAN','','','JAKARTA PUSAT','10270','','NCS','Reguler',1,3,'2021-04-01 10:20:26',1,NULL,NULL,1,NULL,NULL,'705186',1,'2021-04-01 10:08:31','2021-04-01 10:08:31'),(3360,67,'55','P00000063857','','P00000063857','','BRODJOL POERWANTO','BRODJOL POERWANTO','JL MELATI III/B4 NO 3','BATURAN INDAH','JAJAR','','','SOLO','57171','','NCS','Reguler',1,3,'2021-04-01 10:20:26',1,NULL,NULL,1,NULL,NULL,'705186',1,'2021-04-01 10:08:32','2021-04-01 10:08:32'),(3361,67,'56','P00000064044','','P00000064044','','BANGUN JUMEDI','BANGUN JUMEDI','PONDOK CILEGON INDAH','BLOK D 107 NO 15','RT 06/04','','','CILEGON','42423','','NCS','Reguler',1,3,'2021-04-01 10:20:26',1,NULL,NULL,1,NULL,NULL,'705186',1,'2021-04-01 10:08:32','2021-04-01 10:08:32'),(3362,67,'57','FP0001008902','','FP0001008902','','NENI HERIANTI','NENI HERIANTI','JL.LETDA SUJONO GG.SUKSES NO.6','','','','','MEDAN','20223','','NCS','Reguler',1,3,'2021-04-01 10:20:26',1,NULL,NULL,1,NULL,NULL,'705186',1,'2021-04-01 10:08:32','2021-04-01 10:08:32'),(3363,67,'58','FP0001017704','','FP0001017704','','UJANG DIMYATI','UJANG DIMYATI','JL PADASUKA BUNGUR SARI 1 N0 9','GG SEJAHTERA I RT 05 RW 05','KEL PADASUKA KEC CIBEUNYING KIDUL','','','BANDUNG','40192','','NCS','Reguler',1,3,'2021-04-01 10:20:26',1,NULL,NULL,1,NULL,NULL,'705186',1,'2021-04-01 10:08:32','2021-04-01 10:08:32'),(3364,67,'59','HS0000042375','','HS0000042375','','M EDDY HARDIANTO','M EDDY HARDIANTO','PUPUK KALIMANTAN TIMUR PT','BAG KOMERSIAL/GD UMAWAR LT 3','JL KAPTEN TENDEAN NO 28','','','JAKARTA SELATAN','12740','','NCS','Reguler',1,3,'2021-04-01 10:20:26',1,NULL,NULL,1,NULL,NULL,'705186',1,'2021-04-01 10:08:32','2021-04-01 10:08:32'),(3365,67,'60','MPP000010353','','MPP000010353','','SUJASRINI','SUJASRINI','PERUMAHAN MEDOGREEN','JL. TAMAN BOUGENVIL 8 NO 18','LIPPO CIKARANG','','','BEKASI','17530','','NCS','Reguler',1,3,'2021-04-01 10:20:26',1,NULL,NULL,1,NULL,NULL,'705186',1,'2021-04-01 10:08:32','2021-04-01 10:08:32'),(3366,67,'61','MPP000016540','','MPP000016540','','SELLVYLIA','SELLVYLIA','TAMAN KEBON JERUK INTERKON','BLK C1 NO.54 KB.JERUK','','','','JAKARTA BARAT','11530','','NCS','Reguler',1,3,'2021-04-01 10:20:26',1,NULL,NULL,1,NULL,NULL,'705186',1,'2021-04-01 10:08:32','2021-04-01 10:08:32'),(3367,67,'62','MSH000032920','','MSH000032920','','KOMANG MUTIARA AYU INDRA','KOMANG MUTIARA AYU INDRA','DUSUN TEGAL SARI','DESA BUBUNAN','KEC SERIRIT - BULELENG','','','SINGARAJA','81153','','NCS','Reguler',1,3,'2021-04-01 10:20:26',1,NULL,NULL,1,NULL,NULL,'705186',1,'2021-04-01 10:08:32','2021-04-01 10:08:32'),(3368,67,'63','PE0000003010','','PE0000003010','','ASLAM','ASLAM','KOMP HARMONI MAS BLK C NO 11','JL JEMBATAN II','','','','JAKARTA UTARA','14450','','NCS','Reguler',1,3,'2021-04-01 10:20:26',1,NULL,NULL,1,NULL,NULL,'705186',1,'2021-04-01 10:08:32','2021-04-01 10:08:32'),(3369,67,'64','H00000005474','','H00000005474','','ROZINALDI','ROZINALDI','JL TEBET TIMUR DALAM 1 I','NO.217','','','','JAKARTA SELATAN','12820','','NCS','Reguler',1,3,'2021-04-01 10:20:26',1,NULL,NULL,1,NULL,NULL,'705186',1,'2021-04-01 10:08:32','2021-04-01 10:08:32'),(3370,67,'65','P00000126180','','P00000126180','','BENNY KARTIJO HARTANTO','BENNY KARTIJO HARTANTO','SCHERING PLOUGH INDONESIA PT','WISMA BANK DHARMALA LT 10','JL JEND SUDIRMAN KAV 28','','','JAKARTA SELATAN','12910','','NCS','Reguler',1,3,'2021-04-01 10:20:26',1,NULL,NULL,1,NULL,NULL,'705186',1,'2021-04-01 10:08:32','2021-04-01 10:08:32'),(3371,67,'66','FP0001010034','','FP0001010034','','AGUS YOHAN PENDI','AGUS YOHAN PENDI','JL SEROJA GG RAMA NO 53 RT 38','KEC TARAKAN BARAT','KOTA TARAKAN 77111','','','TARAKAN','77111','','NCS','Reguler',1,3,'2021-04-01 10:20:26',1,NULL,NULL,1,NULL,NULL,'705186',1,'2021-04-01 10:08:33','2021-04-01 10:08:33'),(3372,67,'67','HR3000005170','','HR3000005170','','RAHMAN SIAGIAN','RAHMAN SIAGIAN','KOMPL DEPT KEUANGAN RAWAMANGUN','JL PERHUBUNGAN VI/D16-RT 10/07','JATI - PULOGADUNG','','','JAKARTA TIMUR','13220','','NCS','Reguler',1,3,'2021-04-01 10:20:26',1,NULL,NULL,1,NULL,NULL,'705186',1,'2021-04-01 10:08:33','2021-04-01 10:08:33'),(3373,67,'68','MPP000008635','','MPP000008635','','DEDY DWI SISWANTO','DEDY DWI SISWANTO','JL. RASA MALA NO. 10 RT14/RW06','','','','','JAKARTA TIMUR','13120','','NCS','Reguler',1,3,'2021-04-01 10:20:26',1,NULL,NULL,1,NULL,NULL,'705186',1,'2021-04-01 10:08:33','2021-04-01 10:08:33'),(3374,67,'69','MPP000020999','','MPP000020999','','RISE MEILANI','RISE MEILANI','JL RAYA AMBIR NO.32 RT.01 RW.08','PAKUTANDANG CIPARAY','','','','BANDUNG','40381','','NCS','Reguler',1,3,'2021-04-01 10:20:26',1,NULL,NULL,1,NULL,NULL,'705186',1,'2021-04-01 10:08:33','2021-04-01 10:08:33'),(3375,67,'70','MSH000014818','','MSH000014818','','CHRISTINE','CHRISTINE','ASTAKARYA BUSANAPRIMA PT','KOMPL VILLA SAWO KAV 25','JL SAWO - CIPETE','','','JAKARTA SELATAN','12150','','NCS','Reguler',1,3,'2021-04-01 10:20:26',1,NULL,NULL,1,NULL,NULL,'705186',1,'2021-04-01 10:08:33','2021-04-01 10:08:33'),(3376,67,'71','MSH000022482','','MSH000022482','','MARIA DEWI INGGARSARI','MARIA DEWI INGGARSARI','PERUM KELAPA DUA','JL BIDAR V/15 RT 05/08','','','','TANGERANG','15810','','NCS','Reguler',1,3,'2021-04-01 10:20:26',1,NULL,NULL,1,NULL,NULL,'705186',1,'2021-04-01 10:08:33','2021-04-01 10:08:33'),(3377,67,'72','MSH000069364','','MSH000069364','','DIANA FIDAWISI','DIANA FIDAWISI','TAMAN WISMA ASRI','BLOK BB-21 NO 7','TELUK PUCUNG - BEKASI UTARA','','','BEKASI','17121','','NCS','Reguler',1,3,'2021-04-01 10:20:26',1,NULL,NULL,1,NULL,NULL,'705186',1,'2021-04-01 10:08:33','2021-04-01 10:08:33'),(3378,67,'73','MSH000111362','','MSH000111362','','FARIDA SOVIA DEWI','FARIDA SOVIA DEWI','PT MUSTIKA CITRA RASA','JL GAJAH MADA NO 172 - 173 KEL KEAGUNGAN','KEC TAMAN SARI JAKARTA BARAT','','','JAKARTA BARAT','11130','','NCS','Reguler',1,3,'2021-04-01 10:20:26',1,NULL,NULL,1,NULL,NULL,'705186',1,'2021-04-01 10:08:33','2021-04-01 10:08:33'),(3379,67,'74','MSR000015077','','MSR000015077','','YUSTI RETNANINGRUM','YUSTI RETNANINGRUM','NOTARIS NY ESTHER MERCIA S, MENARA','IMPERIUM LT 9 UNIT D METROPOLITAN','KUNINGAN SUPERBLOK KAV A NO 1','','','JAKARTA SELATAN','12980','','NCS','Reguler',1,3,'2021-04-01 10:20:26',1,NULL,NULL,1,NULL,NULL,'705186',1,'2021-04-01 10:08:33','2021-04-01 10:08:33'),(3380,67,'75','PE0000034750','','PE0000034750','','YAZINTHA ETIE PUTRAWATI','YAZINTHA ETIE PUTRAWATI','JL MUSYAWARAH I/10','KEBON JERUK','','','','JAKARTA BARAT','11530','','NCS','Reguler',1,3,'2021-04-01 10:20:26',1,NULL,NULL,1,NULL,NULL,'705186',1,'2021-04-01 10:08:33','2021-04-01 10:08:33'),(3381,67,'76','PE0000034791','','PE0000034791','','ATI ISFIATI','ATI ISFIATI','JL KRAMAT BATU NO 31-A','RT 07/05 CILANDAK','','','','JAKARTA SELATAN','12420','','NCS','Reguler',1,3,'2021-04-01 10:20:26',1,NULL,NULL,1,NULL,NULL,'705186',1,'2021-04-01 10:08:33','2021-04-01 10:08:33'),(3382,67,'77','P00000067176','','P00000067176','','PUTRI TAKARINI RATNASARI','PUTRI TAKARINI RATNASARI','JL CIPETE IV-16','RT 002/04','','','','JAKARTA','12410','','NCS','Reguler',1,3,'2021-04-01 10:20:26',1,NULL,NULL,1,NULL,NULL,'705186',1,'2021-04-01 10:08:33','2021-04-01 10:08:33'),(3383,67,'78','FP0001024884','','FP0001024884','','HANDI','HANDI','JL RESIDEN A ROZAK PATAL PUSRI','NO 07 RT 049/006','KEC ILIR TIMUR III','','','PALEMBANG','30114','','NCS','Reguler',1,3,'2021-04-01 10:20:26',1,NULL,NULL,1,NULL,NULL,'705186',1,'2021-04-01 10:08:34','2021-04-01 10:08:34'),(3384,67,'79','FP0001024928','','FP0001024928','','LIE PHIN','LIE PHIN','RUKO INTI BATAM BLOK N NO 6','RT 02 RW 015 KEC BATAM CENTER','KEL SEIPANAS, KOTA BATAM','','','BATAM','29400','','NCS','Reguler',1,3,'2021-04-01 10:20:26',1,NULL,NULL,1,NULL,NULL,'705186',1,'2021-04-01 10:08:34','2021-04-01 10:08:34'),(3385,67,'80','LP2000015225','','LP2000015225','','FRANSISCA ANANDANI P','FRANSISCA ANANDANI P','ANUGRAH PRANANDA PT','JLN RING ROAD TIMUR NO 6','PEREMPATAN KOTA GEDE,BANGUN PAPAN','','','YOGYAKRTA','55198','','NCS','Reguler',1,3,'2021-04-01 10:20:26',1,NULL,NULL,1,NULL,NULL,'705186',1,'2021-04-01 10:08:34','2021-04-01 10:08:34'),(3386,67,'81','MBG000010299','','MBG000010299','','GROHO WIDAGDO','GROHO WIDAGDO','KOMPLEK  BHARATA NO 7 IBU.MULYANI','JL RS ANCOL - RT 12/02','SUNTER','','','JAKARTA UTARA','14350','','NCS','Reguler',1,3,'2021-04-01 10:20:26',1,NULL,NULL,1,NULL,NULL,'705186',1,'2021-04-01 10:08:34','2021-04-01 10:08:34'),(3387,67,'82','MPP000017403','','MPP000017403','','MOHAMAD HAPID','MOHAMAD HAPID','JLALUR LAUT UJUNG NO 47 RT 1/9','RAWABADAK UTARA','','','','JAKARTA UTARA','14310','','NCS','Reguler',1,3,'2021-04-01 10:20:26',1,NULL,NULL,1,NULL,NULL,'705186',1,'2021-04-01 10:08:34','2021-04-01 10:08:34'),(3388,67,'83','MPP000018052','','MPP000018052','','IRENE OETOMO','IRENE OETOMO','PT.PRISMA','JL KEMAYORAN KETAPANG NO 149','KEMAYORAN','','','JAKARTA PUSAT','10620','','NCS','Reguler',1,3,'2021-04-01 10:20:26',1,NULL,NULL,1,NULL,NULL,'705186',1,'2021-04-01 10:08:34','2021-04-01 10:08:34'),(3389,67,'84','MSH000033646','','MSH000033646','','BAWONO','BAWONO','PERUM PERMATA GEDANGAN','GEDANGAN','BLOK H5 NO. 26','','','SIDOARJO','61254','','NCS','Reguler',1,3,'2021-04-01 10:20:26',1,NULL,NULL,1,NULL,NULL,'705186',1,'2021-04-01 10:08:34','2021-04-01 10:08:34'),(3390,67,'85','MSH000033730','','MSH000033730','','BAWONO','BAWONO','PERUM PERMATA GEDANGAN','GEDANGAN','BLOK H5 NO. 26','','','SIDOARJO','61254','','NCS','Reguler',1,3,'2021-04-01 10:20:26',1,NULL,NULL,1,NULL,NULL,'705186',1,'2021-04-01 10:08:35','2021-04-01 10:08:35'),(3391,67,'86','MSH000102943','','MSH000102943','','PRABA SUNAR ARISTYAWAN','PRABA SUNAR ARISTYAWAN','RAYA HOUSING L8','RT 06/01','PONDOK GEDE','','','BEKASI','17411','','NCS','Reguler',1,3,'2021-04-01 10:20:26',1,NULL,NULL,1,NULL,NULL,'705186',1,'2021-04-01 10:08:35','2021-04-01 10:08:35'),(3392,67,'87','MSH000102944','','MSH000102944','','PRABA SUNAR ARISTYAWAN','PRABA SUNAR ARISTYAWAN','RAYA HOUSING L8','RT 06/01','PONDOK GEDE','','','BEKASI','17411','','NCS','Reguler',1,3,'2021-04-01 10:20:26',1,NULL,NULL,1,NULL,NULL,'705186',1,'2021-04-01 10:08:35','2021-04-01 10:08:35'),(3393,67,'88','FP0001030678','','FP0001030678','','NI PUTU PUTRI ADNYANI','NI PUTU PUTRI ADNYANI','CV.DHARMA PUTRA','JL.UNTUNG SURAPATI NO.273','KUTA','','','AMLAPURA','80811','','NCS','Reguler',1,3,'2021-04-01 10:20:26',1,NULL,NULL,1,NULL,NULL,'705186',1,'2021-04-01 10:08:35','2021-04-01 10:08:35'),(3394,67,'89','CI0000003407','','CI0000003407','','EVINA HU','EVINA HU','PANTAI INDAH KAPUK','JL WALET PERMAI I/19 RT 11/06','KAPUK MUARA - PENJARINGAN','','','JAKARTA UTARA','14460','','NCS','Reguler',1,3,'2021-04-01 10:20:26',1,NULL,NULL,1,NULL,NULL,'705186',1,'2021-04-01 10:08:35','2021-04-01 10:08:35'),(3395,67,'90','FP0001021806','','FP0001021806','','EPA','EPA','GG.BATU RUBI X NO.14','RT.03/02 BUKIT BESAR','BUKIT INTAN','','','PANGKALPINANG','33144','','NCS','Reguler',1,3,'2021-04-01 10:20:26',1,NULL,NULL,1,NULL,NULL,'705186',1,'2021-04-01 10:08:35','2021-04-01 10:08:35'),(3396,67,'91','FP0001030706','','FP0001030706','','NUR FARIDA DAYITO DEWI','NUR FARIDA DAYITO DEWI','JL PIERE TENDEAN','RT01 RW05','WONOKARTO','','','WONOGIRI','57613','','NCS','Reguler',1,3,'2021-04-01 10:20:26',1,NULL,NULL,1,NULL,NULL,'705186',1,'2021-04-01 10:08:35','2021-04-01 10:08:35'),(3397,67,'92','FP0001031221','','FP0001031221','','IVA SRIYANTI','IVA SRIYANTI','JL.BANGKA 11','RT/RW 04/07 GUBENG','DARMO','','','SURABAYA','60281','','NCS','Reguler',1,3,'2021-04-01 10:20:26',1,NULL,NULL,1,NULL,NULL,'705186',1,'2021-04-01 10:08:35','2021-04-01 10:08:35'),(3398,67,'93','MBS000029334','','MBS000029334','','DIAN PURNAMA ANUGERAH','DIAN PURNAMA ANUGERAH','UNIV AIRLANGGA','JL AIRLANGGA NO 1','','','','SURABAYA','60000','','NCS','Reguler',1,3,'2021-04-01 10:20:26',1,NULL,NULL,1,NULL,NULL,'705186',1,'2021-04-01 10:08:36','2021-04-01 10:08:36'),(3399,67,'94','MSH000025742','','MSH000025742','','WENNY MUSTIKA ASIH','WENNY MUSTIKA ASIH','JL JUANDA NO 10','.','','','','SURAKARTA','57122','','NCS','Reguler',1,3,'2021-04-01 10:20:26',1,NULL,NULL,1,NULL,NULL,'705186',1,'2021-04-01 10:08:36','2021-04-01 10:08:36'),(3400,67,'95','MSH000064750','','MSH000064750','','BUDI SUMIANTORO','BUDI SUMIANTORO','LEGENDA WISATA NAPOLEON E1/9','KEL CIBINONG','CIBUBUR','','','BOGOR','16965','','NCS','Reguler',1,3,'2021-04-01 10:20:26',1,NULL,NULL,1,NULL,NULL,'705186',1,'2021-04-01 10:08:36','2021-04-01 10:08:36'),(3401,67,'96','MSH000064882','','MSH000064882','','BUDI SUMIANTORO','BUDI SUMIANTORO','LEGENDA WISATA NAPOLEON E1/9','KEL CIBINONG','CIBUBUR','','','BOGOR','16965','','NCS','Reguler',1,3,'2021-04-01 10:20:26',1,NULL,NULL,1,NULL,NULL,'705186',1,'2021-04-01 10:08:36','2021-04-01 10:08:36'),(3402,67,'97','MSH000103277','','MSH000103277','','RUDY WALUJO','RUDY WALUJO','JL KALIURANG KM 5 GG GROMPOL','NO 1 RT 12/05 KEL CATUR TUNGGAL','DEPOK SLEMAN DS KOCORAN BARU','','','SLEMAN','55281','','NCS','Reguler',1,3,'2021-04-01 10:20:26',1,NULL,NULL,1,NULL,NULL,'705186',1,'2021-04-01 10:08:36','2021-04-01 10:08:36'),(3403,67,'98','MSR000015740','','MSR000015740','','DIANA WIJANTO','DIANA WIJANTO','CV INTI ABADI SEJAHTERA (nyaikonde)','JL MUARA SARI II NO 50','KEL KEBON LEGA KEC BOJONG LOA KIDUL','','','BANDUNG','40235','','NCS','Reguler',1,3,'2021-04-01 10:20:26',1,NULL,NULL,1,NULL,NULL,'705186',1,'2021-04-01 10:08:36','2021-04-01 10:08:36'),(3404,67,'99','MSR000015743','','MSR000015743','','DIANA WIJANTO','DIANA WIJANTO','CV INTI ABADI SEJAHTERA (nyaikonde)','JL MUARA SARI II NO 50','KEL KEBON LEGA KEC BOJONG LOA KIDUL','','','BANDUNG','40235','','NCS','Reguler',1,3,'2021-04-01 10:20:26',1,NULL,NULL,1,NULL,NULL,'705186',1,'2021-04-01 10:08:36','2021-04-01 10:08:36'),(3405,67,'100','H00000013673','','H00000013673','','I NYOMAN CANDRAJAYA','I NYOMAN CANDRAJAYA','PT GS BATTERY/DEPT IA & PDCA','JL LAKSDA YOS SUDARSO','SUNTER I','','','JAKARTA UTARA','14350','','NCS','Reguler',1,3,'2021-04-01 10:20:26',1,NULL,NULL,1,NULL,NULL,'705186',1,'2021-04-01 10:08:36','2021-04-01 10:08:36'),(3406,67,'101','P00000079306','','P00000079306','','ANDHIKA ADHI P','ANDHIKA ADHI P','JL KAMPUNG MELAYU KECIL I/30','KEL BUKIT PURI RT 13/10','TEBET','','','JAKARTA','12840','','NCS','Reguler',1,3,'2021-04-01 10:20:26',1,NULL,NULL,1,NULL,NULL,'705186',1,'2021-04-01 10:08:36','2021-04-01 10:08:36'),(3407,67,'102','FP0001027800','','FP0001027800','','UJANG SYAFRUDIRMAN','UJANG SYAFRUDIRMAN','TAMAN LOPANG BLOK.B.2 NO.1','RT.005/007 LOPANG SERANG','BANTEN','','','SERANG','42113','','NCS','Reguler',1,3,'2021-04-01 10:20:26',1,NULL,NULL,1,NULL,NULL,'705186',1,'2021-04-01 10:08:36','2021-04-01 10:08:36'),(3408,67,'103','MBS000028589','','MBS000028589','','DEDY HERI KUSNIADY','DEDY HERI KUSNIADY','JL SOLEH ISKANDAR RUKO 16','CIBULU','NO 1A RT 006 RW 002','','','BOGOR','16151','','NCS','Reguler',1,3,'2021-04-01 10:20:26',1,NULL,NULL,1,NULL,NULL,'705186',1,'2021-04-01 10:08:36','2021-04-01 10:08:36'),(3409,67,'104','MPP000011726','','MPP000011726','','MUHAMAD ALI','MUHAMAD ALI','JL KH SOLEH ALI NO 19','RT03/02','SUKASARI','','','TANGERANG','15118','','NCS','Reguler',1,3,'2021-04-01 10:20:26',1,NULL,NULL,1,NULL,NULL,'705186',1,'2021-04-01 10:08:37','2021-04-01 10:08:37'),(3410,67,'105','MPP000012542','','MPP000012542','','RAHMAT DANIEL','RAHMAT DANIEL','JL.USMAN NO.57 RT.12/11','KELAPA DUA WETAN,CIRACAS','','','','JAKARTA TIMUR','13730','','NCS','Reguler',1,3,'2021-04-01 10:20:26',1,NULL,NULL,1,NULL,NULL,'705186',1,'2021-04-01 10:08:37','2021-04-01 10:08:37'),(3411,67,'106','MSH000018289','','MSH000018289','','TIENE ROSTINI','TIENE ROSTINI','VILLA BUKIT MAS ESTATE A10','BJ KONENG KM 1   RT 05/18','CIBENYING-CIMENYAN','','','BANDUNG','40197','','NCS','Reguler',1,3,'2021-04-01 10:20:26',1,NULL,NULL,1,NULL,NULL,'705186',1,'2021-04-01 10:08:37','2021-04-01 10:08:37'),(3412,67,'107','MSH000018443','','MSH000018443','','HANNY MONICA','HANNY MONICA','CITRA GARDEN 2 MEDITERANIA','BLK.0-10 NO.7','PEGADUNGAN - KALIDERES','','','JAKARTA BARAT','11840','','NCS','Reguler',1,3,'2021-04-01 10:20:26',1,NULL,NULL,1,NULL,NULL,'705186',1,'2021-04-01 10:08:37','2021-04-01 10:08:37'),(3413,67,'108','MSH000020725','','MSH000020725','','KOK SIN','KOK SIN','JL B ZEIN HAMID','GG SEROJA NO 18 A','TITI KUNING - MEDAN JOHOR','','','MEDAN','20146','','NCS','Reguler',1,3,'2021-04-01 10:20:26',1,NULL,NULL,1,NULL,NULL,'705186',1,'2021-04-01 10:08:37','2021-04-01 10:08:37'),(3414,67,'109','MSH000020957','','MSH000020957','','HAM DJIAN TJEUNG','HAM DJIAN TJEUNG','PT MITRA KARUNIA','JL PLUIT SELATAN RAYA NO 45','','','','JAKARTA UTARA','14450','','NCS','Reguler',1,3,'2021-04-01 10:20:26',1,NULL,NULL,1,NULL,NULL,'705186',1,'2021-04-01 10:08:37','2021-04-01 10:08:37'),(3415,67,'110','MSH000089650','','MSH000089650','','DWI RAHAYU YULIAWATI','DWI RAHAYU YULIAWATI','TAMAN PERMATA 2','BLOK A1 NO:12','BINTARO JAYA SEKTOR 9','','','TANGERANG','15229','','NCS','Reguler',1,3,'2021-04-01 10:20:26',1,NULL,NULL,1,NULL,NULL,'705186',1,'2021-04-01 10:08:38','2021-04-01 10:08:38'),(3416,67,'111','MSH000089713','','MSH000089713','','DWI RAHAYU YULIAWATI','DWI RAHAYU YULIAWATI','TAMAN PERMATA 2','BLOK A1 NO:12','BINTARO JAYA SEKTOR 9','','','TANGERANG','15229','','NCS','Reguler',1,3,'2021-04-01 10:20:26',1,NULL,NULL,1,NULL,NULL,'705186',1,'2021-04-01 10:08:38','2021-04-01 10:08:38'),(3417,67,'112','MSH000100386','','MSH000100386','','KUKUH ARI ADI','KUKUH ARI ADI','TAMAN SARI PERSADA BOGOR','JL SOLEH ISKANDAR','CLUSTER ORCHID BLOK C17 NO 7','','','BOGOR','16166','','NCS','Reguler',1,3,'2021-04-01 10:20:26',1,NULL,NULL,1,NULL,NULL,'705186',1,'2021-04-01 10:08:38','2021-04-01 10:08:38'),(3418,67,'113','FP0001014043','','FP0001014043','','MOCH JUSUF ABDULLOH','MOCH JUSUF ABDULLOH','JL.PAKUAN NO.3 DSN.POGORSARI','RT.06/06 DESA KAWALIMUKTI KEC.KAWALI','KAB CIAMIS','','','CIAMIS','46253','','NCS','Reguler',1,3,'2021-04-01 10:20:26',1,NULL,NULL,1,NULL,NULL,'705186',1,'2021-04-01 10:08:38','2021-04-01 10:08:38'),(3419,67,'114','FP0001016049','','FP0001016049','','ADHITYA ARNANTINO','ADHITYA ARNANTINO','GRIYA KEBRAON BARAT CI/15-B','RT/RW 02/09','KARANG PILANG','','','SURABAYA','60222','','NCS','Reguler',1,3,'2021-04-01 10:20:26',1,NULL,NULL,1,NULL,NULL,'705186',1,'2021-04-01 10:08:38','2021-04-01 10:08:38'),(3420,67,'115','FP0001018095','','FP0001018095','','FEBRY MAULIDA','FEBRY MAULIDA','JL.PINUS NO.11 RT.03/04','TANGKERANG UTARA','BUKITRAYA','','','PEKANBARU','28289','','NCS','Reguler',1,3,'2021-04-01 10:20:26',1,NULL,NULL,1,NULL,NULL,'705186',1,'2021-04-01 10:08:38','2021-04-01 10:08:38'),(3421,67,'116','HN0000003483','','HN0000003483','','FELLY WEHELMINA PANG','FELLY WEHELMINA PANG','JL SEKUTA 57 NO 9','SANUR','','','','DENPASAR','80228','','NCS','Reguler',1,3,'2021-04-01 10:20:26',1,NULL,NULL,1,NULL,NULL,'705186',1,'2021-04-01 10:08:38','2021-04-01 10:08:38'),(3422,67,'117','MPP000006003','','MPP000006003','','FAJAR SETYAWAN','FAJAR SETYAWAN','JL.KEDASI 8 NO.130A RUKO.KEDASI','JABABEKA,CKR.UTR','MANUNGGAL JAYA CV','','','BEKASI','17550','','NCS','Reguler',1,3,'2021-04-01 10:20:26',1,NULL,NULL,1,NULL,NULL,'705186',1,'2021-04-01 10:08:38','2021-04-01 10:08:38'),(3423,67,'118','MPP000012580','','MPP000012580','','BANGKIT ZAKYA DAMBA','BANGKIT ZAKYA DAMBA','MAMA LAUNDRY','JL PAHLAWAN RAYA NO.35D  RT 02/07','REMPOA, CIPUTAT TIMUR TANGERANG SLT','','','TANGERANG','15412','','NCS','Reguler',1,3,'2021-04-01 10:20:26',1,NULL,NULL,1,NULL,NULL,'705186',1,'2021-04-01 10:08:38','2021-04-01 10:08:38'),(3424,67,'119','MPP000020091','','MPP000020091','','YUSUP ADIANTO','YUSUP ADIANTO','MARGOREJO 4F/111A','SURABAYA','','','','DARMO','60238','','NCS','Reguler',1,3,'2021-04-01 10:20:26',1,NULL,NULL,1,NULL,NULL,'705186',1,'2021-04-01 10:08:38','2021-04-01 10:08:38'),(3425,67,'120','MSH000034033','','MSH000034033','','TIMI HASANAH','TIMI HASANAH','RUMAH SAKIT MELATI','JL MERDEKA NO 92','','','','TANGERANG','15114','','NCS','Reguler',1,3,'2021-04-01 10:20:26',1,NULL,NULL,1,NULL,NULL,'705186',1,'2021-04-01 10:08:38','2021-04-01 10:08:38'),(3426,67,'121','MSH000038149','','MSH000038149','','I KOMANG AGUS HENDRAWAN','I KOMANG AGUS HENDRAWAN','JL NUANSA UTAMA SELATAN','JIMBARAN BALI','XVII NO.24','','','DENPASAR','80361','','NCS','Reguler',1,3,'2021-04-01 10:20:26',1,NULL,NULL,1,NULL,NULL,'705186',1,'2021-04-01 10:08:39','2021-04-01 10:08:39'),(3427,67,'122','MSH000046205','','MSH000046205','','MARYATI SOEMARDJO','MARYATI SOEMARDJO','TRI UTAMA SARASWATI PT','BUKIT SENTUL','JL TOPAZ NO 19','','','BOGOR','16969','','NCS','Reguler',1,3,'2021-04-01 10:20:26',1,NULL,NULL,1,NULL,NULL,'705186',1,'2021-04-01 10:08:39','2021-04-01 10:08:39'),(3428,67,'123','MSH000046308','','MSH000046308','','MARYATI SOEMARDJO','MARYATI SOEMARDJO','TRI UTAMA SARASWATI PT','BUKIT SENTUL','JL TOPAZ NO 19','','','BOGOR','16969','','NCS','Reguler',1,3,'2021-04-01 10:20:26',1,NULL,NULL,1,NULL,NULL,'705186',1,'2021-04-01 10:08:39','2021-04-01 10:08:39'),(3429,67,'124','MSH000047231','','MSH000047231','','EKA PRASANTY','EKA PRASANTY','JL CEMPAKA BARU VIII NO 4','CEMPAKA BARU - KEMAYORAN','RT 08/07','','','JAKARTA PUSAT','10640','','NCS','Reguler',1,3,'2021-04-01 10:20:26',1,NULL,NULL,1,NULL,NULL,'705186',1,'2021-04-01 10:08:39','2021-04-01 10:08:39'),(3430,67,'125','MSH000085550','','MSH000085550','','RUDY','RUDY','INTI MARINA NETTING PT','JL POGLAR NO 55','KEDAUNG KALIANGKE','','','JAKARTA BARAT','11710','','NCS','Reguler',1,3,'2021-04-01 10:20:26',1,NULL,NULL,1,NULL,NULL,'705186',1,'2021-04-01 10:08:39','2021-04-01 10:08:39'),(3431,67,'126','MSR000010115','','MSR000010115','','MADE YUNNI DIANTARI','MADE YUNNI DIANTARI','JL CEKOMARIA','GG I NO 8,PEGUYANGAN KANGIN','DENPASAR BRT','','','DENPASAR','80115','','NCS','Reguler',1,3,'2021-04-01 10:20:26',1,NULL,NULL,1,NULL,NULL,'705186',1,'2021-04-01 10:08:39','2021-04-01 10:08:39'),(3432,67,'127','MSR000010118','','MSR000010118','','MADE YUNNI DIANTARI','MADE YUNNI DIANTARI','JL CEKOMARIA','GG I NO 8, PEGUYANGAN KANGIN','DENPASAR BRT','','','DENPASAR','80115','','NCS','Reguler',1,3,'2021-04-01 10:20:26',1,NULL,NULL,1,NULL,NULL,'705186',1,'2021-04-01 10:08:39','2021-04-01 10:08:39'),(3433,67,'128','P00000120580','','P00000120580','','PUTRI TAKARINI RATNASARI','PUTRI TAKARINI RATNASARI','JL CIPETE IV-16','RT 002/04','','','','JAKARTA SELATAN','12410','','NCS','Reguler',1,3,'2021-04-01 10:20:26',1,NULL,NULL,1,NULL,NULL,'705186',1,'2021-04-01 10:08:39','2021-04-01 10:08:39'),(3434,67,'129','CI2000001002','','CI2000001002','','JEMMY SISWANTO W','JEMMY SISWANTO W','GRAHATAMA WIRA KONTRINDO PT','JL HAYAM WURUK 1 RM','','','','JAKARTA PUSAT','10120','','NCS','Reguler',1,3,'2021-04-01 10:20:26',1,NULL,NULL,1,NULL,NULL,'705186',1,'2021-04-01 10:08:40','2021-04-01 10:08:40'),(3435,67,'130','FP0001026013','','FP0001026013','','NASRULLOH','NASRULLOH','MULTI ELEKTRIK SEJAHTERINDO PT','JL.RAYA KARANGAN KM1 PUSPASARI','RT.02/03 NO.50 CITEREP','','','BOGOR','16810','','NCS','Reguler',1,3,'2021-04-01 10:20:26',1,NULL,NULL,1,NULL,NULL,'705186',1,'2021-04-01 10:08:40','2021-04-01 10:08:40'),(3436,67,'131','HS0000046403','','HS0000046403','','DJUNAEDI HOSTIADI','DJUNAEDI HOSTIADI','JL LENGKONG KECIL NO 41','PALEDANG','LENGKONG','','','BANDUNG','40261','','NCS','Reguler',1,3,'2021-04-01 10:20:26',1,NULL,NULL,1,NULL,NULL,'705186',1,'2021-04-01 10:08:40','2021-04-01 10:08:40'),(3437,67,'132','LPS000015360','','LPS000015360','','DADANG DARYAMAN','DADANG DARYAMAN','AGRISATWA JAYA KENCANA PT','JL RAYA PABUARAN, CIPENDEY','KM3, KADAUNG','','','PABUARAN','41262','','NCS','Reguler',1,3,'2021-04-01 10:20:26',1,NULL,NULL,1,NULL,NULL,'705186',1,'2021-04-01 10:08:40','2021-04-01 10:08:40'),(3438,67,'133','MF0000010977','','MF0000010977','','LINDA HERAWATI SIMANGUNSONG','LINDA HERAWATI SIMANGUNSONG','PANGLIMA SUDIRMAN NO.24','','','','','MALANG','65152','','NCS','Reguler',1,3,'2021-04-01 10:20:26',1,NULL,NULL,1,NULL,NULL,'705186',1,'2021-04-01 10:08:40','2021-04-01 10:08:40'),(3439,67,'134','MPP000010454','','MPP000010454','','MEI RIANTO','MEI RIANTO','PERUMAHAN JONDUL BARU','BLOK L NO 11','JL LOKOMOTIF','','','PEKANBARU','28143','','NCS','Reguler',1,3,'2021-04-01 10:20:26',1,NULL,NULL,1,NULL,NULL,'705186',1,'2021-04-01 10:08:40','2021-04-01 10:08:40'),(3440,67,'135','MSH000022742','','MSH000022742','','BUDI HASTA SARDJONO','BUDI HASTA SARDJONO','PERUM BUKIT CENGKEH II','BLOK I 10 NO 11 RT 10/16','KEL TUGU CIMANGGIS','','','JAKARTA','16951','','NCS','Reguler',1,3,'2021-04-01 10:20:26',1,NULL,NULL,1,NULL,NULL,'705186',1,'2021-04-01 10:08:40','2021-04-01 10:08:40'),(3441,67,'136','MSH000022782','','MSH000022782','','BUDIMAN SAMUEL S','BUDIMAN SAMUEL S','PT VENTURA INVESTASI UTAMA','KOMP MANGGA DUA PLAZA (HARCO MANGGA DUA)','JL.MANGGA DUA RY BLK.N NO.2','','','JAKARTA PUSAT','10730','','NCS','Reguler',1,3,'2021-04-01 10:20:26',1,NULL,NULL,1,NULL,NULL,'705186',1,'2021-04-01 10:08:40','2021-04-01 10:08:40'),(3442,67,'137','PE0000022390','','PE0000022390','','BARNABAS EDDY J PEPE','BARNABAS EDDY J PEPE','KAMPUNG SAWAH','RT 10/ 04 NO 22','JATIWARNA PONDOK GEDE','','','BEKASI','17415','','NCS','Reguler',1,3,'2021-04-01 10:20:26',1,NULL,NULL,1,NULL,NULL,'705186',1,'2021-04-01 10:08:40','2021-04-01 10:08:40'),(3443,67,'138','PE0000022741','','PE0000022741','','TONI TAOFIK RAMDANI','TONI TAOFIK RAMDANI','BANK PANIN  , BAGIAN LOAN','KOMPLEK PERKANTORAN  PLAZA PASIFIC','BLOK.B4 NO.83,85.87 JL.BOULEVARD BARAT','','','JAKARTA UTARA','14240','','NCS','Reguler',1,3,'2021-04-01 10:20:26',1,NULL,NULL,1,NULL,NULL,'705186',1,'2021-04-01 10:08:40','2021-04-01 10:08:40'),(3444,67,'139','FP0001020910','','FP0001020910','','NANANG IRAWAN','NANANG IRAWAN','ADVANCE COMMUNICATION','JL.KRANJI NO.168 SERANG BARU RT.02/19','MUDAL WETAN,SLEMAN','','','YOGYAKARTA','55283','','NCS','Reguler',1,3,'2021-04-01 10:20:26',1,NULL,NULL,1,NULL,NULL,'705186',1,'2021-04-01 10:08:40','2021-04-01 10:08:40'),(3445,67,'140','FP0001029744','','FP0001029744','','WIDIA ROYANI','WIDIA ROYANI','JL.BIMA VII BLK XII NO.5','RT 03/21','KAYURINGIN JAYA','','','BEKASI','17144','','NCS','Reguler',1,3,'2021-04-01 10:20:26',1,NULL,NULL,1,NULL,NULL,'705186',1,'2021-04-01 10:08:41','2021-04-01 10:08:41'),(3446,67,'141','MPP000014636','','MPP000014636','','APRILIA NURDAYANTI','APRILIA NURDAYANTI','VILLA BINTARO REGENCI','JLN RIAU 2 BLOK J 3','NO 15 PONDOK AREN','','','TANGGERANG SELATAN','15224','','NCS','Reguler',1,3,'2021-04-01 10:20:26',1,NULL,NULL,1,NULL,NULL,'705186',1,'2021-04-01 10:08:41','2021-04-01 10:08:41'),(3447,67,'142','MSH000052438','','MSH000052438','','BUDI HARYANTO','BUDI HARYANTO','EPS INDONESIA PT','JL H. TABRI RT. 002/003','LEGOK','','','TANGERANG','15820','','NCS','Reguler',1,3,'2021-04-01 10:20:26',1,NULL,NULL,1,NULL,NULL,'705186',1,'2021-04-01 10:08:41','2021-04-01 10:08:41'),(3448,67,'143','CP0000002942','','CP0000002942','','MADE SUKERTI','MADE SUKERTI','JL KALI ANGET NO 3','KUTA','','','','DENPASAR','80361','','NCS','Reguler',1,3,'2021-04-01 10:20:26',1,NULL,NULL,1,NULL,NULL,'705186',1,'2021-04-01 10:08:41','2021-04-01 10:08:41'),(3449,67,'144','P00000081052','','P00000081052','','ONG SENG SIE','ONG SENG SIE','JL PADEMANGAN IV GG 18 NO 2F','RT 015/08 (ATAU NO 33)','PADEMANGAN','','','JAKARTA','14410','','NCS','Reguler',1,3,'2021-04-01 10:20:26',1,NULL,NULL,1,NULL,NULL,'705186',1,'2021-04-01 10:08:41','2021-04-01 10:08:41'),(3450,67,'145','CI0000003476','','CI0000003476','','MERLINA','MERLINA','JL. CHALCEDONY BARAT NO 8','PONDOK HIJAU GOLF','GADING SERPONG','','','TANGERANG','15811','','NCS','Reguler',1,3,'2021-04-01 10:20:26',1,NULL,NULL,1,NULL,NULL,'705186',1,'2021-04-01 10:08:41','2021-04-01 10:08:41'),(3451,67,'146','HR3000006718','','HR3000006718','','NUNGKY WARA SETYARINI','NUNGKY WARA SETYARINI','TAWANGSARI PERMAI BLOK A-31','RT.020 RW.005','KEL. TAWANGSARI KEC. TAMAN','','','SURABAYA 60262','60262','','NCS','Reguler',1,3,'2021-04-01 10:20:26',1,NULL,NULL,1,NULL,NULL,'705186',1,'2021-04-01 10:08:41','2021-04-01 10:08:41'),(3452,67,'147','MSH000010006','','MSH000010006','','GRACE NOVIANA','GRACE NOVIANA','JL SADEWA 1 NO 15','BANDUNG','','','','BANDUNG','40173','','NCS','Reguler',1,3,'2021-04-01 10:20:26',1,NULL,NULL,1,NULL,NULL,'705186',1,'2021-04-01 10:08:41','2021-04-01 10:08:41'),(3453,67,'148','MSH000040928','','MSH000040928','','ANDI ICHSAN HARUN','ANDI ICHSAN HARUN','JL CEMPAKA RAYA NO 7','RT 09/02','','','','JAKARTA PUSAT','10520','','NCS','Reguler',1,3,'2021-04-01 10:20:26',1,NULL,NULL,1,NULL,NULL,'705186',1,'2021-04-01 10:08:41','2021-04-01 10:08:41'),(3454,67,'149','MSH000082685','','MSH000082685','','STEFANUS RUDYANTO K','STEFANUS RUDYANTO K','JL.TEMPEL SUKOREJO 1/NO.15D \"RT\" 7 \"RW\"','WONOREJO-TEGALSARI','RT.01/07','','','SURABAYA','60263','','NCS','Reguler',1,3,'2021-04-01 10:20:26',1,NULL,NULL,1,NULL,NULL,'705186',1,'2021-04-01 10:08:42','2021-04-01 10:08:42'),(3455,67,'150','MSH000086157','','MSH000086157','','MARLYN MARAMIS','MARLYN MARAMIS','JL KRAMAT 5 NO 15','KRAMAT SENEN','JAKARTA PUSAT','','','INDONESIA','10430','','NCS','Reguler',1,3,'2021-04-01 10:20:26',1,NULL,NULL,1,NULL,NULL,'705186',1,'2021-04-01 10:08:42','2021-04-01 10:08:42'),(3456,67,'151','MSH000086292','','MSH000086292','','MARLYN MARAMIS','MARLYN MARAMIS','AJ DHARMALA MANULIFE / HRD','GD SAMPOERNA STATREGIC SQUARE','TOWER B LT.17','','','JAKARTA SELATAN','12000','','NCS','Reguler',1,3,'2021-04-01 10:20:26',1,NULL,NULL,1,NULL,NULL,'705186',1,'2021-04-01 10:08:42','2021-04-01 10:08:42'),(3457,67,'152','MSR000015681','','MSR000015681','','SRI HAPSARI SUWARGONO','SRI HAPSARI SUWARGONO','SWADHARMA PRIMAUTAMA - MKTG','WISMA 46 KOTA BNI BASMNT 1','JL JENDRAL SUDIRMAN KAV I','','','JAKARTA PUSAT','10220','','NCS','Reguler',1,3,'2021-04-01 10:20:26',1,NULL,NULL,1,NULL,NULL,'705186',1,'2021-04-01 10:08:42','2021-04-01 10:08:42'),(3458,67,'153','MSR000015685','','MSR000015685','','SRI HAPSARI SUWARGONO','SRI HAPSARI SUWARGONO','SWADHARMA PRIMAUTAMA - MKTG','WISMA 46 KOTA BNI BASMNT 1','JL JENDRAL SUDIRMAN KAV I','','','JAKARTA PUSAT','10220','','NCS','Reguler',1,3,'2021-04-01 10:20:26',1,NULL,NULL,1,NULL,NULL,'705186',1,'2021-04-01 10:08:42','2021-04-01 10:08:42'),(3459,67,'154','P00000029363','','P00000029363','','HINDRIA KUSUMA','HINDRIA KUSUMA','JL RAYA SATELITE UTARA BT 23','','','','','SURABAYA','60187','','NCS','Reguler',1,3,'2021-04-01 10:20:26',1,NULL,NULL,1,NULL,NULL,'705186',1,'2021-04-01 10:08:42','2021-04-01 10:08:42'),(3460,67,'155','FP0001020139','','FP0001020139','','ADRYAN SAKA SANJAYA','ADRYAN SAKA SANJAYA','JL.FLAMBOYAN V BLK.F5 NO.24','RT15/06 KEL.UJUNG MENTENG','KEC. CAKUNG','','','JAKARTA TIMUR','13910','','NCS','Reguler',1,3,'2021-04-01 10:20:26',1,NULL,NULL,1,NULL,NULL,'705186',1,'2021-04-01 10:08:42','2021-04-01 10:08:42'),(3461,67,'156','FP0001033356','','FP0001033356','','PRASHA ASMARANDANA','PRASHA ASMARANDANA','KOMP.BDN A I NO.6 JL.MERANTI','RT.07/08 PONDOK GEDE','JATIWARINGIN','','','JAKARTA','17414','','NCS','Reguler',1,3,'2021-04-01 10:20:26',1,NULL,NULL,1,NULL,NULL,'705186',1,'2021-04-01 10:08:42','2021-04-01 10:08:42'),(3462,67,'157','LP2000015685','','LP2000015685','','FEBRI AULIA ADHI NUGRAHA','FEBRI AULIA ADHI NUGRAHA','PERUMH DUREN JAYA','JL SALAK IV/718 BLOK A','BEKASI TIMUR','','','BEKASI','17111','','NCS','Reguler',1,3,'2021-04-01 10:20:26',1,NULL,NULL,1,NULL,NULL,'705186',1,'2021-04-01 10:08:42','2021-04-01 10:08:42'),(3463,67,'158','LP2000015785','','LP2000015785','','WIRYANDHINI','WIRYANDHINI','ASUR JASINDO PT','JL KAPTEN A RIVAI NO 50','ILIR BARAT I','','','PALEMBANG','30135','','NCS','Reguler',1,3,'2021-04-01 10:20:26',1,NULL,NULL,1,NULL,NULL,'705186',1,'2021-04-01 10:08:43','2021-04-01 10:08:43'),(3464,67,'159','LPP000011570','','LPP000011570','','CHRISTIAN ANDI PRASETYO','CHRISTIAN ANDI PRASETYO','BELLA VISTA REGENCY BLOK G 11','JL. BERINGIN RAYA RT11/01','KEL BERINGIN KEC NGALIYAN','','','SEMARANG','50189','','NCS','Reguler',1,3,'2021-04-01 10:20:26',1,NULL,NULL,1,NULL,NULL,'705186',1,'2021-04-01 10:08:43','2021-04-01 10:08:43'),(3465,67,'160','LPS000012288','','LPS000012288','','TOHANDI','TOHANDI','PT PERUSAHAAN GAS NEGARA','PERSERO TBK','JL MI RIDWAN RAIS NO 8','','','JAKARTA PUSAT','10110','','NCS','Reguler',1,3,'2021-04-01 10:20:26',1,NULL,NULL,1,NULL,NULL,'705186',1,'2021-04-01 10:08:43','2021-04-01 10:08:43'),(3466,67,'161','MSH000013489','','MSH000013489','','AGUSTINI','AGUSTINI','JL SEKAR JAGAT NO 8','RT 03/01','PAJANG - LAWEYAN','','','SURAKARTA','57146','','NCS','Reguler',1,3,'2021-04-01 10:20:26',1,NULL,NULL,1,NULL,NULL,'705186',1,'2021-04-01 10:08:43','2021-04-01 10:08:43'),(3467,67,'162','MSH000015671','','MSH000015671','','EVI LIANA SIREGAR','EVI LIANA SIREGAR','SUPER NOVA PT','BAGIAN PPC','JL ANCOL BARAT VI NO 1-2','','','JAKARTA UTARA','14430','','NCS','Reguler',1,3,'2021-04-01 10:20:26',1,NULL,NULL,1,NULL,NULL,'705186',1,'2021-04-01 10:08:43','2021-04-01 10:08:43'),(3468,67,'163','MSH000015696','','MSH000015696','','IRMA YUNIATI GANDA S','IRMA YUNIATI GANDA S','JL CIAWI I NO 18','KEBAYORAN BARU','','','','JAKARTA SELATAN','12180','','NCS','Reguler',1,3,'2021-04-01 10:20:26',1,NULL,NULL,1,NULL,NULL,'705186',1,'2021-04-01 10:08:43','2021-04-01 10:08:43'),(3469,67,'164','MSH000053039','','MSH000053039','','RIANA','RIANA','KP BOJONG RAWA LELE NO 67','JATIMAKMUR - PONDOK GEDE','RT 05/08','','','BEKASI','17413','','NCS','Reguler',1,3,'2021-04-01 10:20:26',1,NULL,NULL,1,NULL,NULL,'705186',1,'2021-04-01 10:08:43','2021-04-01 10:08:43'),(3470,67,'165','MSH000053235','','MSH000053235','','FAJAR AFANI','FAJAR AFANI','VILLA INTI PERSADA BLOK A13 NO. 02','PAMULANG TIMUR -TANGERANG SELATAN','RT. 05/RW. 19','','','CIPUTAT','15417','','NCS','Reguler',1,3,'2021-04-01 10:20:26',1,NULL,NULL,1,NULL,NULL,'705186',1,'2021-04-01 10:08:43','2021-04-01 10:08:43'),(3471,67,'166','MSH000059434','','MSH000059434','','I MADE RAKA SUARDANA','I MADE RAKA SUARDANA','ASTRAWORLD','JL HOS COKROAMINOTO NO 52','DENPASAR','','','BALI','80118','','NCS','Reguler',1,3,'2021-04-01 10:20:26',1,NULL,NULL,1,NULL,NULL,'705186',1,'2021-04-01 10:08:44','2021-04-01 10:08:44'),(3472,67,'167','MSH000059584','','MSH000059584','','I MADE RAKA SUARDANA','I MADE RAKA SUARDANA','ASTRAWORLD','JL HOS COKROAMINOTO NO 52','DENPASAR','','','BALI','80118','','NCS','Reguler',1,3,'2021-04-01 10:20:26',1,NULL,NULL,1,NULL,NULL,'705186',1,'2021-04-01 10:08:44','2021-04-01 10:08:44'),(3473,67,'168','MSH000070534','','MSH000070534','','DANNY SOECIANTO','DANNY SOECIANTO','JL MOJOPAHIT','NO 537 RT 03/01','KRANGGAN','','','MOJOKERTO','61321','','NCS','Reguler',1,3,'2021-04-01 10:20:26',1,NULL,NULL,1,NULL,NULL,'705186',1,'2021-04-01 10:08:44','2021-04-01 10:08:44'),(3474,67,'169','MSH000070682','','MSH000070682','','DANNY SOECIANTO','DANNY SOECIANTO','JL MOJOPAHIT','NO 537 RT 03/01','KRANGGAN','','','MOJOKERTO','61321','','NCS','Reguler',1,3,'2021-04-01 10:20:26',1,NULL,NULL,1,NULL,NULL,'705186',1,'2021-04-01 10:08:44','2021-04-01 10:08:44'),(3475,67,'170','MSH000082811','','MSH000082811','','I NYOMAN MAHARDIKA','I NYOMAN MAHARDIKA','GWAN GWAN HOO','JL TMN LEMBU SURA BL VIII/1A','DENPASAR','','','BALI','80116','','NCS','Reguler',1,3,'2021-04-01 10:20:26',1,NULL,NULL,1,NULL,NULL,'705186',1,'2021-04-01 10:08:44','2021-04-01 10:08:44'),(3476,67,'171','MSH000098393','','MSH000098393','','PHAN ELIZABETH','PHAN ELIZABETH','JL.KESELAMATAN I NO.61B','RT008/08','KOTA','','','JAKARTA BARAT','11140','','NCS','Reguler',1,3,'2021-04-01 10:20:26',1,NULL,NULL,1,NULL,NULL,'705186',1,'2021-04-01 10:08:44','2021-04-01 10:08:44'),(3477,67,'172','MSR000015559','','MSR000015559','','AZIZ AZHARI','AZIZ AZHARI','DHL EXPRESS','JALAN KENANGA LOT 252 BATAMINDO','INDUSTRIAL PARK MUKA KUNING BATAM','','','BATAM','29433','','NCS','Reguler',1,3,'2021-04-01 10:20:26',1,NULL,NULL,1,NULL,NULL,'705186',1,'2021-04-01 10:08:44','2021-04-01 10:08:44'),(3478,67,'173','MSR000015562','','MSR000015562','','AZIZ AZHARI','AZIZ AZHARI','DHL EXPRESS','JALAN KENANGA LOT 252 BATAMINDO','MUKA KUNING BATAM','','','BATAM','29433','','NCS','Reguler',1,3,'2021-04-01 10:20:26',1,NULL,NULL,1,NULL,NULL,'705186',1,'2021-04-01 10:08:45','2021-04-01 10:08:45'),(3479,67,'174','PE0000038717','','PE0000038717','','USAN','USAN','MULTI BOX INDAH PT - PPIC','JL RAYA GATOT SUBROTO KM 5,3','JATIUWUNG','','','TANGERANG','15134','','NCS','Reguler',1,3,'2021-04-01 10:20:26',1,NULL,NULL,1,NULL,NULL,'705186',1,'2021-04-01 10:08:45','2021-04-01 10:08:45'),(3480,67,'175','PE0000039647','','PE0000039647','','MAMAT R','MAMAT R','JL RAYA WARUNG BORONG KM 12','RT 05/02','CIAMPEA','','','BOGOR','16620','','NCS','Reguler',1,3,'2021-04-01 10:20:26',1,NULL,NULL,1,NULL,NULL,'705186',1,'2021-04-01 10:08:45','2021-04-01 10:08:45'),(3481,67,'176','P00000078102','','P00000078102','','GITA WILLASTRA','GITA WILLASTRA','JL. KEMBAR TENGAH IV/22','RT. 003/11','','','','BANDUNG','40253','','NCS','Reguler',1,3,'2021-04-01 10:20:26',1,NULL,NULL,1,NULL,NULL,'705186',1,'2021-04-01 10:08:45','2021-04-01 10:08:45'),(3482,67,'177','P00000082632','','P00000082632','','BUDIANA KURNIAWAN','BUDIANA KURNIAWAN','WISMA PRESISI LT. 3','PT. WEST FALIA INDONESIA','JL. TAMAN ARIES BLOK A 1 NO.1 MERUYA UTR','','','JAKARTA BARAT','11620','','NCS','Reguler',1,3,'2021-04-01 10:20:26',1,NULL,NULL,1,NULL,NULL,'705186',1,'2021-04-01 10:08:45','2021-04-01 10:08:45'),(3483,67,'178','FP0001024434','','FP0001024434','','EDI SUANTO','EDI SUANTO','JL.DIPONEGORO NO.140B','KOTA KISARAN BARAT','','','','KISARAN','21215','','NCS','Reguler',1,3,'2021-04-01 10:20:26',1,NULL,NULL,1,NULL,NULL,'705186',1,'2021-04-01 10:08:45','2021-04-01 10:08:45'),(3484,67,'179','HP0000001178','','HP0000001178','','YUSNIMAR','YUSNIMAR','BAPEDAL','GD OTORITA BATAM LT 6','JL DI PANJAITAN - KEBON NANAS','','','JAKARTA TIMUR','13410','','NCS','Reguler',1,3,'2021-04-01 10:20:26',1,NULL,NULL,1,NULL,NULL,'705186',1,'2021-04-01 10:08:46','2021-04-01 10:08:46'),(3485,67,'180','LPS000010638','','LPS000010638','','BINTARTO AGUNG WMP','BINTARTO AGUNG WMP','PESONA MITRA ABADI PT','PLAZA TANJUNG MAS RAYA ESTATE','BLOK B1/19-RT 04/07, TJ BARAT','','','JAKARTA SELATAN','12530','','NCS','Reguler',1,3,'2021-04-01 10:20:26',1,NULL,NULL,1,NULL,NULL,'705186',1,'2021-04-01 10:08:46','2021-04-01 10:08:46'),(3486,67,'181','MBG000010193','','MBG000010193','','NUNGKY WARA SETYARINI','NUNGKY WARA SETYARINI','TAWANGSARI PERMAI BLOK A-31 RT.020 RW.00','KEL. TAWANGSARI KEC.TAMAN','','','','SIDOARJO','61257','','NCS','Reguler',1,3,'2021-04-01 10:20:26',1,NULL,NULL,1,NULL,NULL,'705186',1,'2021-04-01 10:08:46','2021-04-01 10:08:46'),(3487,67,'182','MPP000005416','','MPP000005416','','ALFIAN HOT MAMATAR','ALFIAN HOT MAMATAR','JL MESJID RAYA NO 90 RT 03/12','JATI CEMPAKA','','','','BEKASI','17411','','NCS','Reguler',1,3,'2021-04-01 10:20:26',1,NULL,NULL,1,NULL,NULL,'705186',1,'2021-04-01 10:08:46','2021-04-01 10:08:46'),(3488,67,'183','MSH000023112','','MSH000023112','','BUDHI SUBROTO','BUDHI SUBROTO','CV DWI TECHNIK','JL GUBENG KERTAJAYA 5F','NO.14B','','','SURABAYA','60000','','NCS','Reguler',1,3,'2021-04-01 10:20:26',1,NULL,NULL,1,NULL,NULL,'705186',1,'2021-04-01 10:08:46','2021-04-01 10:08:46'),(3489,67,'184','MSH000038343','','MSH000038343','','SUHARTI','SUHARTI','JL JEND SUDIRMAN','JAMIKA - BOJONGLOA KALER','GG MUKALMI NO 13/86-RT 03/03','','','BANDUNG','40231','','NCS','Reguler',1,3,'2021-04-01 10:20:26',1,NULL,NULL,1,NULL,NULL,'705186',1,'2021-04-01 10:08:46','2021-04-01 10:08:46'),(3490,67,'185','MSR000010149','','MSR000010149','','TRI JULIANINGSIH','TRI JULIANINGSIH','DUTA INDAH PERKASA PT','RUKO TUBAGUS ANGKE MEGAH','JL TUBAGUS NO 20 BL A/18-19','','','JAKARTA BARAT','11460','','NCS','Reguler',1,3,'2021-04-01 10:20:26',1,NULL,NULL,1,NULL,NULL,'705186',1,'2021-04-01 10:08:46','2021-04-01 10:08:46'),(3491,67,'186','MSR000010270','','MSR000010270','','HERY HANDAJANI','HERY HANDAJANI','SIDOMULYO 2B/11','RT 03/05','SIDOTOPOWETAN, KENJERAN','','','SURABAYA','60128','','NCS','Reguler',1,3,'2021-04-01 10:20:26',1,NULL,NULL,1,NULL,NULL,'705186',1,'2021-04-01 10:08:46','2021-04-01 10:08:46'),(3492,67,'187','HS0000032520','','HS0000032520','','MAURO KISWONO','MAURO KISWONO','LOKANIAGA ADIPERMATA PT','BAG. INFORMATION SYSTEM','JL PANDEAN LAMPER IV/16','','','SEMARANG','50249','','NCS','Reguler',1,3,'2021-04-01 10:20:26',1,NULL,NULL,1,NULL,NULL,'705186',1,'2021-04-01 10:08:46','2021-04-01 10:08:46'),(3493,67,'188','HS0000048867','','HS0000048867','','I KETUT MARDANA','I KETUT MARDANA','GOLDEN BIRD BALI PT - OPERASI','JL BY PASS NUSA DUA NO 4','JIMBARAN - BALI','','','DENPASAR','80361','','NCS','Reguler',1,3,'2021-04-01 10:20:26',1,NULL,NULL,1,NULL,NULL,'705186',1,'2021-04-01 10:08:47','2021-04-01 10:08:47'),(3494,67,'189','MPP000011907','','MPP000011907','','HENDRA SUTANTO','HENDRA SUTANTO','XAVERIUS','MALL BTM LT.2 BLOK B9 NO.3','JL.JUANDA NO.68','','','BOGOR','16132','','NCS','Reguler',1,3,'2021-04-01 10:20:26',1,NULL,NULL,1,NULL,NULL,'705186',1,'2021-04-01 10:08:47','2021-04-01 10:08:47'),(3495,67,'190','MPP000015172','','MPP000015172','','BINTANG MAHARANI','BINTANG MAHARANI','PERUMAHAN PERMATA PURI 1','JL BERLIAN 5 BLK C2 NO 4','RADAR AURI CIMANGGIS','','','DEPOK','16431','','NCS','Reguler',1,3,'2021-04-01 10:20:26',1,NULL,NULL,1,NULL,NULL,'705186',1,'2021-04-01 10:08:47','2021-04-01 10:08:47'),(3496,67,'191','MPP000016769','','MPP000016769','','AGUS BUDI CAHYONO','AGUS BUDI CAHYONO','JL PELABUHAN BAKAUHENI RT.2 RW.6 NO.6','BAKALAN KRAJAN, SUKUN','KEC SUKUN KEL BAKALAN KRAJAN','','','MALANG','65147','','NCS','Reguler',1,3,'2021-04-01 10:20:26',1,NULL,NULL,1,NULL,NULL,'705186',1,'2021-04-01 10:08:47','2021-04-01 10:08:47'),(3497,67,'192','MPP000020706','','MPP000020706','','TEGUH HERRY PRASTYO','TEGUH HERRY PRASTYO','JL TAMAN ANYAR 7B , LINGK','TAMAN GERIYA JIMBARAN','BADUNG','','','KUTA','80351','','NCS','Reguler',1,3,'2021-04-01 10:20:26',1,NULL,NULL,1,NULL,NULL,'705186',1,'2021-04-01 10:08:47','2021-04-01 10:08:47'),(3498,67,'193','MSH000013585','','MSH000013585','','HANDOJO NATADIRIA','HANDOJO NATADIRIA','JL KRAKATAU GG.I NO.27','RT 01/01 KEL KARANGTEMPEL','KEC SEMARANG TIMUR','','','SEMARANG','50125','','NCS','Reguler',1,3,'2021-04-01 10:20:26',1,NULL,NULL,1,NULL,NULL,'705186',1,'2021-04-01 10:08:47','2021-04-01 10:08:47'),(3499,67,'194','MSH000034546','','MSH000034546','','DINI RINTA UTAMI','DINI RINTA UTAMI','BANK LIPPO','BAG OPR','JL JENDRAL SUDIRMAN NO 93','','','SALATIGA','50711','','NCS','Reguler',1,3,'2021-04-01 10:20:26',1,NULL,NULL,1,NULL,NULL,'705186',1,'2021-04-01 10:08:47','2021-04-01 10:08:47'),(3500,67,'195','MSH000053974','','MSH000053974','','RUDI YR LACADEN','RUDI YR LACADEN','KOMPLEK GRIYA SANGIANG MAS','TANGERANG','JL ELANG I  N0 23','','','TANGERANG','15132','','NCS','Reguler',1,3,'2021-04-01 10:20:26',1,NULL,NULL,1,NULL,NULL,'705186',1,'2021-04-01 10:08:48','2021-04-01 10:08:48'),(3501,67,'196','MSH000053979','','MSH000053979','','BURHANUDDIN','BURHANUDDIN','JL PAKIS TIRTOSARI RAYA NO 43','KEC SAWAHAN KEL PAKIS','RT05/05','','','SURABAYA','60256','','NCS','Reguler',1,3,'2021-04-01 10:20:26',1,NULL,NULL,1,NULL,NULL,'705186',1,'2021-04-01 10:08:48','2021-04-01 10:08:48'),(3502,67,'197','MSH000054006','','MSH000054006','','SUNMINATO','SUNMINATO','PERUM GRAHA SOPUTAN JL GUNUNG SOPUTAN','GANG URUN SUWI NO 11A-22 KEL PEMECUTAN','KELOD KEC DENPASAR BRT DSN ABIAN TIMBUL','','','DENPASAR','80117','','NCS','Reguler',1,3,'2021-04-01 10:20:26',1,NULL,NULL,1,NULL,NULL,'705186',1,'2021-04-01 10:08:48','2021-04-01 10:08:48'),(3503,67,'198','MSH000054207','','MSH000054207','','BURHANUDDIN','BURHANUDDIN','JL PAKIS TIRTOSARI RAYA NO 43','RT05/05','KEC SAWAHAN KEL PAKIS','','','SURABAYA','60256','','NCS','Reguler',1,3,'2021-04-01 10:20:26',1,NULL,NULL,1,NULL,NULL,'705186',1,'2021-04-01 10:08:48','2021-04-01 10:08:48'),(3504,67,'199','MSH000054226','','MSH000054226','','SUNMINATO','SUNMINATO','PERUM GRAHA SOPUTAN JL GUNUNG SOPUTAN','GANG URUN SUWI NO 11A-22 KEL PEMECUTAN','KELOD KEC DENPASAR BRT DSN ABIAN TIMBUL','','','DENPASAR','80117','','NCS','Reguler',1,3,'2021-04-01 10:20:26',1,NULL,NULL,1,NULL,NULL,'705186',1,'2021-04-01 10:08:48','2021-04-01 10:08:48'),(3505,67,'200','MSH000105946','','MSH000105946','','ANDREAS SETYO NUGROHO','ANDREAS SETYO NUGROHO','SIM**JL KIMAR III NO 43','RT 03/04','PANDEAN LAMPER - GAYEM SARI','','','SEMARANG','50167','','NCS','Reguler',1,3,'2021-04-01 10:20:26',1,NULL,NULL,1,NULL,NULL,'705186',1,'2021-04-01 10:08:48','2021-04-01 10:08:48'),(3506,67,'201','PE0000028876','','PE0000028876','','LIESTYASTUTI SAKSONO','LIESTYASTUTI SAKSONO','JL LATUHARHARY NO 12 A & 13','RT 13/04','MENTENG','','','JAKARTA PUSAT','10310','','NCS','Reguler',1,3,'2021-04-01 10:20:26',1,NULL,NULL,1,NULL,NULL,'705186',1,'2021-04-01 10:08:48','2021-04-01 10:08:48'),(3507,67,'202','PE0000029462','','PE0000029462','','GITAR','GITAR','JL SINAR BUDI NO 12','RT 06/03','JEMBATAN DUA','','','JAKARTA UTARA','14450','','NCS','Reguler',1,3,'2021-04-01 10:20:26',1,NULL,NULL,1,NULL,NULL,'705186',1,'2021-04-01 10:08:48','2021-04-01 10:08:48'),(3508,67,'203','PE0000029756','','PE0000029756','','E YULIAWATI DEWI','E YULIAWATI DEWI','SEKAWAN DOUBNEY PT-ACCOUNTING','MENARA SDA','JL GUNTUR NO 44','','','JAKARTA SELATAN','12980','','NCS','Reguler',1,3,'2021-04-01 10:20:26',1,NULL,NULL,1,NULL,NULL,'705186',1,'2021-04-01 10:08:48','2021-04-01 10:08:48'),(3509,67,'204','BA0000022548','','BA0000022548','','YULIANA','YULIANA','JL. RUPIT NO.702 A','RT.18','','','','PALEMBANG','30124','','NCS','Reguler',1,3,'2021-04-01 10:20:26',1,NULL,NULL,1,NULL,NULL,'705186',1,'2021-04-01 10:08:49','2021-04-01 10:08:49'),(3510,67,'205','HS0000015634','','HS0000015634','','PRIJOTOMO','PRIJOTOMO','PERUMAHAN VILLA DAGOTOL BLOK D15 NO 12','RT 05 RW19','KELURAHAN SARUA , KECAMATAN CIPUTAT','','','CIPUTAT','15414','','NCS','Reguler',1,3,'2021-04-01 10:20:26',1,NULL,NULL,1,NULL,NULL,'705186',1,'2021-04-01 10:08:49','2021-04-01 10:08:49'),(3511,67,'206','MBS000029896','','MBS000029896','','LINDA WATY','LINDA WATY','KOMPLEK BBD BLOK S NO 13','JL AL IKSAN RT 02/10','PEGANGSAAN DUA - KELAPA GADING','','','JAKARTA UTARA','14240','','NCS','Reguler',1,3,'2021-04-01 10:20:26',1,NULL,NULL,1,NULL,NULL,'705186',1,'2021-04-01 10:08:49','2021-04-01 10:08:49'),(3512,67,'207','MPP000004170','','MPP000004170','','UMMIYAH','UMMIYAH','DSN TELAGA SARI 001/007','MURTAJIH PADEMAWU','','','','PAMEKASAN','69381','','NCS','Reguler',1,3,'2021-04-01 10:20:26',1,NULL,NULL,1,NULL,NULL,'705186',1,'2021-04-01 10:08:49','2021-04-01 10:08:49'),(3513,67,'208','MPP000007847','','MPP000007847','','HENNY','HENNY','KOMP.SETIA BUDI CLASICAL','BLK.B','NO.22','','','MEDAN','20132','','NCS','Reguler',1,3,'2021-04-01 10:20:26',1,NULL,NULL,1,NULL,NULL,'705186',1,'2021-04-01 10:08:49','2021-04-01 10:08:49'),(3514,67,'209','MSH000066160','','MSH000066160','','WAWAN SETIAWAN','WAWAN SETIAWAN','PUSKESMAS BANJARAN DTP NAMBO','JL. RAYA BANJARAN BANDUNG NO 596','BATU KARUS ARJASARI','','','BANDUNG','40379','','NCS','Reguler',1,3,'2021-04-01 10:20:26',1,NULL,NULL,1,NULL,NULL,'705186',1,'2021-04-01 10:08:49','2021-04-01 10:08:49'),(3515,67,'210','MSH000066263','','MSH000066263','','ELSA SUSANA','ELSA SUSANA','JL BRIGJEND KATAMSO NO 96','GONDOMANAN','PRAWIRODIRJAN','','','JAWA TENGAH','55121','','NCS','Reguler',1,3,'2021-04-01 10:20:26',1,NULL,NULL,1,NULL,NULL,'705186',1,'2021-04-01 10:08:49','2021-04-01 10:08:49'),(3516,67,'211','MSH000066332','','MSH000066332','','WAWAN SETIAWAN','WAWAN SETIAWAN','PUSKESMAS BANJARAN DTP NAMBO','JL. RAYA BANJARAN BANDUNG NO 596','BATU KARUS ARJASARI','','','BANDUNG','40379','','NCS','Reguler',1,3,'2021-04-01 10:20:26',1,NULL,NULL,1,NULL,NULL,'705186',1,'2021-04-01 10:08:49','2021-04-01 10:08:49'),(3517,67,'212','MSH000083593','','MSH000083593','','MARCOS','MARCOS','LEBAK PERMAI UTARA 3','NO.39','GADING, TAMBAK SARI','','','SURABAYA','60134','','NCS','Reguler',1,3,'2021-04-01 10:20:26',1,NULL,NULL,1,NULL,NULL,'705186',1,'2021-04-01 10:08:49','2021-04-01 10:08:49'),(3518,67,'213','MSH000100989','','MSH000100989','','HENNY ROSADY','HENNY ROSADY','JL AREN II NO 124','RT 02/01 PONDOK BETUNG','PONDOK AREN','','','JAKARTA SELATAN','12930','','NCS','Reguler',1,3,'2021-04-01 10:20:26',1,NULL,NULL,1,NULL,NULL,'705186',1,'2021-04-01 10:08:49','2021-04-01 10:08:49'),(3519,67,'214','MSH000100990','','MSH000100990','','HENNY ROSADY','HENNY ROSADY','JL AREN II NO 124','RT 02/01 PONDOK BETUNG','PONDOK AREN','','','JAKARTA SELATAN','12930','','NCS','Reguler',1,3,'2021-04-01 10:20:26',1,NULL,NULL,1,NULL,NULL,'705186',1,'2021-04-01 10:08:49','2021-04-01 10:08:49'),(3520,67,'215','MSH000105010','','MSH000105010','','PUTIH ROMANEN ANNA','PUTIH ROMANEN ANNA','JL SADEWA BLOK C NO 33','RT 001 RW 016','KEL PAMULANG BARAT KEC PAMULANG','','','CIPUTAT','15417','','NCS','Reguler',1,3,'2021-04-01 10:20:26',1,NULL,NULL,1,NULL,NULL,'705186',1,'2021-04-01 10:08:49','2021-04-01 10:08:49'),(3521,67,'216','MSH000105012','','MSH000105012','','PUTIH ROMANEN ANNA','PUTIH ROMANEN ANNA','JL SADEWA BLOK C NO 33','RT 001 RW 016','KEL PAMULANG BARAT KEC PAMULANG','','','CIPUTAT','15417','','NCS','Reguler',1,3,'2021-04-01 10:20:26',1,NULL,NULL,1,NULL,NULL,'705186',1,'2021-04-01 10:08:50','2021-04-01 10:08:50'),(3522,67,'217','MSH000105031','','MSH000105031','','JANA RUSMANA','JANA RUSMANA','KAMPUNG SAWAH LEGA','JL CIHANJUANG KM 4,6NO.156','KEC.PARONGPONG','','','BANDUNG','40559','','NCS','Reguler',1,3,'2021-04-01 10:20:26',1,NULL,NULL,1,NULL,NULL,'705186',1,'2021-04-01 10:08:50','2021-04-01 10:08:50'),(3523,67,'218','MSH000105042','','MSH000105042','','RUDY ONDY','RUDY ONDY','JL ANDI PANGERAN PETTARANI','BLOK E29/3A - RT 05/05','MAKASSAR','','','UJUNG PANDANG','90222','','NCS','Reguler',1,3,'2021-04-01 10:20:26',1,NULL,NULL,1,NULL,NULL,'705186',1,'2021-04-01 10:08:50','2021-04-01 10:08:50'),(3524,67,'219','MSH000105043','','MSH000105043','','RUDY ONDY','RUDY ONDY','JL ANDI PANGERAN PETTARANI','BLOK E29/3A - RT 05/05','MAKASSAR','','','UJUNG PANDANG','90222','','NCS','Reguler',1,3,'2021-04-01 10:20:26',1,NULL,NULL,1,NULL,NULL,'705186',1,'2021-04-01 10:08:50','2021-04-01 10:08:50'),(3525,67,'220','MSH000105094','','MSH000105094','','DEWI MAIMUNAH','DEWI MAIMUNAH','PERUM GRESIK KOTA BARU','JL. BINTAN NO. 32','','','','GRESIK','61121','','NCS','Reguler',1,3,'2021-04-01 10:20:26',1,NULL,NULL,1,NULL,NULL,'705186',1,'2021-04-01 10:08:50','2021-04-01 10:08:50'),(3526,67,'221','P00000017721','','P00000017721','','BENEDICTUS COMBAITAN','BENEDICTUS COMBAITAN','JL GOLF TIMUR VIII NO 4','ARCAMANIK','','','','BANDUNG','\'4023','','NCS','Reguler',1,3,'2021-04-01 10:20:26',1,NULL,NULL,1,NULL,NULL,'705186',1,'2021-04-01 10:08:50','2021-04-01 10:08:50'),(3527,67,'222','HR3000008221','','HR3000008221','','FEBE YULIA SUGIARTO','FEBE YULIA SUGIARTO','JL TANJUNG DUREN UTARA 7 GG.7 NO 542','RT 03/03 KEL TANJUNG DUREN UTARA','KEC GROGOL PETAMBURAN','','','JAKARTA BARAT','11470','','NCS','Reguler',1,3,'2021-04-01 10:20:26',1,NULL,NULL,1,NULL,NULL,'705186',1,'2021-04-01 10:08:50','2021-04-01 10:08:50'),(3528,67,'223','LPS000016472','','LPS000016472','','NURALAM NINGSIH HARAHAP','NURALAM NINGSIH HARAHAP','JL KARYA BERSAMA NO 10D','RT 16/06','TITIKUNING, PANGKALAN MANSYUR','','','MEDAN','20143','','NCS','Reguler',1,3,'2021-04-01 10:20:26',1,NULL,NULL,1,NULL,NULL,'705186',1,'2021-04-01 10:08:51','2021-04-01 10:08:51'),(3529,67,'224','MSH000013821','','MSH000013821','','LIDIA AFRIANI','LIDIA AFRIANI','JL PISANGAN NO 12','RT 11/06','PENGGILINGAN - CAKUNG','','','JAKARTA TIMUR','13940','','NCS','Reguler',1,3,'2021-04-01 10:20:26',1,NULL,NULL,1,NULL,NULL,'705186',1,'2021-04-01 10:08:51','2021-04-01 10:08:51'),(3530,67,'225','MSH000060293','','MSH000060293','','INDRA ALFONSO','INDRA ALFONSO','PARAGON RESIDENCE NO 1','BUMI SERPONGDAMAI','','','','TANGERANG','15310','','NCS','Reguler',1,3,'2021-04-01 10:20:26',1,NULL,NULL,1,NULL,NULL,'705186',1,'2021-04-01 10:08:51','2021-04-01 10:08:51'),(3531,67,'226','MSH000060382','','MSH000060382','','ZUAINI MUTTAQIEN','ZUAINI MUTTAQIEN','JL ABDUL WAHAB SAWANGAN NO 18','RT 02/05','SAWANGAN','','','DEPOK','16511','','NCS','Reguler',1,3,'2021-04-01 10:20:26',1,NULL,NULL,1,NULL,NULL,'705186',1,'2021-04-01 10:08:51','2021-04-01 10:08:51'),(3532,67,'227','MSH000060444','','MSH000060444','','INDRA ALFONSO','INDRA ALFONSO','PARAGON RESIDENCE NO 1','BUMI SERPON DAMAI 15310','','','','TANGERANG','15000','','NCS','Reguler',1,3,'2021-04-01 10:20:26',1,NULL,NULL,1,NULL,NULL,'705186',1,'2021-04-01 10:08:51','2021-04-01 10:08:51'),(3533,67,'228','FP0001013657','','FP0001013657','','ABSORI BIN H DULYANI','ABSORI BIN H DULYANI','BLOK PULE RT.13/03','KEL.KALIRAHAYU,KEC.LOSARI','','','','TEGAL','52255','','NCS','Reguler',1,3,'2021-04-01 10:20:26',1,NULL,NULL,1,NULL,NULL,'705186',1,'2021-04-01 10:08:51','2021-04-01 10:08:51'),(3534,67,'229','LPS000017333','','LPS000017333','','SUNTI','SUNTI','JL KH MOH MANSYUR NO 69','','','','','JAKARTA BARAT','11220','','NCS','Reguler',1,3,'2021-04-01 10:20:26',1,NULL,NULL,1,NULL,NULL,'705186',1,'2021-04-01 10:08:51','2021-04-01 10:08:51'),(3535,67,'230','MBS000031218','','MBS000031218','','SRI RAHAYU','SRI RAHAYU','KOMPLEK DKI BLOK SI NO 21','JL TAMAN 1 RT 001 RW 06','KEL CIMPEDAK','','','JAGAKARSA','12630','','NCS','Reguler',1,3,'2021-04-01 10:20:26',1,NULL,NULL,1,NULL,NULL,'705186',1,'2021-04-01 10:08:51','2021-04-01 10:08:51'),(3536,67,'231','MBS000032400','','MBS000032400','','TRI SUGIANTORO','TRI SUGIANTORO','jl. letnan hadin KM 3.5 no.1867','RT.30 RW.11 KEL.20 ILIR D3 KEC. IT 1','PALEMBANG','','','PALEMBANG','30128','','NCS','Reguler',1,3,'2021-04-01 10:20:26',1,NULL,NULL,1,NULL,NULL,'705186',1,'2021-04-01 10:08:51','2021-04-01 10:08:51'),(3537,67,'232','MPP000020722','','MPP000020722','','RIANDY ACHMAD','RIANDY ACHMAD','JL.ASHARI JAYA II NO.2 RT.4/4','SINDANG SARI,BOGOR TIMUR','','','','BOGOR','16720','','NCS','Reguler',1,3,'2021-04-01 10:20:26',1,NULL,NULL,1,NULL,NULL,'705186',1,'2021-04-01 10:08:52','2021-04-01 10:08:52'),(3538,67,'233','MSH000012128','','MSH000012128','','BUDI PRAKOSO HAMARTO','BUDI PRAKOSO HAMARTO','KOMP PERUMAHAN BANK MANDIRI','JL GIRO NO 3B RT 008 RW 013','KEL CILANDAK BARAT KEL CILANDAK','','','JAKARTA SELATAN','12350','','NCS','Reguler',1,3,'2021-04-01 10:20:26',1,NULL,NULL,1,NULL,NULL,'705186',1,'2021-04-01 10:08:52','2021-04-01 10:08:52'),(3539,67,'234','MSH000012295','','MSH000012295','','ERNI ERAWATI','ERNI ERAWATI','PERUM TAMAN GRAHA','BLOK G 20','JIMBARAN','','','DENPASAR','80363','','NCS','Reguler',1,3,'2021-04-01 10:20:26',1,NULL,NULL,1,NULL,NULL,'705186',1,'2021-04-01 10:08:52','2021-04-01 10:08:52'),(3540,67,'235','MSH000023834','','MSH000023834','','STEFFANNY TASSYA','STEFFANNY TASSYA','PELITA TATAMAS JAYA PT','KAPUK PETERNAKAN 3 NO 60','','','','JAKARTA','11720','','NCS','Reguler',1,3,'2021-04-01 10:20:26',1,NULL,NULL,1,NULL,NULL,'705186',1,'2021-04-01 10:08:52','2021-04-01 10:08:52'),(3541,67,'236','MSH000047777','','MSH000047777','','DINI AMBARINANTI','DINI AMBARINANTI','JL PANDEGA RINI I NO.1','MANGGUNG SARI DEPOK','SLEMAN','','','YOGYAKARTA','55281','','NCS','Reguler',1,3,'2021-04-01 10:20:26',1,NULL,NULL,1,NULL,NULL,'705186',1,'2021-04-01 10:08:52','2021-04-01 10:08:52'),(3542,67,'237','MSH000087000','','MSH000087000','','SANDRA PUSPARANI','SANDRA PUSPARANI','BPR CANDISAKA ARTA PT','JL RAYA GELAM NO 8-RT 01/05','CANDI','','','SIDOARJO','61271','','NCS','Reguler',1,3,'2021-04-01 10:20:26',1,NULL,NULL,1,NULL,NULL,'705186',1,'2021-04-01 10:08:52','2021-04-01 10:08:52'),(3543,67,'238','MSH000087286','','MSH000087286','','ANDI WICAKSONO','ANDI WICAKSONO','JL PENGANTINGAN NO 101 A-B','RT 13/03','KOMPERTA - PLAJU','','','PALEMBANG','30268','','NCS','Reguler',1,3,'2021-04-01 10:20:26',1,NULL,NULL,1,NULL,NULL,'705186',1,'2021-04-01 10:08:52','2021-04-01 10:08:52'),(3544,67,'239','MSH000087410','','MSH000087410','','ANDI WICAKSONO','ANDI WICAKSONO','JL PENGANTINGAN NO 101 A-B','KOMPERTA - PLAJU','RT 13/03','','','PALEMBANG','30268','','NCS','Reguler',1,3,'2021-04-01 10:20:26',1,NULL,NULL,1,NULL,NULL,'705186',1,'2021-04-01 10:08:52','2021-04-01 10:08:52'),(3545,67,'240','MSH000091075','','MSH000091075','','WARSITO','WARSITO','JL APEL','KETAJEN - GEDANGAN','RT 04/04','','','SIDOARJO','61254','','NCS','Reguler',1,3,'2021-04-01 10:20:26',1,NULL,NULL,1,NULL,NULL,'705186',1,'2021-04-01 10:08:52','2021-04-01 10:08:52'),(3546,67,'241','MSH000091552','','MSH000091552','','NURHAYATI','NURHAYATI','PT CINTA DAMAI PUTRA BAHAGIA','JL KALIJAGA  117','CIREBON','','','CIREBON','45113','','NCS','Reguler',1,3,'2021-04-01 10:20:26',1,NULL,NULL,1,NULL,NULL,'705186',1,'2021-04-01 10:08:53','2021-04-01 10:08:53'),(3547,67,'242','MSH000091932','','MSH000091932','','LIE SIOK GIOK','LIE SIOK GIOK','DIPO MOTOR PT','BAGIAN CASIER','JL PLUIT SELATAN 1C','','','JAKARTA UTARA','14440','','NCS','Reguler',1,3,'2021-04-01 10:20:26',1,NULL,NULL,1,NULL,NULL,'705186',1,'2021-04-01 10:08:53','2021-04-01 10:08:53'),(3548,67,'243','MSH000092188','','MSH000092188','','KHO VINCENTIUS CHANDRA K','KHO VINCENTIUS CHANDRA K','BANK CENTRAL ASIA','MNR BCA GRAND INDONESIA LT 15','JL MH THAMRIN NO 1','','','JAKARTA PUSAT','10310','','NCS','Reguler',1,3,'2021-04-01 10:20:26',1,NULL,NULL,1,NULL,NULL,'705186',1,'2021-04-01 10:08:53','2021-04-01 10:08:53'),(3549,67,'244','MSH000092376','','MSH000092376','','KHO VINCENTIUS CHANDRA K','KHO VINCENTIUS CHANDRA K','BANK CENTRAL ASIA','MNR BCA GRAND INDONESIA LT 15','JL MH THAMRIN NO 1','','','JAKARTA PUSAT','10310','','NCS','Reguler',1,3,'2021-04-01 10:20:26',1,NULL,NULL,1,NULL,NULL,'705186',1,'2021-04-01 10:08:53','2021-04-01 10:08:53'),(3550,67,'245','MSH000107528','','MSH000107528','','ANDI DEVI NAVALIA','ANDI DEVI NAVALIA','PGS NUSANTARA PT','WISMA PONDOK INDAH II 16 FL','JL SULTAN ISKANDAR MUDA V-TA','','','JAKARTA SELATAN','12310','','NCS','Reguler',1,3,'2021-04-01 10:20:26',1,NULL,NULL,1,NULL,NULL,'705186',1,'2021-04-01 10:08:53','2021-04-01 10:08:53'),(3551,67,'246','MSH000107699','','MSH000107699','','YUDIYANTO JAPIMORU','YUDIYANTO JAPIMORU','JL. MUHAMMAD TOHA','NO. 149 RT 001/RW 005','KEC. CIGARELENG - KEL. REGOL','','','BANDUNG','40253','','NCS','Reguler',1,3,'2021-04-01 10:20:26',1,NULL,NULL,1,NULL,NULL,'705186',1,'2021-04-01 10:08:53','2021-04-01 10:08:53'),(3552,67,'247','MSR000010085','','MSR000010085','','SUGENG UNDIONO','SUGENG UNDIONO','PT GUNZE INDONESIA','BAG ACCT & FINANCE MANAGER','EJIP INDUSTRIAL PARK PLOT 7H-1','','','CIKARANG SELATAN','17550','','NCS','Reguler',1,3,'2021-04-01 10:20:26',1,NULL,NULL,1,NULL,NULL,'705186',1,'2021-04-01 10:08:53','2021-04-01 10:08:53'),(3553,67,'248','MSR000010087','','MSR000010087','','SUGENG UNDIONO','SUGENG UNDIONO','PT GUNZE INDONESIA','BAG ACCT & FINANCE MANAGER','EJIP INDUSTRIAL PARK PLOT 7H-1','','','CIKARANG SELATAN','17550','','NCS','Reguler',1,3,'2021-04-01 10:20:26',1,NULL,NULL,1,NULL,NULL,'705186',1,'2021-04-01 10:08:53','2021-04-01 10:08:53'),(3554,67,'249','MSR000010554','','MSR000010554','','RULITA','RULITA','PT INDOSURANCE BROKER UTAMA','BAG MARKETING, INDOFOOD TWR  LT 17','JL JEND SUDIRMAN KAV 76-78','','','JAKARTA','12910','','NCS','Reguler',1,3,'2021-04-01 10:20:26',1,NULL,NULL,1,NULL,NULL,'705186',1,'2021-04-01 10:08:53','2021-04-01 10:08:53'),(3555,67,'250','P00000036683','','P00000036683','','ISSA SUMANTRI','ISSA SUMANTRI','JL. CEMPAKA WARNA NO. 6','RT 03 / 04','','','','JAKARTA','10510','','NCS','Reguler',1,3,'2021-04-01 10:20:26',1,NULL,NULL,1,NULL,NULL,'705186',1,'2021-04-01 10:08:54','2021-04-01 10:08:54'),(3556,67,'251','P00000036987','','P00000036987','','KOENMARIATI','KOENMARIATI','DEPOK INDAH I BLK E NO 11','RT 05/09','','','','DEPOK','16423','','NCS','Reguler',1,3,'2021-04-01 10:20:26',1,NULL,NULL,1,NULL,NULL,'705186',1,'2021-04-01 10:08:54','2021-04-01 10:08:54'),(3557,67,'252','FP0001005274','','FP0001005274','','RESTIANI','RESTIANI','KOMP.PORIS GARDEN BLOK.A6 NO.51','RT 002 RW 008','CIPONDOH','','','TANGERANG','15000','','NCS','Reguler',1,3,'2021-04-01 10:20:26',1,NULL,NULL,1,NULL,NULL,'705186',1,'2021-04-01 10:08:54','2021-04-01 10:08:54'),(3558,67,'253','FP0001005296','','FP0001005296','','MAYA ELISA','MAYA ELISA','JEMBATAN BESI RAYA NO.203','RT.004 RW.007','KEL.JEMBATAN BESI KEC.TAMBORA','','','JAKARTA BARAT','11320','','NCS','Reguler',1,3,'2021-04-01 10:20:26',1,NULL,NULL,1,NULL,NULL,'705186',1,'2021-04-01 10:08:54','2021-04-01 10:08:54'),(3559,67,'254','FP0001010295','','FP0001010295','','SABARUDIN','SABARUDIN','DUSUN PASIR PUTIH RT.15/05','DESA.SUKAJAYA,KEC.CILAMAYA KULON','','','','KARAWANG','41384','','NCS','Reguler',1,3,'2021-04-01 10:20:26',1,NULL,NULL,1,NULL,NULL,'705186',1,'2021-04-01 10:08:54','2021-04-01 10:08:54'),(3560,67,'255','FP0001029585','','FP0001029585','','KETUT ARYA GANAESA','KETUT ARYA GANAESA','BANJAR DINAS LEBAH','KALIASEM','BANJAR','','','SINGARAJA','81152','','NCS','Reguler',1,3,'2021-04-01 10:20:26',1,NULL,NULL,1,NULL,NULL,'705186',1,'2021-04-01 10:08:54','2021-04-01 10:08:54'),(3561,67,'256','LP2000013508','','LP2000013508','','M EDDY HARDIANTO','M EDDY HARDIANTO','PUPUK KALIMANTAN TIMUR PT','PLAZA PUPUK KALTIM LT1/MKT','JL KEBON SIRIH RAYA NO.6A','','','JAKARTA PUSAT','10110','','NCS','Reguler',1,3,'2021-04-01 10:20:26',1,NULL,NULL,1,NULL,NULL,'705186',1,'2021-04-01 10:08:54','2021-04-01 10:08:54'),(3562,67,'257','LP2000017339','','LP2000017339','','ATI ANWARI','ATI ANWARI','JL ULUJAMI RAYA NO 20','RT 05/05, ULUJAMI','PESANGGRAHAN','','','JAKARTA SELATAN','12250','','NCS','Reguler',1,3,'2021-04-01 10:20:26',1,NULL,NULL,1,NULL,NULL,'705186',1,'2021-04-01 10:08:54','2021-04-01 10:08:54'),(3563,67,'258','MPP000017179','','MPP000017179','','MEIKE','MEIKE','PERUM CILEDUG INDAH II','E42/5 TANGERANG','','','','TANGERANG','15158','','NCS','Reguler',1,3,'2021-04-01 10:20:26',1,NULL,NULL,1,NULL,NULL,'705186',1,'2021-04-01 10:08:55','2021-04-01 10:08:55'),(3564,67,'259','MSH000035308','','MSH000035308','','ANDRY YUDISTIRA','ANDRY YUDISTIRA','JLN PULAU SALAWATI A4 NO :3 KOMPLEK AL','JATI MAKMUR PERMAI RT 004/0010','PONDOK GEDE BEKASI','','','BEKASI','17143','','NCS','Reguler',1,3,'2021-04-01 10:20:26',1,NULL,NULL,1,NULL,NULL,'705186',1,'2021-04-01 10:08:55','2021-04-01 10:08:55'),(3565,67,'260','MSH000035479','','MSH000035479','','ANDRY YUDISTIRA','ANDRY YUDISTIRA','JLN PULAU SALAWATI A4 NO :3 KOMPLEK AL','JATI MAKMUR PERMAI RT 004/010','PONDOK GEDE BEKASI','','','BEKASI','17143','','NCS','Reguler',1,3,'2021-04-01 10:20:26',1,NULL,NULL,1,NULL,NULL,'705186',1,'2021-04-01 10:08:55','2021-04-01 10:08:55'),(3566,67,'261','MSH000039124','','MSH000039124','','PRIMA SAVONA','PRIMA SAVONA','KOMPLEK TAMAN SARI BUKIT BANDUNG','BLOK 14 NO 16 SINDANG JAYA','UJUNG BERUNG','','','BANDUNG','40195','','NCS','Reguler',1,3,'2021-04-01 10:20:26',1,NULL,NULL,1,NULL,NULL,'705186',1,'2021-04-01 10:08:55','2021-04-01 10:08:55'),(3567,67,'262','MSH000039279','','MSH000039279','','PRIMA SAVONA','PRIMA SAVONA','KOMPLEK TAMAN SARI BUKIT BANDUNG','BLOK 14 NO 16 SINDANG JAYA','UJUNG BERUNG','','','BANDUNG','40195','','NCS','Reguler',1,3,'2021-04-01 10:20:26',1,NULL,NULL,1,NULL,NULL,'705186',1,'2021-04-01 10:08:55','2021-04-01 10:08:55'),(3568,67,'263','MSH000054837','','MSH000054837','','NANIK SUMARNININGTYAS','NANIK SUMARNININGTYAS','JL. RAJAWALI IV RT 12 RW 004','DS KENONGO - KEC TULANGAN','','','','SIDOARJO','61273','','NCS','Reguler',1,3,'2021-04-01 10:20:26',1,NULL,NULL,1,NULL,NULL,'705186',1,'2021-04-01 10:08:55','2021-04-01 10:08:55'),(3569,67,'264','MSH000055520','','MSH000055520','','NIKEN PERTIWI TANIATI','NIKEN PERTIWI TANIATI','GUNUNGANYAR EMAS D-2/8','GUNUNG ANYAR TAMBAK','RT 05/08','','','SURABAYA','60294','','NCS','Reguler',1,3,'2021-04-01 10:20:26',1,NULL,NULL,1,NULL,NULL,'705186',1,'2021-04-01 10:08:55','2021-04-01 10:08:55'),(3570,67,'265','MSH000062042','','MSH000062042','','CHRISTINE','CHRISTINE','JL FLAMBOYAN NO 27','BATU SARI - KB JERUK','RT 04/05','','','JAKARTA BARAT','11530','','NCS','Reguler',1,3,'2021-04-01 10:20:26',1,NULL,NULL,1,NULL,NULL,'705186',1,'2021-04-01 10:08:55','2021-04-01 10:08:55'),(3571,67,'266','MSH000075177','','MSH000075177','','EDWARD EZRA CORNELIUS','EDWARD EZRA CORNELIUS','CHAROEN POKPHAND JAYA FARMA PT','JL RAYA SEMARANG DEMAK KM 8','','','','SEMARANG 50000','50000','','NCS','Reguler',1,3,'2021-04-01 10:20:26',1,NULL,NULL,1,NULL,NULL,'705186',1,'2021-04-01 10:08:55','2021-04-01 10:08:55'),(3572,67,'267','MSH000079257','','MSH000079257','','YUDIYANTO JAPIMORU','YUDIYANTO JAPIMORU','JL MOCH TOHA NO 149','','','','','BANDUNG','40253','','NCS','Reguler',1,3,'2021-04-01 10:20:26',1,NULL,NULL,1,NULL,NULL,'705186',1,'2021-04-01 10:08:55','2021-04-01 10:08:55'),(3573,67,'268','MSH000079480','','MSH000079480','','ELA NURLELA','ELA NURLELA','KP CIAPUS','SUKAMAKMUR - CIOMAS','RT 02/01','','','BOGOR','16610','','NCS','Reguler',1,3,'2021-04-01 10:20:26',1,NULL,NULL,1,NULL,NULL,'705186',1,'2021-04-01 10:08:55','2021-04-01 10:08:55'),(3574,67,'269','MSH000083807','','MSH000083807','','STEFANUS RUDYANTO K','STEFANUS RUDYANTO K','JL.TEMPEL SUKOREJO 1/NO.15D \"RT\" 7 \"RW\"','WONOREJO-TEGALSARI','RT.01/07','','','SURABAYA','60263','','NCS','Reguler',1,3,'2021-04-01 10:20:26',1,NULL,NULL,1,NULL,NULL,'705186',1,'2021-04-01 10:08:55','2021-04-01 10:08:55'),(3575,67,'270','MSH000083951','','MSH000083951','','PHAN ELIZABETH','PHAN ELIZABETH','JL.KESELAMATAN I NO.61B','RT008/08','KOTA','','','JAKARTA BARAT','11140','','NCS','Reguler',1,3,'2021-04-01 10:20:26',1,NULL,NULL,1,NULL,NULL,'705186',1,'2021-04-01 10:08:55','2021-04-01 10:08:55'),(3576,67,'271','MSH000087507','','MSH000087507','','RATNAWATI','RATNAWATI','GRIYA SUMBER MAS BLOK L3','RT 07/04 KEL. GONDRONG','TANGERANG','','','TANGERANG','15146','','NCS','Reguler',1,3,'2021-04-01 10:20:26',1,NULL,NULL,1,NULL,NULL,'705186',1,'2021-04-01 10:08:55','2021-04-01 10:08:55'),(3577,67,'272','MSH000087511','','MSH000087511','','HADDY GUNAWAN','HADDY GUNAWAN','JL MATRAMAN DALAM 3/22','PENGANGSAAN - MENTENG','RT 04/07','','','JAKARTA PUSAT','10320','','NCS','Reguler',1,3,'2021-04-01 10:20:26',1,NULL,NULL,1,NULL,NULL,'705186',1,'2021-04-01 10:08:56','2021-04-01 10:08:56'),(3578,67,'273','P00000123034','','P00000123034','','SALIM HUMARDANI','SALIM HUMARDANI','PT DELIMA MUSTIKA','WISMA LUMBINI LT 5','JL TOMANG RAYA NO 53','','','JAKARTA','11540','','NCS','Reguler',1,3,'2021-04-01 10:20:26',1,NULL,NULL,1,NULL,NULL,'705186',1,'2021-04-01 10:08:56','2021-04-01 10:08:56'),(3579,67,'274','P00000123223','','P00000123223','','INDRATNO','INDRATNO','ASURANSI JIWA TUGU MANDIRI PT','ENTERPRISE BLDG LT 6','JL HR RASUNA SAID KAV C-5','','','JAKARTA SELATAN','17414','','NCS','Reguler',1,3,'2021-04-01 10:20:26',1,NULL,NULL,1,NULL,NULL,'705186',1,'2021-04-01 10:08:56','2021-04-01 10:08:56'),(3580,67,'275','HS0000035201','','HS0000035201','','INNA','INNA','TAMAN HARAPAN INDAH','BLOK N NO 12 RT 006/07','','','','JAKARTA BARAT','11460','','NCS','Reguler',1,3,'2021-04-01 10:20:26',1,NULL,NULL,1,NULL,NULL,'705186',1,'2021-04-01 10:08:56','2021-04-01 10:08:56'),(3581,67,'276','MPP000007384','','MPP000007384','','TIKA KARTIKA','TIKA KARTIKA','JPP SKIN LASER CLINIC','NORTH BASEMENT 2 4','PDK INDAH MAL 2','','','JAKARTA SELATAN','12310','','NCS','Reguler',1,3,'2021-04-01 10:20:26',1,NULL,NULL,1,NULL,NULL,'705186',1,'2021-04-01 10:08:56','2021-04-01 10:08:56'),(3582,67,'277','MSH000016801','','MSH000016801','','FRANKLIN M NAPITUPULU','FRANKLIN M NAPITUPULU','BRIDGESTONE SUMATERA','RUBER ESTATE - DOLOK MERANGIR','POS SERBALAWAN KAB SIMALUNGUT','','','MEDAN','21155','','NCS','Reguler',1,3,'2021-04-01 10:20:26',1,NULL,NULL,1,NULL,NULL,'705186',1,'2021-04-01 10:08:56','2021-04-01 10:08:56'),(3583,67,'278','MSH000023925','','MSH000023925','','LINDA RANGEL','LINDA RANGEL','JL RAYA KELAPA GADING PERMAI','BLOK DE-17 RT 05/17','','','','JAKARTA UTARA','14240','','NCS','Reguler',1,3,'2021-04-01 10:20:26',1,NULL,NULL,1,NULL,NULL,'705186',1,'2021-04-01 10:08:56','2021-04-01 10:08:56'),(3584,67,'279','MSH000024021','','MSH000024021','','MEILYA KIRANA','MEILYA KIRANA','SURYA PRIMA FORMALINDO PT','SUNTER AGUNG NIAGA','BLOK G1 NO 6','','','JAKARTA UTARA','14350','','NCS','Reguler',1,3,'2021-04-01 10:20:26',1,NULL,NULL,1,NULL,NULL,'705186',1,'2021-04-01 10:08:56','2021-04-01 10:08:56'),(3585,67,'280','MSH000024033','','MSH000024033','','YUSRIL','YUSRIL','GUNUNGSARI INDAH','BLOK RR NO 18','PERUMAHAN GUNUNG SARI INDAH','','','SURABAYA','60018','','NCS','Reguler',1,3,'2021-04-01 10:20:26',1,NULL,NULL,1,NULL,NULL,'705186',1,'2021-04-01 10:08:57','2021-04-01 10:08:57'),(3586,67,'281','MSH000084498','','MSH000084498','','INTAN EKOWATI P','INTAN EKOWATI P','JL SELOREJO BLOK A-10','RT 05/07','KEL LOWOKWARU','','','MALANG','65141','','NCS','Reguler',1,3,'2021-04-01 10:20:26',1,NULL,NULL,1,NULL,NULL,'705186',1,'2021-04-01 10:08:57','2021-04-01 10:08:57'),(3587,67,'282','MSR000011681','','MSR000011681','','SHINTYAWATY','SHINTYAWATY','JL ADHI KARYA NO 23','RT 07/05','KEDOYA SELATAN, KEBON JERUK','','','JAKARTA BARAT','11520','','NCS','Reguler',1,3,'2021-04-01 10:20:26',1,NULL,NULL,1,NULL,NULL,'705186',1,'2021-04-01 10:08:57','2021-04-01 10:08:57'),(3588,67,'283','MSR000012860','','MSR000012860','','RATNAWATI','RATNAWATI','GRIYA SUMBER MAS','BLOK L, NO 3','RT 007/ RW 04, GONDRONG','','','TANGERANG','15146','','NCS','Reguler',1,3,'2021-04-01 10:20:26',1,NULL,NULL,1,NULL,NULL,'705186',1,'2021-04-01 10:08:57','2021-04-01 10:08:57'),(3589,67,'284','CI0000010368','','CI0000010368','','DARYANTI','DARYANTI','RS FATMAWATI','BAG. SDM - LT. 2','JL RS FATMAWATI - CILANDAK','','','JAKARTA SELATAN','12430','','NCS','Reguler',1,3,'2021-04-01 10:20:26',1,NULL,NULL,1,NULL,NULL,'705186',1,'2021-04-01 10:08:57','2021-04-01 10:08:57'),(3590,67,'285','FP0001027140','','FP0001027140','','CHRISTIAN SANTOSO','CHRISTIAN SANTOSO','JL.LETDA DADANG SUPRAPTO NO.1','RT.02/06 KARAWACI','GERENDENG','','','TANGERANG','15112','','NCS','Reguler',1,3,'2021-04-01 10:20:26',1,NULL,NULL,1,NULL,NULL,'705186',1,'2021-04-01 10:08:57','2021-04-01 10:08:57'),(3591,67,'286','LP2000010229','','LP2000010229','','SETIA UNTUNG ARIMULADI','SETIA UNTUNG ARIMULADI','JL JAMBU FA 3 NO.50','SEKTOR 7 MENTENG','BINTARO','','','TANGERANG SELATAN','13000','','NCS','Reguler',1,3,'2021-04-01 10:20:26',1,NULL,NULL,1,NULL,NULL,'705186',1,'2021-04-01 10:08:57','2021-04-01 10:08:57'),(3592,67,'287','LP2000011329','','LP2000011329','','ANDRY YUDISTIRA','ANDRY YUDISTIRA','JATIMAKMUR PERMAI','JL PULAU SALAWATI A4 NO 3','RT 04/10 - PONDOK GEDE','','','BEKASI','17413','','NCS','Reguler',1,3,'2021-04-01 10:20:26',1,NULL,NULL,1,NULL,NULL,'705186',1,'2021-04-01 10:08:57','2021-04-01 10:08:57'),(3593,67,'288','MBS000030962','','MBS000030962','','CAHAYA SARI','CAHAYA SARI','PERUMAHAN TAMAN SARI I BLOK A 14 RT065','KEL GRAHA INDAH KEC BALIK PAPAN UTARA','(SMP 11 BANGUN REKSA KM 5,5) BALIKPAPAN','','','BALIKPAPAN','76126','','NCS','Reguler',1,3,'2021-04-01 10:20:26',1,NULL,NULL,1,NULL,NULL,'705186',1,'2021-04-01 10:08:57','2021-04-01 10:08:57'),(3594,67,'289','MBT000010229','','MBT000010229','','HERMAN','HERMAN','JL. DANAU BRATAN VII NO.33','PERUM TAMAN GRIYA','BADUNG SELATAN NUSA DUA','','','DENPASAR','80361','','NCS','Reguler',1,3,'2021-04-01 10:20:26',1,NULL,NULL,1,NULL,NULL,'705186',1,'2021-04-01 10:08:57','2021-04-01 10:08:57'),(3595,67,'290','MPP000009548','','MPP000009548','','DANANJOYO EKO WIBOWO','DANANJOYO EKO WIBOWO','RUKO ROS GARDEN RRG5 NO. 120','GRAND GALAXY CITY BEKASI SELATAN','','','','BEKASI','17148','','NCS','Reguler',1,3,'2021-04-01 10:20:26',1,NULL,NULL,1,NULL,NULL,'705186',1,'2021-04-01 10:08:58','2021-04-01 10:08:58'),(3596,67,'291','MSH000106452','','MSH000106452','','PRASOJO UTOMO','PRASOJO UTOMO','JL BINTARO PERMAI I NO 46','RT 02/10','','','','JAKARTA SELATAN','12330','','NCS','Reguler',1,3,'2021-04-01 10:20:26',1,NULL,NULL,1,NULL,NULL,'705186',1,'2021-04-01 10:08:58','2021-04-01 10:08:58'),(3597,67,'292','MSH000107739','','MSH000107739','','FERRY MULIADI MANALU','FERRY MULIADI MANALU','PERUM VILLA MUKA KUNING','BLOK BI/10 - RT 07/10','TEMBESI - SAGULUNG','','','BATAM','29424','','NCS','Reguler',1,3,'2021-04-01 10:20:26',1,NULL,NULL,1,NULL,NULL,'705186',1,'2021-04-01 10:08:58','2021-04-01 10:08:58'),(3598,67,'293','MSR000016480','','MSR000016480','','MAMAN SUDIRMAN','MAMAN SUDIRMAN','TAMAN ALAMANDA BLOK A12 NO.24','RT.04 / RW.11 DESA KARANG SATRIA','KEC. TAMBUN UTARA - BEKASI','','','BEKASI','17510','','NCS','Reguler',1,3,'2021-04-01 10:20:26',1,NULL,NULL,1,NULL,NULL,'705186',1,'2021-04-01 10:08:58','2021-04-01 10:08:58'),(3599,67,'294','P00000048156','','P00000048156','','MOCHAMAD SOLEH','MOCHAMAD SOLEH','GG PAMERSET NO 66/22B','RT 03/07','','','','BANDUNG','40241','','NCS','Reguler',1,3,'2021-04-01 10:20:26',1,NULL,NULL,1,NULL,NULL,'705186',1,'2021-04-01 10:08:58','2021-04-01 10:08:58'),(3600,67,'295','P00000086756','','P00000086756','','HARYONO','HARYONO','CHINA AIRLINES','WISMA DHARMALA M1 FLOOR','JL. JEND. SUDIRMAN 32','','','JAKARTA','10220','','NCS','Reguler',1,3,'2021-04-01 10:20:26',1,NULL,NULL,1,NULL,NULL,'705186',1,'2021-04-01 10:08:58','2021-04-01 10:08:58'),(3601,67,'296','P00000087543','','P00000087543','','IR F TIONO T SE','IR F TIONO T SE','PERUMAHAN GADING SERPONG','BLOK BH 02/24 SEKTOR I','JL.KELAPA SAWIT XVII','','','SERPONG','15810','','NCS','Reguler',1,3,'2021-04-01 10:20:26',1,NULL,NULL,1,NULL,NULL,'705186',1,'2021-04-01 10:08:58','2021-04-01 10:08:58'),(3602,67,'297','FP0001029998','','FP0001029998','','DEWI HARTONO','DEWI HARTONO','SUNTER HIJAU II SA.2 NO.1 A','RT.18/8 SUNTER JAYA TJ PRIOK','JAKARTA UTARA','','','JAKARTA','14350','','NCS','Reguler',1,3,'2021-04-01 10:20:26',1,NULL,NULL,1,NULL,NULL,'705186',1,'2021-04-01 10:08:58','2021-04-01 10:08:58'),(3603,67,'298','HP0000004341','','HP0000004341','','ERVI RUSANDI','ERVI RUSANDI','JL SMP NO 01','RT 01/03','BATUJAJAR','','','BANDUNG','40561','','NCS','Reguler',1,3,'2021-04-01 10:20:26',1,NULL,NULL,1,NULL,NULL,'705186',1,'2021-04-01 10:08:58','2021-04-01 10:08:58'),(3604,67,'299','HP0000007971','','HP0000007971','','MIN KHAI SENG','MIN KHAI SENG','PT ALAM TIRTA KARTIKA','PERTOKOAN CITRA BALI NO 10','JL BYPASS NGURAH RAI','','','TUBAN - BALI','80362','','NCS','Reguler',1,3,'2021-04-01 10:20:26',1,NULL,NULL,1,NULL,NULL,'705186',1,'2021-04-01 10:08:58','2021-04-01 10:08:58'),(3605,67,'300','HS0000025890','','HS0000025890','','SUMARSO','SUMARSO','JL MADRASAH RT 02/04 NO 48','PERTUKANGAN SELATAN','KEC PESANGGRAHAN','','','JAKARTA SELATAN','12270','','NCS','Reguler',1,3,'2021-04-01 10:20:26',1,NULL,NULL,1,NULL,NULL,'705186',1,'2021-04-01 10:08:58','2021-04-01 10:08:58'),(3606,67,'301','HS0000026762','','HS0000026762','','MUHAMMAD ALI ROJAI','MUHAMMAD ALI ROJAI','JL FLAMBOYAN NO 10','KARET KUNINGAN','','','','JAKARTA SELATAN','12920','','NCS','Reguler',1,3,'2021-04-01 10:20:26',1,NULL,NULL,1,NULL,NULL,'705186',1,'2021-04-01 10:08:59','2021-04-01 10:08:59'),(3607,67,'302','LP2000011674','','LP2000011674','','TJEN MEI MEI','TJEN MEI MEI','JL APT PRANOTO','NO 51 RT 43','KLANDASAN ILIR','','','BALIKPAPAN','76113','','NCS','Reguler',1,3,'2021-04-01 10:20:26',1,NULL,NULL,1,NULL,NULL,'705186',1,'2021-04-01 10:08:59','2021-04-01 10:08:59'),(3608,67,'303','MSH000016905','','MSH000016905','','PHAN ELIZABETH','PHAN ELIZABETH','JL.KESELAMATAN I NO.61B','RT008/08','KOTA','','','JAKARTA','11140','','NCS','Reguler',1,3,'2021-04-01 10:20:26',1,NULL,NULL,1,NULL,NULL,'705186',1,'2021-04-01 10:08:59','2021-04-01 10:08:59'),(3609,67,'304','MSH000021941','','MSH000021941','','RUDY','RUDY','INTI MARINA NETTING PT','JL POGLAR NO 55','KEDAUNG KALIANGKE','','','JAKARTA BARAT','11710','','NCS','Reguler',1,3,'2021-04-01 10:20:26',1,NULL,NULL,1,NULL,NULL,'705186',1,'2021-04-01 10:08:59','2021-04-01 10:08:59'),(3610,67,'305','MSH000022096','','MSH000022096','','DANI INDARTO','DANI INDARTO','JL REGALIA RT 06/04 NO 83','KEL SUSUKAN','KEC CIRACAS','','','JAKARTA TIMUR','13750','','NCS','Reguler',1,3,'2021-04-01 10:20:26',1,NULL,NULL,1,NULL,NULL,'705186',1,'2021-04-01 10:08:59','2021-04-01 10:08:59'),(3611,67,'306','MSH000022132','','MSH000022132','','I PUTU WINARTA','I PUTU WINARTA','JALAN TENTULAR NO 5 BR.SERANGAN MENGWI','BADUNG 80351','','','','BADUNG','80351','','NCS','Reguler',1,3,'2021-04-01 10:20:26',1,NULL,NULL,1,NULL,NULL,'705186',1,'2021-04-01 10:08:59','2021-04-01 10:08:59'),(3612,67,'307','MSH000095442','','MSH000095442','','RINTO ARIBOWO','RINTO ARIBOWO','PT MITRA CMB INDONESIA','JL KH AGUS SALIM NO 5','KEL PORIS PLAWAT, BATU CEPER','','','TANGERANG','15122','','NCS','Reguler',1,3,'2021-04-01 10:20:26',1,NULL,NULL,1,NULL,NULL,'705186',1,'2021-04-01 10:09:00','2021-04-01 10:09:00'),(3613,67,'308','MSH000095523','','MSH000095523','','LUSIANI','LUSIANI','PERUM TAMAN ROYAL I','JL CENDANA V NO 3 - RT 02/15','CIPONDOH - TANAH TINGGI','','','TANGERANG','15119','','NCS','Reguler',1,3,'2021-04-01 10:20:26',1,NULL,NULL,1,NULL,NULL,'705186',1,'2021-04-01 10:09:00','2021-04-01 10:09:00'),(3614,67,'309','MSH000096355','','MSH000096355','','IVAN HARTANTO','IVAN HARTANTO','WIJAYA KUSUMA B-281','RT 02/12','JAKASETIA-BEKASI SELATAN','','','BEKASI','17147','','NCS','Reguler',1,3,'2021-04-01 10:20:26',1,NULL,NULL,1,NULL,NULL,'705186',1,'2021-04-01 10:09:00','2021-04-01 10:09:00'),(3615,67,'310','MSH000108524','','MSH000108524','','ANDRIE BUDIMAN','ANDRIE BUDIMAN','JL KEDIRI I','NO 173','DEPOK II TENGAH','','','DEPOK','16411','','NCS','Reguler',1,3,'2021-04-01 10:20:26',1,NULL,NULL,1,NULL,NULL,'705186',1,'2021-04-01 10:09:00','2021-04-01 10:09:00'),(3616,67,'311','MSR000014576','','MSR000014576','','FAIZAL ACHMAD','FAIZAL ACHMAD','INDONESIA PRINTER PT - PRODUKSI','JLN INDUSTRI RAYA 4','BLOK AG 8 JATAKE','','','TANGERANG','15136','','NCS','Reguler',1,3,'2021-04-01 10:20:26',1,NULL,NULL,1,NULL,NULL,'705186',1,'2021-04-01 10:09:00','2021-04-01 10:09:00'),(3617,67,'312','PE0000002765','','PE0000002765','','PUDJO SUWARNO','PUDJO SUWARNO','JL CAMAR XXII BW-3 NO 6','SEKTOR III BINTARO JAYA','','','','TANGERANG','15221','','NCS','Reguler',1,3,'2021-04-01 10:20:26',1,NULL,NULL,1,NULL,NULL,'705186',1,'2021-04-01 10:09:00','2021-04-01 10:09:00'),(3618,67,'313','PE0000042098','','PE0000042098','','TATAM PERMANA','TATAM PERMANA','PERUSAHAAN LISTRIK NEGARA','BAG ACCOUNTING','JL KAP MUSLIHAT NO 2','','','BOGOR','16122','','NCS','Reguler',1,3,'2021-04-01 10:20:26',1,NULL,NULL,1,NULL,NULL,'705186',1,'2021-04-01 10:09:00','2021-04-01 10:09:00'),(3619,67,'314','CI0000016752','','CI0000016752','','MAURO KISWONO','MAURO KISWONO','LOKANIAGA ADIPERMATA PT','BAG. INFORMATION SYSTEM','JL PANDEAN LAMPER IV/16','','','SEMARANG','50249','','NCS','Reguler',1,3,'2021-04-01 10:20:26',1,NULL,NULL,1,NULL,NULL,'705186',1,'2021-04-01 10:09:00','2021-04-01 10:09:00'),(3620,67,'315','FP0001005366','','FP0001005366','','NIKEN AUSTINE','NIKEN AUSTINE','JL.DR.SAHARJO I','GG.BAKTI IX RT.09/05 NO.23','MANGGARAI','','','JAKARTA SELATAN','12850','','NCS','Reguler',1,3,'2021-04-01 10:20:26',1,NULL,NULL,1,NULL,NULL,'705186',1,'2021-04-01 10:09:00','2021-04-01 10:09:00'),(3621,67,'316','FP0001006797','','FP0001006797','','WINNY SURWINIASARI','WINNY SURWINIASARI','TENAGA BARU NUANSA PERSADA,PT.','JL.BEKASI TIMUR RAYA NO.33-A','','','','JAKARTA TIMUR','13250','','NCS','Reguler',1,3,'2021-04-01 10:20:26',1,NULL,NULL,1,NULL,NULL,'705186',1,'2021-04-01 10:09:00','2021-04-01 10:09:00'),(3622,67,'317','FP0001017243','','FP0001017243','','PUTTI RENASTI','PUTTI RENASTI','JL KAVLING PERKEBUNAN 1 NO 269','KARAWACI','','','','TANGERANG','15115','','NCS','Reguler',1,3,'2021-04-01 10:20:26',1,NULL,NULL,1,NULL,NULL,'705186',1,'2021-04-01 10:09:01','2021-04-01 10:09:01'),(3623,67,'318','FP0001017291','','FP0001017291','','LUH PUTU ELVINA OKTAVIA','LUH PUTU ELVINA OKTAVIA','JL BATUYANG','GG GAGAK NO 5','BATUBULAN','','','GIANYAR','80582','','NCS','Reguler',1,3,'2021-04-01 10:20:26',1,NULL,NULL,1,NULL,NULL,'705186',1,'2021-04-01 10:09:01','2021-04-01 10:09:01'),(3624,67,'319','FP0001030560','','FP0001030560','','AMIR MAHMUD','AMIR MAHMUD','JL.KALIMAS UDIK 2/33','RT/RW 02/08','PABEAN CANTIAN','','','SURABAYA','60162','','NCS','Reguler',1,3,'2021-04-01 10:20:26',1,NULL,NULL,1,NULL,NULL,'705186',1,'2021-04-01 10:09:01','2021-04-01 10:09:01'),(3625,67,'320','LP2000010576','','LP2000010576','','LILI','LILI','KHONGCU BIO','JL KISAMAUN NO 145 BABAKAN','SUKASARI TANGERANG','','','TANGERANG','15118','','NCS','Reguler',1,3,'2021-04-01 10:20:26',1,NULL,NULL,1,NULL,NULL,'705186',1,'2021-04-01 10:09:01','2021-04-01 10:09:01'),(3626,67,'321','LPS000011623','','LPS000011623','','IMELDA TRISTI SARI','IMELDA TRISTI SARI','VINCONST MANAGEMENT CONSULTANT','JL PALEM TENGAH MA/60','PONDOK CHANDRA','','','SIDOARJO','61256','','NCS','Reguler',1,3,'2021-04-01 10:20:26',1,NULL,NULL,1,NULL,NULL,'705186',1,'2021-04-01 10:09:01','2021-04-01 10:09:01'),(3627,67,'322','MBS000033065','','MBS000033065','','TRI INDARTI','TRI INDARTI','SINTA MAJU ABADI BREED FARM PT','JL SULAIMAN NO 27A','SLIPI','','','JAKARTA BARAT','11480','','NCS','Reguler',1,3,'2021-04-01 10:20:26',1,NULL,NULL,1,NULL,NULL,'705186',1,'2021-04-01 10:09:01','2021-04-01 10:09:01'),(3628,67,'323','MF0000010317','','MF0000010317','','THEN FOEK SING','THEN FOEK SING','GRIYA PESONA BLOK A-8','RT 27 RW 06 KELURAHAN SIALANG','KECAMATAN SAKO','','','PALEMBANG','30000','','NCS','Reguler',1,3,'2021-04-01 10:20:26',1,NULL,NULL,1,NULL,NULL,'705186',1,'2021-04-01 10:09:02','2021-04-01 10:09:02'),(3629,67,'324','MPP000002391','','MPP000002391','','MELI MELIYANI','MELI MELIYANI','JL.AMPERA NO.17 RT10/09','PADEMANGAN, JAKARTA UTARA','JAKARTA UTARA','','','JAKARTA','14420','','NCS','Reguler',1,3,'2021-04-01 10:20:26',1,NULL,NULL,1,NULL,NULL,'705186',1,'2021-04-01 10:09:02','2021-04-01 10:09:02'),(3630,67,'325','MPP000010698','','MPP000010698','','MARGO UTOMO','MARGO UTOMO','PERUM PERMATA ARCADIA','CIMANGGIS C4 NO.24 SUKATANI','TAPOS','','','DEPOK','16954','','NCS','Reguler',1,3,'2021-04-01 10:20:26',1,NULL,NULL,1,NULL,NULL,'705186',1,'2021-04-01 10:09:02','2021-04-01 10:09:02'),(3631,67,'326','MSH000024619','','MSH000024619','','ENDAH WINARTI','ENDAH WINARTI','PERUMAHAN GRAND SAFIRA PURWOSARI','BLOK A NO 6','PURWOKERTO','','','PURWOKERTO','53100','','NCS','Reguler',1,3,'2021-04-01 10:20:26',1,NULL,NULL,1,NULL,NULL,'705186',1,'2021-04-01 10:09:02','2021-04-01 10:09:02'),(3632,67,'327','MSH000024632','','MSH000024632','','HARIANTO HALIM','HARIANTO HALIM','JL TEMBAGA NO 3-CC','RT 27/09','SEI RENGAS II - MEDAN AREA','','','MEDAN','20214','','NCS','Reguler',1,3,'2021-04-01 10:20:26',1,NULL,NULL,1,NULL,NULL,'705186',1,'2021-04-01 10:09:02','2021-04-01 10:09:02'),(3633,67,'328','MSH000056321','','MSH000056321','','BERNARDI HARIS','BERNARDI HARIS','JL GADING RAYA BL C1 NO.33','KLP GADING TIMUR','RT 009/010','','','JAKARTA UTARA','14240','','NCS','Reguler',1,3,'2021-04-01 10:20:26',1,NULL,NULL,1,NULL,NULL,'705186',1,'2021-04-01 10:09:02','2021-04-01 10:09:02'),(3634,67,'329','MSH000056387','','MSH000056387','','DWI HESTI RAHAYUNINGSIH','DWI HESTI RAHAYUNINGSIH','BANK DANAMON - BAG.CREDIT RISK','GRAHA SURYA INTERNUSA LT 17','JL HR RASUNA SAID KAV X-O','','','JAKARTA SELATAN','12950','','NCS','Reguler',1,3,'2021-04-01 10:20:26',1,NULL,NULL,1,NULL,NULL,'705186',1,'2021-04-01 10:09:02','2021-04-01 10:09:02'),(3635,67,'330','MSH000056550','','MSH000056550','','DWI HESTI RAHAYUNINGSIH','DWI HESTI RAHAYUNINGSIH','BANK DANAMON - BAG.CREDIT RISK','GRAHA SURYA INTERNUSA LT 17','JL HR RASUNA SAID KAV X-O','','','JAKARTA SELATAN','12950','','NCS','Reguler',1,3,'2021-04-01 10:20:26',1,NULL,NULL,1,NULL,NULL,'705186',1,'2021-04-01 10:09:02','2021-04-01 10:09:02'),(3636,67,'331','MSH000075347','','MSH000075347','','IGNATIUS DAVID EKO YUWONO','IGNATIUS DAVID EKO YUWONO','WIRA PRADEMA PT','BAGIAN MARKETING','JL BUNCIT RAYA NO 8B RT 03/02','','','JAKARTA SELATAN','12760','','NCS','Reguler',1,3,'2021-04-01 10:20:26',1,NULL,NULL,1,NULL,NULL,'705186',1,'2021-04-01 10:09:02','2021-04-01 10:09:02'),(3637,67,'332','MSH000098806','','MSH000098806','','ENDANG PRASETIANINGSIH','ENDANG PRASETIANINGSIH','JL CIRENDEU INDAH I NO 37','RT 04/03 KEL PISANGAN CIPUTAT','TANGGERANG 15419','','','TANGERANG','15419','','NCS','Reguler',1,3,'2021-04-01 10:20:26',1,NULL,NULL,1,NULL,NULL,'705186',1,'2021-04-01 10:09:02','2021-04-01 10:09:02'),(3638,67,'333','MSH000099121','','MSH000099121','','SOFIAN','SOFIAN','JL KANCIL NO 39A/31B','RT 06/03','MEDAN','','','SUMATERA UTARA','20211','','NCS','Reguler',1,3,'2021-04-01 10:20:26',1,NULL,NULL,1,NULL,NULL,'705186',1,'2021-04-01 10:09:03','2021-04-01 10:09:03'),(3639,67,'334','MSH000099123','','MSH000099123','','NURLELI','NURLELI','CITRACITI PACIFIC PT-MARKETING','GD CITRA PLAZA LT IV EXENDED','JL PEPAYA NO 78','','','PEKANBARU','28126','','NCS','Reguler',1,3,'2021-04-01 10:20:26',1,NULL,NULL,1,NULL,NULL,'705186',1,'2021-04-01 10:09:03','2021-04-01 10:09:03'),(3640,67,'335','FP0001026693','','FP0001026693','','FIFI FADLILAH SSE','FIFI FADLILAH SSE','KANTOR  DPP KAD','JALAN  S PARMAN NO : 03','KOTA SUBANG','','','SUBANG','41214','','NCS','Reguler',1,3,'2021-04-01 10:20:26',1,NULL,NULL,1,NULL,NULL,'705186',1,'2021-04-01 10:09:03','2021-04-01 10:09:03'),(3641,67,'336','FP0001026720','','FP0001026720','','HARI RADIAN PUTRA','HARI RADIAN PUTRA','JL.NANGKA NO.68','RT.002/006 INDARUNG','LUBUK KILANGAN','','','PADANG','25237','','NCS','Reguler',1,3,'2021-04-01 10:20:26',1,NULL,NULL,1,NULL,NULL,'705186',1,'2021-04-01 10:09:03','2021-04-01 10:09:03'),(3642,67,'337','HK0000002750','','HK0000002750','','SALATUN','SALATUN','TUNAS RIDEAN PT - SERVICE','JL RAYA MERDEKA NO 80','CIMONE','','','TANGERANG','15114','','NCS','Reguler',1,3,'2021-04-01 10:20:26',1,NULL,NULL,1,NULL,NULL,'705186',1,'2021-04-01 10:09:03','2021-04-01 10:09:03'),(3643,67,'338','HK0000002759','','HK0000002759','','TAN GOEAN LING','TAN GOEAN LING','TAMAN RATU INDAH','BLOK EE 1 NO 22','JAKBAR','','','JAKARTA BARAT','11520','','NCS','Reguler',1,3,'2021-04-01 10:20:26',1,NULL,NULL,1,NULL,NULL,'705186',1,'2021-04-01 10:09:03','2021-04-01 10:09:03'),(3644,67,'339','HR3000002428','','HR3000002428','','CHRISTIANO JANUAR','CHRISTIANO JANUAR','NIRWANA EKSEKUTIF','JL WONOREJO PERMAI V/18-RT 11/','','','','SURABAYA','60221','','NCS','Reguler',1,3,'2021-04-01 10:20:26',1,NULL,NULL,1,NULL,NULL,'705186',1,'2021-04-01 10:09:04','2021-04-01 10:09:04'),(3645,67,'340','HR3000002434','','HR3000002434','','YULIANTO','YULIANTO','GRAHA INDAH','JL RANDU BLOK D NO 11 RT 01/04','KEDUNG HALANG','','','BOGOR','16710','','NCS','Reguler',1,3,'2021-04-01 10:20:26',1,NULL,NULL,1,NULL,NULL,'705186',1,'2021-04-01 10:09:04','2021-04-01 10:09:04'),(3646,67,'341','HS0000053575','','HS0000053575','','EKO SRI ANDONO WARIH','EKO SRI ANDONO WARIH','AJINOMOTO INDONESIA PT - I TEC','JL RAYA MLIRIP','JETIS','','','MOJOKERTO','61352','','NCS','Reguler',1,3,'2021-04-01 10:20:26',1,NULL,NULL,1,NULL,NULL,'705186',1,'2021-04-01 10:09:04','2021-04-01 10:09:04'),(3647,67,'342','LPP000012975','','LPP000012975','','FLORENTINUS EKO WAHYONO','FLORENTINUS EKO WAHYONO','JL H JIAN NO 4 RT 001 RW 007','KELCIPETE UTARA KEC KEBAYORAN BARU','','','','JAKARTA SELATAN','12150','','NCS','Reguler',1,3,'2021-04-01 10:20:26',1,NULL,NULL,1,NULL,NULL,'705186',1,'2021-04-01 10:09:04','2021-04-01 10:09:04'),(3648,67,'343','MSH000027172','','MSH000027172','','YUNUS ANIS','YUNUS ANIS','LIPPO CIKARANG MEADOW GREEN','JL PINUS 4 NO 18','. 17550','','','INDONESIA','17550','','NCS','Reguler',1,3,'2021-04-01 10:20:26',1,NULL,NULL,1,NULL,NULL,'705186',1,'2021-04-01 10:09:04','2021-04-01 10:09:04'),(3649,67,'344','MSH000027288','','MSH000027288','','DWI ENDAH SARI','DWI ENDAH SARI','PT. BESS FINANCE','JL. PEMUDA NO. 35','CIREBON','','','CIREBON','45100','','NCS','Reguler',1,3,'2021-04-01 10:20:26',1,NULL,NULL,1,NULL,NULL,'705186',1,'2021-04-01 10:09:04','2021-04-01 10:09:04'),(3650,67,'345','MSH000032330','','MSH000032330','','RUDY KURNIAWAN YAP','RUDY KURNIAWAN YAP','JL.KEMAYORAN TIMUR GG.VIII','RT/RW : 005/008','KEL.KEMAYORAN / KEC.KEMAYORAN','','','JAKARTA PUSAT','10000','','NCS','Reguler',1,3,'2021-04-01 10:20:26',1,NULL,NULL,1,NULL,NULL,'705186',1,'2021-04-01 10:09:04','2021-04-01 10:09:04'),(3651,67,'346','MSH000043707','','MSH000043707','','DUENNO LUDISSA','DUENNO LUDISSA','JL. EMERALT ERAT BLOK G NO : 12','BINTARO SEKTOR 9','','','','JAKARTA SELATAN','12160','','NCS','Reguler',1,3,'2021-04-01 10:20:26',1,NULL,NULL,1,NULL,NULL,'705186',1,'2021-04-01 10:09:04','2021-04-01 10:09:04'),(3652,67,'347','MSH000062975','','MSH000062975','','ERNI ERAWATI','ERNI ERAWATI','ARAYA GALAXI BUMI PERMAI','BLOK J3/16-17','SURABAYA','','','JAWA TIMUR','60000','','NCS','Reguler',1,3,'2021-04-01 10:20:26',1,NULL,NULL,1,NULL,NULL,'705186',1,'2021-04-01 10:09:04','2021-04-01 10:09:04'),(3653,67,'348','MSH000063195','','MSH000063195','','ERNI ERAWATI','ERNI ERAWATI','ARAYA GALAXI BUMI PERMAI','BLOK J3/16-17','SURABAYA','','','JAWA TIMUR','60000','','NCS','Reguler',1,3,'2021-04-01 10:20:26',1,NULL,NULL,1,NULL,NULL,'705186',1,'2021-04-01 10:09:04','2021-04-01 10:09:04'),(3654,67,'349','MSH000100074','','MSH000100074','','IRMA SURYANI DWI SAPUTRI','IRMA SURYANI DWI SAPUTRI','PT QNET','SONA TOPAZ TOWER LT. 15','JL JEND SUDIRMAN KAV 26','','','JAKARTA SELATAN','12190','','NCS','Reguler',1,3,'2021-04-01 10:20:26',1,NULL,NULL,1,NULL,NULL,'705186',1,'2021-04-01 10:09:05','2021-04-01 10:09:05'),(3655,67,'350','MSR000015014','','MSR000015014','','MUHAMMAD CHANDRA FALAH','MUHAMMAD CHANDRA FALAH','KP BUGIS NO 9','RT 02/03','CEMPAKA BARU','','','JAKARTA PUSAT','10640','','NCS','Reguler',1,3,'2021-04-01 10:20:26',1,NULL,NULL,1,NULL,NULL,'705186',1,'2021-04-01 10:09:05','2021-04-01 10:09:05'),(3656,67,'351','FP0001011987','','FP0001011987','','IMAS PEBRIANA','IMAS PEBRIANA','JL BUKIT DURI TANJAKAN NO 33','KEL KEC BUKIT DURI/TEBET RT 01 RW 09','JAKARTA SELATAN','','','JAKARTA SELATAN','12840','','NCS','Reguler',1,3,'2021-04-01 10:20:26',1,NULL,NULL,1,NULL,NULL,'705186',1,'2021-04-01 10:09:05','2021-04-01 10:09:05'),(3657,67,'352','FP0001015722','','FP0001015722','','YULIANA','YULIANA','PT. DSVN PERUM LINGGA HARA BLOK A1 NO. 1','JLN. SADANG KOPO , RT 04/RW04','KAB. BANDUNG','','','BANDUNG','40225','','NCS','Reguler',1,3,'2021-04-01 10:20:26',1,NULL,NULL,1,NULL,NULL,'705186',1,'2021-04-01 10:09:05','2021-04-01 10:09:05'),(3658,67,'353','FP0001033804','','FP0001033804','','EDWIN PRIYANTO','EDWIN PRIYANTO','PT ADIRA FINANCE','JL. IR. SUKARNO BLOK JA','NO.7-9 SUKOHARJO','','','SUKOHARJO','57552','','NCS','Reguler',1,3,'2021-04-01 10:20:26',1,NULL,NULL,1,NULL,NULL,'705186',1,'2021-04-01 10:09:05','2021-04-01 10:09:05'),(3659,67,'354','LP2000011751','','LP2000011751','','ENY JULIANINGSIH','ENY JULIANINGSIH','TAMAN BANJAR WIJAYA BLK B 32','NO 10','CIPONDOH','','','TANGGERANG','15148','','NCS','Reguler',1,3,'2021-04-01 10:20:26',1,NULL,NULL,1,NULL,NULL,'705186',1,'2021-04-01 10:09:05','2021-04-01 10:09:05'),(3660,67,'355','LP2000012877','','LP2000012877','','ANGGRAENI','ANGGRAENI','MENUR 2/12','RT 01/01, MENUR PUMPUNGAN','SUKOLILO','','','SURABAYA','60118','','NCS','Reguler',1,3,'2021-04-01 10:20:26',1,NULL,NULL,1,NULL,NULL,'705186',1,'2021-04-01 10:09:05','2021-04-01 10:09:05'),(3661,67,'356','LPP000011849','','LPP000011849','','ANTONIUS SUBARNA','ANTONIUS SUBARNA','TILANG MAS GARDEN BLOK E NO 53/148','CIREBON','','','','CIREBON','45100','','NCS','Reguler',1,3,'2021-04-01 10:20:26',1,NULL,NULL,1,NULL,NULL,'705186',1,'2021-04-01 10:09:05','2021-04-01 10:09:05'),(3662,67,'357','LPS000012948','','LPS000012948','','IBID SYAHARDIAN','IBID SYAHARDIAN','INSADA PERKASA UTAMA PT','INTERCON PLAZA BLOK D/17','MERUYA ILIR','','','JAKARTA BARAT','11630','','NCS','Reguler',1,3,'2021-04-01 10:20:26',1,NULL,NULL,1,NULL,NULL,'705186',1,'2021-04-01 10:09:05','2021-04-01 10:09:05'),(3663,67,'358','MSH000101687','','MSH000101687','','IGN SUGIARTO','IGN SUGIARTO','KOMPLEK CIBOGO PERMAI','NO.23 RT 03 RW 14','LEUWIGAJAH CIMAHI','','','BANDUNG','40532','','NCS','Reguler',1,3,'2021-04-01 10:20:26',1,NULL,NULL,1,NULL,NULL,'705186',1,'2021-04-01 10:09:06','2021-04-01 10:09:06'),(3664,67,'359','MSH000101688','','MSH000101688','','IGN SUGIARTO','IGN SUGIARTO','KOMPLEK CIBOGO PERMAI','NO.23 RT 03 RW 14','LEUWIGAJAH CIMAHI','','','BANDUNG','40532','','NCS','Reguler',1,3,'2021-04-01 10:20:26',1,NULL,NULL,1,NULL,NULL,'705186',1,'2021-04-01 10:09:06','2021-04-01 10:09:06'),(3665,67,'360','MSH000101826','','MSH000101826','','LUCY EFFENDY','LUCY EFFENDY','Thamrin Residence Apartement Tower C','Unit 21 CG','Jln. Teluk Betung, Kebon MeLati','','','JAKARTA PUSAT','10210','','NCS','Reguler',1,3,'2021-04-01 10:20:26',1,NULL,NULL,1,NULL,NULL,'705186',1,'2021-04-01 10:09:06','2021-04-01 10:09:06'),(3666,67,'361','MSR000013216','','MSR000013216','','ERWIN BAHARUDDIN','ERWIN BAHARUDDIN','PONDOK NIRWANA ANGGASWANGI','CLUSTER ALAMANDA BLOK H NO2','SUKODONO SIDOARJO','','','SIDOARJO','61258','','NCS','Reguler',1,3,'2021-04-01 10:20:26',1,NULL,NULL,1,NULL,NULL,'705186',1,'2021-04-01 10:09:06','2021-04-01 10:09:06'),(3667,67,'362','MSR000013221','','MSR000013221','','ERWIN BAHARUDDIN','ERWIN BAHARUDDIN','PONDOK NIRWANA ANGGASWANGI','CLUSTER ALAMANDA BLOK H NO2','SUKODONO SIDOARJO','','','SIDOARJO','61258','','NCS','Reguler',1,3,'2021-04-01 10:20:26',1,NULL,NULL,1,NULL,NULL,'705186',1,'2021-04-01 10:09:06','2021-04-01 10:09:06'),(3668,67,'363','MSR000016496','','MSR000016496','','BUDI JATMIKO','BUDI JATMIKO','GG BUANA 3','RT 019/06','LINGKUNG','','','JOHAR UTARA','41311','','NCS','Reguler',1,3,'2021-04-01 10:20:26',1,NULL,NULL,1,NULL,NULL,'705186',1,'2021-04-01 10:09:06','2021-04-01 10:09:06'),(3669,67,'364','MSR000016498','','MSR000016498','','BUDI JATMIKO','BUDI JATMIKO','GG BUANA 3','RT 019/06','LINGKUNG','','','JOHAR UTARA','41311','','NCS','Reguler',1,3,'2021-04-01 10:20:26',1,NULL,NULL,1,NULL,NULL,'705186',1,'2021-04-01 10:09:06','2021-04-01 10:09:06'),(3670,67,'365','FP0001014200','','FP0001014200','','I NENGAH EDI','I NENGAH EDI','PT LUXURY BALI VILLAS','KUTA POLENG BLOK C 3','BADUNG','','','BALI','80361','','NCS','Reguler',1,3,'2021-04-01 10:20:26',1,NULL,NULL,1,NULL,NULL,'705186',1,'2021-04-01 10:09:06','2021-04-01 10:09:06'),(3671,67,'366','FP0001019412','','FP0001019412','','SHEILLA TAYU','SHEILLA TAYU','JL ASAM KERANJI PK II NO 197,','RT/RW 002/009,KASSI KASSI,','RAPPOCINI,','','','MAKASSAR','90222','','NCS','Reguler',1,3,'2021-04-01 10:20:26',1,NULL,NULL,1,NULL,NULL,'705186',1,'2021-04-01 10:09:06','2021-04-01 10:09:06'),(3672,67,'367','HK0000003000','','HK0000003000','','RINA HENDRIANI','RINA HENDRIANI','DANTOSAN PRECON PERKASA','JLN RAYA KOSAMBI CURUG KM2','DESAWALAHAR KLARI','','','KARAWANG','41371','','NCS','Reguler',1,3,'2021-04-01 10:20:26',1,NULL,NULL,1,NULL,NULL,'705186',1,'2021-04-01 10:09:06','2021-04-01 10:09:06'),(3673,67,'368','HS0000039681','','HS0000039681','','JEANETTE SARIANI','JEANETTE SARIANI','JL GEMBONG SAYURAN NO 18','KEL KAPASAN - KEC SIMOKERTO','','','','SURABAYA','60141','','NCS','Reguler',1,3,'2021-04-01 10:20:26',1,NULL,NULL,1,NULL,NULL,'705186',1,'2021-04-01 10:09:06','2021-04-01 10:09:06'),(3674,67,'369','LP2000017518','','LP2000017518','','ERNI ROCHMAWATI','ERNI ROCHMAWATI','PUSKESMAS PIYUNGAN BANTUL','JL YOGYA WONOSARI KM 12,5','PIYUNGAN, BANTUL','','','JOGJAKARTA','55792','','NCS','Reguler',1,3,'2021-04-01 10:20:26',1,NULL,NULL,1,NULL,NULL,'705186',1,'2021-04-01 10:09:07','2021-04-01 10:09:07'),(3675,67,'370','LP2000017528','','LP2000017528','','RAJENDRA','RAJENDRA','KANTOR GUBERNUR SUL SEL','GD G BALIK BANDA','JL.URIP SUMOHARJO NO 269,PANAKUKANG','','','MAKASSAR','90231','','NCS','Reguler',1,3,'2021-04-01 10:20:26',1,NULL,NULL,1,NULL,NULL,'705186',1,'2021-04-01 10:09:07','2021-04-01 10:09:07'),(3676,67,'371','LPS000017107','','LPS000017107','','LUH SRI WINDAYANI','LUH SRI WINDAYANI','JL TEUKU UMAR NO 28','','','','','DENPASAR','80114','','NCS','Reguler',1,3,'2021-04-01 10:20:26',1,NULL,NULL,1,NULL,NULL,'705186',1,'2021-04-01 10:09:07','2021-04-01 10:09:07'),(3677,67,'372','MSH000014328','','MSH000014328','','ALI DIBAN','ALI DIBAN','JL. BASUKI RAHMAT NO. 116','RT 001/ RW 003','KEL. LATENG KEC. BANYUWANGI','','','BANYUWANGI','68414','','NCS','Reguler',1,3,'2021-04-01 10:20:26',1,NULL,NULL,1,NULL,NULL,'705186',1,'2021-04-01 10:09:07','2021-04-01 10:09:07'),(3678,67,'373','MSH000032584','','MSH000032584','','RINJANI','RINJANI','KAV POLRI BL BVI','JL.EMPANG BAHAGIA V NO.681 RT 04/11','KEL JELAMBAR KEC GROGOL PETAMBURAN','','','JAKARTA BARAT','11460','','NCS','Reguler',1,3,'2021-04-01 10:20:26',1,NULL,NULL,1,NULL,NULL,'705186',1,'2021-04-01 10:09:07','2021-04-01 10:09:07'),(3679,67,'374','MSH000032806','','MSH000032806','','PORTIA SHARON TAMIO','PORTIA SHARON TAMIO','PERUM BALIKPAPAN BARU','BLK E3 NO.11','','','','BALIKPAPAN','76114','','NCS','Reguler',1,3,'2021-04-01 10:20:26',1,NULL,NULL,1,NULL,NULL,'705186',1,'2021-04-01 10:09:07','2021-04-01 10:09:07'),(3680,67,'375','MSH000032807','','MSH000032807','','PORTIA SHARON TAMIO','PORTIA SHARON TAMIO','PERUM BALIKPAPAN BARU','BLK E3 NO.11','','','','BALIKPAPAN','76114','','NCS','Reguler',1,3,'2021-04-01 10:20:26',1,NULL,NULL,1,NULL,NULL,'705186',1,'2021-04-01 10:09:08','2021-04-01 10:09:08'),(3681,67,'376','MSH000048645','','MSH000048645','','ADI SUBARNA','ADI SUBARNA','PERUM GRIYA CITRA PERSADA','DESA DAWUAN TIMUR','BLOK BB NO 3','','','KARAWANG','41373','','NCS','Reguler',1,3,'2021-04-01 10:20:26',1,NULL,NULL,1,NULL,NULL,'705186',1,'2021-04-01 10:09:08','2021-04-01 10:09:08'),(3682,67,'377','MSH000048684','','MSH000048684','','EKA SETIYAWATI','EKA SETIYAWATI','JL PANGK JATI IV NO 24','CIPINANG MELAYU - MAKASAR','RT 11/05','','','JAKARTA TIMUR','13620','','NCS','Reguler',1,3,'2021-04-01 10:20:26',1,NULL,NULL,1,NULL,NULL,'705186',1,'2021-04-01 10:09:08','2021-04-01 10:09:08'),(3683,67,'378','MSH000048857','','MSH000048857','','ADI SUBARNA','ADI SUBARNA','PERUM GRIYA CITRA PERSADA','DESA DAWUAN TIMUR','BLOK BB NO 3','','','KARAWANG','41373','','NCS','Reguler',1,3,'2021-04-01 10:20:26',1,NULL,NULL,1,NULL,NULL,'705186',1,'2021-04-01 10:09:08','2021-04-01 10:09:08'),(3684,67,'379','MSH000067495','','MSH000067495','','IWAN S SUMANTRI','IWAN S SUMANTRI','JL WANGSA PUTRI WETAN NO 9','PERUMAHAN KOTA BARU PARAHYANGAN','CLUSTER TATAR WANGSAKERTA','','','BANDUNG','40111','','NCS','Reguler',1,3,'2021-04-01 10:20:26',1,NULL,NULL,1,NULL,NULL,'705186',1,'2021-04-01 10:09:08','2021-04-01 10:09:08'),(3685,67,'380','MSH000067662','','MSH000067662','','IWAN S SUMANTRI','IWAN S SUMANTRI','JL WANGSA PUTRI WETAN NO 9','PERUMAHAN KOTA BARU PARAHYANGAN','CLUSTER TATAR WANGSAKERTA','','','BANDUNG','40111','','NCS','Reguler',1,3,'2021-04-01 10:20:26',1,NULL,NULL,1,NULL,NULL,'705186',1,'2021-04-01 10:09:08','2021-04-01 10:09:08'),(3686,67,'381','MSH000067898','','MSH000067898','','WIRAWAN WAHYU SUSENO','WIRAWAN WAHYU SUSENO','TANJUNG DUREN BARAT IV NO 12','RT 02/06','JAKARTA BARAT','','','INDONESIA','11470','','NCS','Reguler',1,3,'2021-04-01 10:20:26',1,NULL,NULL,1,NULL,NULL,'705186',1,'2021-04-01 10:09:08','2021-04-01 10:09:08'),(3687,67,'382','MSH000068069','','MSH000068069','','WIRAWAN WAHYU SUSENO','WIRAWAN WAHYU SUSENO','TANJUNG DUREN BARAT IV NO 12','RT 02/06','JAKARTA BARAT','','','INDONESIA','11470','','NCS','Reguler',1,3,'2021-04-01 10:20:26',1,NULL,NULL,1,NULL,NULL,'705186',1,'2021-04-01 10:09:08','2021-04-01 10:09:08'),(3688,67,'383','MSH000068131','','MSH000068131','','PIET ARYOSENO','PIET ARYOSENO','JL TAMAN WIJAYA KUSUMA III/7','CILANDAK BARAT','KOMPLEKS DEPKES','','','JAKARTA SELATAN','12430','','NCS','Reguler',1,3,'2021-04-01 10:20:26',1,NULL,NULL,1,NULL,NULL,'705186',1,'2021-04-01 10:09:08','2021-04-01 10:09:08'),(3689,67,'384','MSH000071221','','MSH000071221','','BAYU DWISYABANI','BAYU DWISYABANI','JL CEMARA NO 65','JATIMEKAR - JATIASIH','RT 02 RW 12','','','BEKASI','17422','','NCS','Reguler',1,3,'2021-04-01 10:20:26',1,NULL,NULL,1,NULL,NULL,'705186',1,'2021-04-01 10:09:08','2021-04-01 10:09:08'),(3690,67,'385','MSH000071222','','MSH000071222','','BAYU DWISYABANI','BAYU DWISYABANI','JL CEMARA NO 65','JATIMEKAR - JATIASIH','RT 02 RW 12','','','BEKASI','17422','','NCS','Reguler',1,3,'2021-04-01 10:20:26',1,NULL,NULL,1,NULL,NULL,'705186',1,'2021-04-01 10:09:08','2021-04-01 10:09:08'),(3691,67,'386','MSH000071248','','MSH000071248','','SUCIPTO','SUCIPTO','PERUM TAMAN KOTA BALOI','LUBUK BAJA KOTA','BLOK F5 NO 22','','','BATAM 29432','29432','','NCS','Reguler',1,3,'2021-04-01 10:20:26',1,NULL,NULL,1,NULL,NULL,'705186',1,'2021-04-01 10:09:09','2021-04-01 10:09:09'),(3692,67,'387','MSH000071249','','MSH000071249','','SUCIPTO','SUCIPTO','CITRA KARIMUN INDAH PT','KOMP BUMI INDAH BLOK A NO 27','BATAM 29432','','','BATAM 29432','29432','','NCS','Reguler',1,3,'2021-04-01 10:20:26',1,NULL,NULL,1,NULL,NULL,'705186',1,'2021-04-01 10:09:09','2021-04-01 10:09:09'),(3693,67,'388','MSH000075457','','MSH000075457','','MEILIAWATY POEKNADI','MEILIAWATY POEKNADI','TAMAN HOLIS INDAH II BLOK C1 NO 12','DS CIGONDEWAH KALER','KEC BANDUNG KULON','','','BANDUNG','40214','','NCS','Reguler',1,3,'2021-04-01 10:20:26',1,NULL,NULL,1,NULL,NULL,'705186',1,'2021-04-01 10:09:09','2021-04-01 10:09:09'),(3694,67,'389','MSH000075560','','MSH000075560','','MEILIAWATY POEKNADI','MEILIAWATY POEKNADI','TAMAN HOLIS INDAH II BLOK C1 NO 12','DS CIGONDEWAH KALER','KEC BANDUNG KULON','','','BANDUNG','40214','','NCS','Reguler',1,3,'2021-04-01 10:20:26',1,NULL,NULL,1,NULL,NULL,'705186',1,'2021-04-01 10:09:09','2021-04-01 10:09:09'),(3695,67,'390','MSH000075760','','MSH000075760','','WIDI ASTUTI','WIDI ASTUTI','PERUMAHAN PERMATA DUTA','BLOK B1 NO 4-5','CILODONG DEPOK','','','DEPOK','16400','','NCS','Reguler',1,3,'2021-04-01 10:20:26',1,NULL,NULL,1,NULL,NULL,'705186',1,'2021-04-01 10:09:09','2021-04-01 10:09:09'),(3696,67,'391','MSH000075906','','MSH000075906','','WIDI ASTUTI','WIDI ASTUTI','PERUMAHAN PERMATA DUTA','BLOK B1 NO 4-5','CILODONG DEPOK','','','DEPOK','16400','','NCS','Reguler',1,3,'2021-04-01 10:20:26',1,NULL,NULL,1,NULL,NULL,'705186',1,'2021-04-01 10:09:09','2021-04-01 10:09:09'),(3697,67,'392','MSH000080848','','MSH000080848','','ASEP RAHMAT WAHYUDI','ASEP RAHMAT WAHYUDI','VILLA NUSA INDAH BL W/7 NO 1','BOJONG KULUR - GUNUNG PUTRI','RT 09/21','','','BOGOR','16100','','NCS','Reguler',1,3,'2021-04-01 10:20:26',1,NULL,NULL,1,NULL,NULL,'705186',1,'2021-04-01 10:09:09','2021-04-01 10:09:09'),(3698,67,'393','MSH000102637','','MSH000102637','','DEWI SITI ROCHMAH','DEWI SITI ROCHMAH','KOMPLEK CISARANTEN INDAH NO.62/124','RT 03 RW 01','BANDUNG','','','BANDUNG','40293','','NCS','Reguler',1,3,'2021-04-01 10:20:26',1,NULL,NULL,1,NULL,NULL,'705186',1,'2021-04-01 10:09:09','2021-04-01 10:09:09'),(3699,67,'394','MSH000102638','','MSH000102638','','DEWI SITI ROCHMAH','DEWI SITI ROCHMAH','KOMPLEK CISARANTEN INDAH NO.62/124','RT 03 RW 01','BANDUNG','','','BANDUNG','40293','','NCS','Reguler',1,3,'2021-04-01 10:20:26',1,NULL,NULL,1,NULL,NULL,'705186',1,'2021-04-01 10:09:09','2021-04-01 10:09:09'),(3700,67,'395','MSR000014037','','MSR000014037','','TAHRIRUDIN','TAHRIRUDIN','KP PEUSAR NO 13 BINONG','RT 08/01 BINONG','TANGERANG','','','INDONESIA','15810','','NCS','Reguler',1,3,'2021-04-01 10:20:26',1,NULL,NULL,1,NULL,NULL,'705186',1,'2021-04-01 10:09:10','2021-04-01 10:09:10'),(3701,67,'396','FP0001008330','','FP0001008330','','NUR HIDAYATI','NUR HIDAYATI','VIANTINI CATERING','PERTOKOAN SUNRISE GARDEN','BLOK.X 17 KEDOYA','','','JKT','11520','','NCS','Reguler',1,3,'2021-04-01 10:20:26',1,NULL,NULL,1,NULL,NULL,'705186',1,'2021-04-01 10:09:10','2021-04-01 10:09:10'),(3702,67,'397','FP0001024740','','FP0001024740','','JOHAN RAHARDJA','JOHAN RAHARDJA','HAYAM WURUK 36','RT/RW:003/001','MAGERSARI','','','MOJOKERTO','61318','','NCS','Reguler',1,3,'2021-04-01 10:20:26',1,NULL,NULL,1,NULL,NULL,'705186',1,'2021-04-01 10:09:10','2021-04-01 10:09:10'),(3703,67,'398','HR3000004407','','HR3000004407','','ISSA SUMANTRI','ISSA SUMANTRI','JL.BACANG NO.19','RAWASARI','CEMPAKA PUTIH','','','JAKARTA PUSAT','10510','','NCS','Reguler',1,3,'2021-04-01 10:20:26',1,NULL,NULL,1,NULL,NULL,'705186',1,'2021-04-01 10:09:10','2021-04-01 10:09:10'),(3704,67,'399','MPP000006955','','MPP000006955','','SURATMI','SURATMI','JL.NARADA 4 BLOK.D NO.9','RT.08/06 DUREN SAWIT','KOMP.KAVLING DUREN SAWIT','','','JAKARTA TIMUR','13000','','NCS','Reguler',1,3,'2021-04-01 10:20:26',1,NULL,NULL,1,NULL,NULL,'705186',1,'2021-04-01 10:09:10','2021-04-01 10:09:10'),(3705,67,'400','MSH000012722','','MSH000012722','','IRMALA','IRMALA','BINONG PERMAI BLOK D V','NO 21-22 RT 10/04','KARAWACI','','','TANGGERANG','15115','','NCS','Reguler',1,3,'2021-04-01 10:20:26',1,NULL,NULL,1,NULL,NULL,'705186',1,'2021-04-01 10:09:10','2021-04-01 10:09:10'),(3706,67,'401','MSH000012726','','MSH000012726','','WANSULI TANUWIDJAJA','WANSULI TANUWIDJAJA','JL MANGGA DUA RAYA NO 23','GANG ABDUL HAMID RT 04/04','','','','JAKARTA BARAT','11110','','NCS','Reguler',1,3,'2021-04-01 10:20:26',1,NULL,NULL,1,NULL,NULL,'705186',1,'2021-04-01 10:09:10','2021-04-01 10:09:10'),(3707,67,'402','MSH000012757','','MSH000012757','','THIO MARY','THIO MARY','TELUK GONG','GG LILI NO 14 B RT 04 RW 7','KEL PEJAGALAN KEC PENJANRINGAN','','','JAKARTA UTARA','14450','','NCS','Reguler',1,3,'2021-04-01 10:20:26',1,NULL,NULL,1,NULL,NULL,'705186',1,'2021-04-01 10:09:10','2021-04-01 10:09:10'),(3708,67,'403','MSH000014559','','MSH000014559','','WIRIANTO BUDIANTO','WIRIANTO BUDIANTO','TAMAN PERMATA C4A/19','RT 01/01','LIPPO KARAWACI','','','TANGERANG','15810','','NCS','Reguler',1,3,'2021-04-01 10:20:26',1,NULL,NULL,1,NULL,NULL,'705186',1,'2021-04-01 10:09:10','2021-04-01 10:09:10'),(3709,67,'404','MSH000020088','','MSH000020088','','TUTI ALAWIYAH','TUTI ALAWIYAH','EXXON MOBIL OIL INDONESIA-HRD','WISMA GKBI LT 27-30','JL JEND SUDIRMAN NO 28','','','JAKARTA','10210','','NCS','Reguler',1,3,'2021-04-01 10:20:26',1,NULL,NULL,1,NULL,NULL,'705186',1,'2021-04-01 10:09:11','2021-04-01 10:09:11'),(3710,67,'405','MSH000022406','','MSH000022406','','RAKHMAT SYAH RIZAL S','RAKHMAT SYAH RIZAL S','GRAHA BINTARO JAYA GRS3 NO 3','PONDOK KACANG BRT','PONDOK AREN RT 09/07','','','BINTARO','15224','','NCS','Reguler',1,3,'2021-04-01 10:20:26',1,NULL,NULL,1,NULL,NULL,'705186',1,'2021-04-01 10:09:11','2021-04-01 10:09:11'),(3711,67,'406','MSH000049881','','MSH000049881','','A FEBRIANTO S','A FEBRIANTO S','JL BUAH BATU NO 300','RT 01/07','BANDUNG','','','INDONESIA','40265','','NCS','Reguler',1,3,'2021-04-01 10:20:26',1,NULL,NULL,1,NULL,NULL,'705186',1,'2021-04-01 10:09:11','2021-04-01 10:09:11'),(3712,67,'407','MSH000063869','','MSH000063869','','CIAN SEN','CIAN SEN','TOKO INDONESIA ELEKTRONIK','JL.HASYIM ASHARI NO 51D CIPONDOH TANGERA','(sebelah bank BTN cipondoh tangerang)','','','TANGERANG','15118','','NCS','Reguler',1,3,'2021-04-01 10:20:26',1,NULL,NULL,1,NULL,NULL,'705186',1,'2021-04-01 10:09:11','2021-04-01 10:09:11'),(3713,67,'408','MSH000106870','','MSH000106870','','ERWIN HARDYANTO','ERWIN HARDYANTO','MEDOKAN AYU II/N 1-2','RT 02/07','RUNGKUT','','','SURABAYA','60295','','NCS','Reguler',1,3,'2021-04-01 10:20:26',1,NULL,NULL,1,NULL,NULL,'705186',1,'2021-04-01 10:09:12','2021-04-01 10:09:12'),(3714,67,'409','MSH000109878','','MSH000109878','','MIRDAZ SYAH','MIRDAZ SYAH','KEMANGGISAN PULO NO.75','RT 06/17','PALMERAH','','','JAKARTA BARAT','11480','','NCS','Reguler',1,3,'2021-04-01 10:20:26',1,NULL,NULL,1,NULL,NULL,'705186',1,'2021-04-01 10:09:12','2021-04-01 10:09:12'),(3715,67,'410','MSH000109879','','MSH000109879','','MIRDAZ SYAH','MIRDAZ SYAH','KEMANGGISAN PULO NO.75','RT 06/17','PALMERAH','','','JAKARTA BARAT','11480','','NCS','Reguler',1,3,'2021-04-01 10:20:26',1,NULL,NULL,1,NULL,NULL,'705186',1,'2021-04-01 10:09:12','2021-04-01 10:09:12'),(3716,67,'411','MSR000010708','','MSR000010708','','HANDY HERMANTO','HANDY HERMANTO','PLANET SELANCAR MANDIRI PT','JL MERTASARI NO 7','KEROBOKAN, KUTA','','','BADUNG','80361','','NCS','Reguler',1,3,'2021-04-01 10:20:26',1,NULL,NULL,1,NULL,NULL,'705186',1,'2021-04-01 10:09:12','2021-04-01 10:09:12'),(3717,67,'412','MSR000010711','','MSR000010711','','HANDY HERMANTO','HANDY HERMANTO','PLANET SELANCAR MANDIRI PT','JL MERTASARI NO 7','KEROBOKAN, KUTA','','','BADUNG','80361','','NCS','Reguler',1,3,'2021-04-01 10:20:26',1,NULL,NULL,1,NULL,NULL,'705186',1,'2021-04-01 10:09:12','2021-04-01 10:09:12'),(3718,67,'413','FP0001011077','','FP0001011077','','NI LUH RESMINI','NI LUH RESMINI','DSN BELIMBING DS PENUKTUKAN','KEC TEJAKULA','','','','BULELENG','80000','','NCS','Reguler',1,3,'2021-04-01 10:20:26',1,NULL,NULL,1,NULL,NULL,'705186',1,'2021-04-01 10:09:12','2021-04-01 10:09:12'),(3719,67,'414','FP0001014740','','FP0001014740','','JAKA KUMBARA','JAKA KUMBARA','JL.HARAPAN JAYA NO.51 RT.03/02','LABUHBARU BARAT','PAYUNG SEKAKI','','','PEKANBARU','28292','','NCS','Reguler',1,3,'2021-04-01 10:20:26',1,NULL,NULL,1,NULL,NULL,'705186',1,'2021-04-01 10:09:12','2021-04-01 10:09:12'),(3720,67,'415','FP0001022206','','FP0001022206','','DIANAWATI','DIANAWATI','JL.JAMBU RAYA NO.63','JAJAR LAWEYAN','SURAKARTA','','','SOLO','57144','','NCS','Reguler',1,3,'2021-04-01 10:20:26',1,NULL,NULL,1,NULL,NULL,'705186',1,'2021-04-01 10:09:12','2021-04-01 10:09:12'),(3721,67,'416','LP2000015035','','LP2000015035','','PATRICIA NOVA GLORIA','PATRICIA NOVA GLORIA','PULO GEBANG PERMAI BL B7/14','RT 04/10','PULO GEBANG','','','JAKARTA TIMUR','13950','','NCS','Reguler',1,3,'2021-04-01 10:20:26',1,NULL,NULL,1,NULL,NULL,'705186',1,'2021-04-01 10:09:12','2021-04-01 10:09:12'),(3722,67,'417','MPP000013644','','MPP000013644','','MELKIOR NIFE','MELKIOR NIFE','APARTMENT GREEN LAKE VIEW TOWER B','NO. B315 JL DEWI SARTIKA NO.28','CIPUTAT','','','TANGERANG SELATAN','12450','','NCS','Reguler',1,3,'2021-04-01 10:20:26',1,NULL,NULL,1,NULL,NULL,'705186',1,'2021-04-01 10:09:13','2021-04-01 10:09:13'),(3723,67,'418','MSH000068626','','MSH000068626','','SUHARTONO','SUHARTONO','PT AMSTRONG INDUSTRI INDONESIA','EJIP INDUSTRIAL PARK PLOT 1A-3','DESA SUKARESMI CIKARANG SELATAN','','','BEKASI','17550','','NCS','Reguler',1,3,'2021-04-01 10:20:26',1,NULL,NULL,1,NULL,NULL,'705186',1,'2021-04-01 10:09:13','2021-04-01 10:09:13'),(3724,67,'419','MSH000089008','','MSH000089008','','NURLIZA FAJRIANY','NURLIZA FAJRIANY','BANK PERMATA - TPC','GD BANK PERMATA BINTARO LT 12','BINTARO SEKTOR VII','','','TANGERANG','15224','','NCS','Reguler',1,3,'2021-04-01 10:20:26',1,NULL,NULL,1,NULL,NULL,'705186',1,'2021-04-01 10:09:13','2021-04-01 10:09:13'),(3725,67,'420','MSH000089020','','MSH000089020','','FIFI FEBRIANI EKAWATI','FIFI FEBRIANI EKAWATI','JL.KERTANEGARA NO.20','RT.07 RW.04','KEBAYORAN BARU','','','JAKARTA SELATAN','12180','','NCS','Reguler',1,3,'2021-04-01 10:20:26',1,NULL,NULL,1,NULL,NULL,'705186',1,'2021-04-01 10:09:13','2021-04-01 10:09:13'),(3726,67,'421','MSH000089111','','MSH000089111','','NURLIZA FAJRIANY','NURLIZA FAJRIANY','BANK PERMATA - TPC','GD BANK PERMATA BINTARO LT 12','BINTARO SEKTOR VII','','','TANGERANG','15224','','NCS','Reguler',1,3,'2021-04-01 10:20:26',1,NULL,NULL,1,NULL,NULL,'705186',1,'2021-04-01 10:09:13','2021-04-01 10:09:13'),(3727,67,'422','MSH000089119','','MSH000089119','','FIFI FEBRIANI EKAWATI','FIFI FEBRIANI EKAWATI','JL.KERTANEGARA NO.20','RT.07 RW.04','KEBAYORAN BARU','','','JAKARTA SELATAN','12180','','NCS','Reguler',1,3,'2021-04-01 10:20:26',1,NULL,NULL,1,NULL,NULL,'705186',1,'2021-04-01 10:09:13','2021-04-01 10:09:13'),(3728,67,'423','HR3000004915','','HR3000004915','','IGN PRAMANA YUDA','IGN PRAMANA YUDA','KEPUH PERMAI A61 RT005/023','KEL WEDOMARTANI KEC NGEMPLAK','YOGJAKARTA','','','SLEMAN','55582','','NCS','Reguler',1,3,'2021-04-01 10:20:26',1,NULL,NULL,1,NULL,NULL,'705186',1,'2021-04-01 10:09:13','2021-04-01 10:09:13'),(3729,67,'424','HS0000040922','','HS0000040922','','ERWIN HARDYANTO','ERWIN HARDYANTO','MEDOKAN AYU II/N 1-2','RT 02/07','','','','SURABAYA','60295','','NCS','Reguler',1,3,'2021-04-01 10:20:26',1,NULL,NULL,1,NULL,NULL,'705186',1,'2021-04-01 10:09:14','2021-04-01 10:09:14'),(3730,67,'425','MBS000029561','','MBS000029561','','APUL TAMBUNAN','APUL TAMBUNAN','SURVEYOR INDONESIA PT-SDM&LOG','GEDUNG ADI GRAHA LT 5','JL GATOT SUBROTO KAV 56','','','JAKARTA SELATAN','12950','','NCS','Reguler',1,3,'2021-04-01 10:20:26',1,NULL,NULL,1,NULL,NULL,'705186',1,'2021-04-01 10:09:14','2021-04-01 10:09:14'),(3731,67,'426','MPP000015432','','MPP000015432','','DENNY KURNIAWAN','DENNY KURNIAWAN','JL TG DUREN SLT I NO 22 RT 4/2','TANJUNG DUREN SLT GROGOL','','','','JAKARTA BARAT','11470','','NCS','Reguler',1,3,'2021-04-01 10:20:26',1,NULL,NULL,1,NULL,NULL,'705186',1,'2021-04-01 10:09:14','2021-04-01 10:09:14'),(3732,67,'427','MSH000025093','','MSH000025093','','SRI SUSANTI','SRI SUSANTI','CIMB NIAGA-GRP PREFERRED PRVT','WEALTH MGMT-ENERGY BUILDING LT 21','SCBD LOT 11A JL JEND SUDIRMAN','','','JAKARTA','12190','','NCS','Reguler',1,3,'2021-04-01 10:20:26',1,NULL,NULL,1,NULL,NULL,'705186',1,'2021-04-01 10:09:14','2021-04-01 10:09:14'),(3733,67,'428','MSH000069248','','MSH000069248','','NATALIA HADI PUTRANTI','NATALIA HADI PUTRANTI','DHECLAFASHION RENTAL','KAV POLRI BLOK D NO 69','JL KAYU MAS SLT V - PULOGADUNG','','','JAKARTA TIMUR','13260','','NCS','Reguler',1,3,'2021-04-01 10:20:26',1,NULL,NULL,1,NULL,NULL,'705186',1,'2021-04-01 10:09:14','2021-04-01 10:09:14'),(3734,67,'429','MSH000069273','','MSH000069273','','NATALIA HADI PUTRANTI','NATALIA HADI PUTRANTI','DHECLAFASHION RENTAL','KAV POLRI BLOK D NO 69','JL KAYU MAS SLT V - PULOGADUNG','','','JAKARTA TIMUR','13260','','NCS','Reguler',1,3,'2021-04-01 10:20:26',1,NULL,NULL,1,NULL,NULL,'705186',1,'2021-04-01 10:09:14','2021-04-01 10:09:14'),(3735,67,'430','MSH000071353','','MSH000071353','','EMANUEL JOSEPH RD BOTHA','EMANUEL JOSEPH RD BOTHA','PERUM PAMULANG PERMAI 1','BLOK AX35 NO.6','PAMULANG','','','TANGERANG 15417','15417','','NCS','Reguler',1,3,'2021-04-01 10:20:26',1,NULL,NULL,1,NULL,NULL,'705186',1,'2021-04-01 10:09:14','2021-04-01 10:09:14'),(3736,67,'431','MSH000071498','','MSH000071498','','QOMARIAH','QOMARIAH','JL SULTAN AGUNG NO 98','RT 06/03, KALI BARU','MEDAN SATRIA','','','BEKASI','17133','','NCS','Reguler',1,3,'2021-04-01 10:20:26',1,NULL,NULL,1,NULL,NULL,'705186',1,'2021-04-01 10:09:14','2021-04-01 10:09:14'),(3737,67,'432','MSH000076913','','MSH000076913','','HERRY WANTO ISWONO','HERRY WANTO ISWONO','JL CIBADAK NO 77','','','','','BANDUNG','40241','','NCS','Reguler',1,3,'2021-04-01 10:20:26',1,NULL,NULL,1,NULL,NULL,'705186',1,'2021-04-01 10:09:15','2021-04-01 10:09:15'),(3738,67,'433','MSH000077121','','MSH000077121','','HERRY WANTO ISWONO','HERRY WANTO ISWONO','JL CIBADAK NO 77','','','','','BANDUNG','40241','','NCS','Reguler',1,3,'2021-04-01 10:20:26',1,NULL,NULL,1,NULL,NULL,'705186',1,'2021-04-01 10:09:15','2021-04-01 10:09:15'),(3739,67,'434','MSH000089386','','MSH000089386','','NI NYOMAN AYU UYENI','NI NYOMAN AYU UYENI','JL MAYJEND SUTOYO','GANG IV NO 6','DENPASAR','','','BALI','80113','','NCS','Reguler',1,3,'2021-04-01 10:20:26',1,NULL,NULL,1,NULL,NULL,'705186',1,'2021-04-01 10:09:15','2021-04-01 10:09:15'),(3740,67,'435','MSH000089401','','MSH000089401','','I GEDE ARIMBAWA','I GEDE ARIMBAWA','KUTISARI SELATAN','GANG 7A NO 11','TAMAN ANGGREK','','','SURABAYA','60293','','NCS','Reguler',1,3,'2021-04-01 10:20:26',1,NULL,NULL,1,NULL,NULL,'705186',1,'2021-04-01 10:09:15','2021-04-01 10:09:15'),(3741,67,'436','MSR000012677','','MSR000012677','','RUTMAIDA PURBA','RUTMAIDA PURBA','PT. META DWIGUNA TRANSCORP','SHOWROOM VESPA PIAGGIO','DIV FINANCE, JL PEMUDA NO 104','','','RAWAMANGUN','13220','','NCS','Reguler',1,3,'2021-04-01 10:20:26',1,NULL,NULL,1,NULL,NULL,'705186',1,'2021-04-01 10:09:15','2021-04-01 10:09:15'),(3742,67,'437','MSR000012681','','MSR000012681','','RUTMAIDA PURBA','RUTMAIDA PURBA','PT. META DWIGUNA TRANSCORP','SHOWROOM VESPA PIAGGIO','DIV FINANCE, JL PEMUDA NO 104','','','RAWAMANGUN','13220','','NCS','Reguler',1,3,'2021-04-01 10:20:26',1,NULL,NULL,1,NULL,NULL,'705186',1,'2021-04-01 10:09:16','2021-04-01 10:09:16'),(3743,67,'438','LP2000011405','','LP2000011405','','DONNY SURYANATA THUNGGONO','DONNY SURYANATA THUNGGONO','DUTA PEMBANGUNAN UD','JL GATOT SUBROTO TIMUR 126 C','DENPASAR','','','BALI','80116','','NCS','Reguler',1,3,'2021-04-01 10:20:26',1,NULL,NULL,1,NULL,NULL,'705186',1,'2021-04-01 10:09:16','2021-04-01 10:09:16'),(3744,67,'439','MPP000017987','','MPP000017987','','BUDHI KRISNAMURTI SELAN','BUDHI KRISNAMURTI SELAN','KUTISARI','UTARA 25','','','','SURABAYA','60291','','NCS','Reguler',1,3,'2021-04-01 10:20:26',1,NULL,NULL,1,NULL,NULL,'705186',1,'2021-04-01 10:09:16','2021-04-01 10:09:16'),(3745,67,'440','MSH000020383','','MSH000020383','','AA CRI RATNA DAMAYANTI','AA CRI RATNA DAMAYANTI','BANK BNI Gd Gatot subroto barat','jl.gatot subroto barat no 351','SKC Denpasar lt.02','','','DENPASAR','80361','','NCS','Reguler',1,3,'2021-04-01 10:20:26',1,NULL,NULL,1,NULL,NULL,'705186',1,'2021-04-01 10:09:16','2021-04-01 10:09:16'),(3746,67,'441','MSH000085243','','MSH000085243','','ONG PEK TJUEN','ONG PEK TJUEN','KOMPL RAJAWALI SAKTI PERMAI','C-26 RT 008/001','KEL DUNGUS CARIANG KEC ANDIR','','','BANDUNG','40183','','NCS','Reguler',1,3,'2021-04-01 10:20:26',1,NULL,NULL,1,NULL,NULL,'705186',1,'2021-04-01 10:09:16','2021-04-01 10:09:16'),(3747,67,'442','MSH000085279','','MSH000085279','','ONG PEK TJUEN','ONG PEK TJUEN','KOMPL RAJAWALI SAKTI PERMAI','C-26 RT 008/001','KEL DUNGUS CARIANG KEC ANDIR','','','BANDUNG','40183','','NCS','Reguler',1,3,'2021-04-01 10:20:26',1,NULL,NULL,1,NULL,NULL,'705186',1,'2021-04-01 10:09:16','2021-04-01 10:09:16'),(3748,67,'443','MSH000104739','','MSH000104739','','DHANY IRAWAN','DHANY IRAWAN','VILLA GADING MAS II BL GG 11-B','HARJOSARI II-MEDAN AMPLAS','MEDAN','','','SUMATERA UTARA','20147','','NCS','Reguler',1,3,'2021-04-01 10:20:26',1,NULL,NULL,1,NULL,NULL,'705186',1,'2021-04-01 10:09:16','2021-04-01 10:09:16'),(3749,67,'444','MSR000016183','','MSR000016183','','BUDI IMAN PRIBADI','BUDI IMAN PRIBADI','BANK UOB LT.2','JL. WAHID HASYIM NO. 89','','','','JAKARTA PUSAT','10000','','NCS','Reguler',1,3,'2021-04-01 10:20:26',1,NULL,NULL,1,NULL,NULL,'705186',1,'2021-04-01 10:09:16','2021-04-01 10:09:16'),(3750,67,'445','HK0000002593','','HK0000002593','','R N FESTI','R N FESTI','FESTI COLLECTION','JL SEMARANG NO 37 KEC ANTAPANI','KEL ANTAPANI KIDUL','','','BANDUNG','40283','','NCS','Reguler',1,3,'2021-04-01 10:20:26',1,NULL,NULL,1,NULL,NULL,'705186',1,'2021-04-01 10:09:17','2021-04-01 10:09:17'),(3751,67,'446','LPS000015562','','LPS000015562','','HOLONG MARULI P SIALLAGAN','HOLONG MARULI P SIALLAGAN','PT. PLN (PERSERO) CABANG BINJAI','JLN. TENGKU AMIR HAMZAH','NO.37','','','BINJAI','20734','','NCS','Reguler',1,3,'2021-04-01 10:20:26',1,NULL,NULL,1,NULL,NULL,'705186',1,'2021-04-01 10:09:17','2021-04-01 10:09:17'),(3752,67,'447','MPP000010380','','MPP000010380','','SITI RATNA WATI','SITI RATNA WATI','JL.ZAMRUD 2 NO.45 RT.09/07','KEDAUNG KALIANGKE','CENGKARENG','','','JAKARTA BARAT','11710','','NCS','Reguler',1,3,'2021-04-01 10:20:26',1,NULL,NULL,1,NULL,NULL,'705186',1,'2021-04-01 10:09:17','2021-04-01 10:09:17'),(3753,67,'448','MSH000017878','','MSH000017878','','DIKY SATRIADI','DIKY SATRIADI','MENARA 46 KOTA BNI','LT 47 SUITE 14','JALAN JENDRAL SUDIRMAN KAV 1','','','JAKARTA SELATAN','12920','','NCS','Reguler',1,3,'2021-04-01 10:20:26',1,NULL,NULL,1,NULL,NULL,'705186',1,'2021-04-01 10:09:17','2021-04-01 10:09:17'),(3754,67,'449','MSH000104853','','MSH000104853','','LILIS KURNIAH R','LILIS KURNIAH R','RS BHINEKA BAKTI HUSADA - SPI','JL CABE RAYA 17','PONDOK CABE - PAMULANG','','','TANGERANG','15418','','NCS','Reguler',1,3,'2021-04-01 10:20:26',1,NULL,NULL,1,NULL,NULL,'705186',1,'2021-04-01 10:09:17','2021-04-01 10:09:17'),(3755,67,'450','FP0001016782','','FP0001016782','','I WAYAN OKA ARYANTA','I WAYAN OKA ARYANTA','JL HAYAM WURUK','GG NAGA SARI NO 6','TANJUNG BUNGKAK','','','DENPASAR','80235','','NCS','Reguler',1,3,'2021-04-01 10:20:26',1,NULL,NULL,1,NULL,NULL,'705186',1,'2021-04-01 10:09:17','2021-04-01 10:09:17'),(3756,67,'451','FP0001028628','','FP0001028628','','HERAWATY','HERAWATY','JL. PEMANDANGAN 4 SATRIA 1','NO.3 RT.06/01 JAKUT','PADEMANGAN','','','JAKARTA','14420','','NCS','Reguler',1,3,'2021-04-01 10:20:26',1,NULL,NULL,1,NULL,NULL,'705186',1,'2021-04-01 10:09:17','2021-04-01 10:09:17'),(3757,67,'452','HS0000043869','','HS0000043869','','MILIAN SUSANTI','MILIAN SUSANTI','SATRIA IV NO 49','RT 09/10','JELAMBAR','','','JAKARTA BARAT','11460','','NCS','Reguler',1,3,'2021-04-01 10:20:26',1,NULL,NULL,1,NULL,NULL,'705186',1,'2021-04-01 10:09:17','2021-04-01 10:09:17'),(3758,67,'453','MBS000030342','','MBS000030342','','HENDY RUSLI WIJAYA','HENDY RUSLI WIJAYA','PERUMAHAN TAMAN KOPO INDAH 1 BLOK H136','KEL. MARGAHAYU SELATAN KEC. MARGAHAYU','BANDUNG','','','BANDUNG','40238','','NCS','Reguler',1,3,'2021-04-01 10:20:26',1,NULL,NULL,1,NULL,NULL,'705186',1,'2021-04-01 10:09:18','2021-04-01 10:09:18'),(3759,67,'454','MPP000008636','','MPP000008636','','WAHYU HIDAYAT','WAHYU HIDAYAT','ASTRA INT`L DAIHATSU (PDC) PT','JL.SELAYAR BLOK D8','KAW.MM 2100 CIBITUNG','','','BEKASI','17520','','NCS','Reguler',1,3,'2021-04-01 10:20:26',1,NULL,NULL,1,NULL,NULL,'705186',1,'2021-04-01 10:09:18','2021-04-01 10:09:18'),(3760,67,'455','MSH000011181','','MSH000011181','','LAUW MEILIANA','LAUW MEILIANA','JL LIBERIA DALAM','GANG III NO 3 RT 10/10','','','','JAKARTA BARAT','11240','','NCS','Reguler',1,3,'2021-04-01 10:20:26',1,NULL,NULL,1,NULL,NULL,'705186',1,'2021-04-01 10:09:18','2021-04-01 10:09:18'),(3761,67,'456','MSH000069289','','MSH000069289','','MOH NURDIN','MOH NURDIN','PT FIF','JL.VETERAN NO 110','NAGRI KALER','','','PURWAKARTA','41110','','NCS','Reguler',1,3,'2021-04-01 10:20:26',1,NULL,NULL,1,NULL,NULL,'705186',1,'2021-04-01 10:09:18','2021-04-01 10:09:18'),(3762,67,'457','MSH000069397','','MSH000069397','','MARIA RIZA TAGURIGAN ALIMBON','MARIA RIZA TAGURIGAN ALIMBON','LOLLYPOP PRESCHOOL - EDUKASI','JL AGUNG PERKASA X BLOK J7 NO 10-11','SUNTER PODOMORO','','','JAKARTA UTARA','14350','','NCS','Reguler',1,3,'2021-04-01 10:20:26',1,NULL,NULL,1,NULL,NULL,'705186',1,'2021-04-01 10:09:18','2021-04-01 10:09:18'),(3763,67,'458','MSH000104896','','MSH000104896','','CHANDRA SIAN HWAT','CHANDRA SIAN HWAT','PALMERAH UTARAIV NO 23','RT 08/007','KEL PALMERAH - KEC PALMERAH','','','JAKARTA BARAT','11480','','NCS','Reguler',1,3,'2021-04-01 10:20:26',1,NULL,NULL,1,NULL,NULL,'705186',1,'2021-04-01 10:09:18','2021-04-01 10:09:18'),(3764,67,'459','MSH000104961','','MSH000104961','','THIO MARY','THIO MARY','TELUK GONG','GG LILI NO 14 B RT 4 RW 7','KEL PEJAGALAN KEC PENJARINGAN','','','JAKARTA UTARA','14440','','NCS','Reguler',1,3,'2021-04-01 10:20:26',1,NULL,NULL,1,NULL,NULL,'705186',1,'2021-04-01 10:09:18','2021-04-01 10:09:18'),(3765,67,'460','MSH000110497','','MSH000110497','','WINARNI DWI MARUTI','WINARNI DWI MARUTI','BANK CIMB NIAGA','CABANG BEKASI JUANDA','JL. INSINYUR H.JUANDA NO 137','','','BEKASI','17000','','NCS','Reguler',1,3,'2021-04-01 10:20:26',1,NULL,NULL,1,NULL,NULL,'705186',1,'2021-04-01 10:09:18','2021-04-01 10:09:18'),(3766,67,'461','MSR000014173','','MSR000014173','','TAHRIRUDIN','TAHRIRUDIN','KP PEUSAR NO 13 BINONG','RT 08/01 BINONG','TANGERANG 15810','','','INDONESIA','15810','','NCS','Reguler',1,3,'2021-04-01 10:20:26',1,NULL,NULL,1,NULL,NULL,'705186',1,'2021-04-01 10:09:18','2021-04-01 10:09:18'),(3767,67,'462','MSR000015070','','MSR000015070','','YUSTI RETNANINGRUM','YUSTI RETNANINGRUM','NOTARIS NY ESTHER MERCIA S, MENARA','IMPERIUM LT 9 UNIT D METROPOLITAN','KUNINGAN SUPERBLOK KAV A NO 1','','','JAKARTA SELATAN','12980','','NCS','Reguler',1,3,'2021-04-01 10:20:26',1,NULL,NULL,1,NULL,NULL,'705186',1,'2021-04-01 10:09:19','2021-04-01 10:09:19'),(3768,67,'463','CI0000014276','','CI0000014276','','F X REZA MARIO SAPUT','F X REZA MARIO SAPUT','DARYA VARIA LABORATORIA PT','GRAHA DARYA VARIA LT 2-3B','JL MELAWAI RAYA NO 93','','','JAKARTA SELATAN','12130','','NCS','Reguler',1,3,'2021-04-01 10:20:26',1,NULL,NULL,1,NULL,NULL,'705186',1,'2021-04-01 10:09:19','2021-04-01 10:09:19'),(3769,67,'464','FP0001010110','','FP0001010110','','AGUS HANDOKO','AGUS HANDOKO','JL. DANAU BRATAN GG. 8 NO. 12','KEL. SANUR','','','','DENPASAR','80227','','NCS','Reguler',1,3,'2021-04-01 10:20:26',1,NULL,NULL,1,NULL,NULL,'705186',1,'2021-04-01 10:09:19','2021-04-01 10:09:19'),(3770,67,'465','FP0001020717','','FP0001020717','','YANTI','YANTI','JALAN OLIANDER 1 BLOK U NO.14','SEKTOR 1-2 BSD CITY','TANGERANG SELATAN','','','TANGERANG','15310','','NCS','Reguler',1,3,'2021-04-01 10:20:26',1,NULL,NULL,1,NULL,NULL,'705186',1,'2021-04-01 10:09:19','2021-04-01 10:09:19'),(3771,67,'466','FP0001020748','','FP0001020748','','NISSI RORING SE','NISSI RORING SE','KENCANA LOKA SEKTOR 12.5','JL. SASTRA KENCANA I BLOK V 8 NO. 23 A','BSD SERPONG TANGERANG SELATAN','','','SERPONG','15318','','NCS','Reguler',1,3,'2021-04-01 10:20:26',1,NULL,NULL,1,NULL,NULL,'705186',1,'2021-04-01 10:09:19','2021-04-01 10:09:19'),(3772,67,'467','FP0001029405','','FP0001029405','','JOENATHAN','JOENATHAN','MASTER SISTEM INFOTAMA, PT','NUGRAH SANTANA LT.6','JL.JEND SUDIRMAN KAV.7-8 GD','','','JAKARTA','10220','','NCS','Reguler',1,3,'2021-04-01 10:20:26',1,NULL,NULL,1,NULL,NULL,'705186',1,'2021-04-01 10:09:19','2021-04-01 10:09:19'),(3773,67,'468','HP0000006661','','HP0000006661','','MOHAMAD INDRA MULIA S','MOHAMAD INDRA MULIA S','JL AL ISLAMIAH NO 35','RT 13/01','SUKABUMI SELATAN','','','JAKARTA BARAT','11560','','NCS','Reguler',1,3,'2021-04-01 10:20:26',1,NULL,NULL,1,NULL,NULL,'705186',1,'2021-04-01 10:09:19','2021-04-01 10:09:19'),(3774,67,'469','MBS000032340','','MBS000032340','','INDRA SARIALSYAH','INDRA SARIALSYAH','KOMPLEK PERMATA PAMULANG BLK E5','NO 12 A RT 03/04','BAKTI JAYA-CISAUK','','','TANGERANG','15315','','NCS','Reguler',1,3,'2021-04-01 10:20:26',1,NULL,NULL,1,NULL,NULL,'705186',1,'2021-04-01 10:09:19','2021-04-01 10:09:19'),(3775,67,'470','MSH000018216','','MSH000018216','','SUBHILHAR','SUBHILHAR','JL UNIVERSITAS NO 28','PADANG BULAN','MEDAN BARU','','','MEDAN','20155','','NCS','Reguler',1,3,'2021-04-01 10:20:26',1,NULL,NULL,1,NULL,NULL,'705186',1,'2021-04-01 10:09:19','2021-04-01 10:09:19'),(3776,67,'471','MSH000033469','','MSH000033469','','K ADI ARSANA M','K ADI ARSANA M','PERUM PURI GADING','JL KUTILANG NO 7','BANJAR BHUANA GUBUG','','','DENPASAR','80361','','NCS','Reguler',1,3,'2021-04-01 10:20:26',1,NULL,NULL,1,NULL,NULL,'705186',1,'2021-04-01 10:09:20','2021-04-01 10:09:20'),(3777,67,'472','MSH000033568','','MSH000033568','','K ADI ARSANA M','K ADI ARSANA M','PERUM PURI GADING','JL KUTILANG NO 7','BANJAR BHUANA GUBUG','','','DENPASAR','80361','','NCS','Reguler',1,3,'2021-04-01 10:20:26',1,NULL,NULL,1,NULL,NULL,'705186',1,'2021-04-01 10:09:20','2021-04-01 10:09:20'),(3778,67,'473','MSH000110531','','MSH000110531','','ELVRIDA HUTABARAT','ELVRIDA HUTABARAT','TRIPADU MAJU BERSAMA PT','JL RAYA KEPA MANGGA I NO 2-T','JAKARTA BARAT','','','JAKARTA','11510','','NCS','Reguler',1,3,'2021-04-01 10:20:26',1,NULL,NULL,1,NULL,NULL,'705186',1,'2021-04-01 10:09:20','2021-04-01 10:09:20'),(3779,67,'474','MSH000110545','','MSH000110545','','ELVRIDA HUTABARAT','ELVRIDA HUTABARAT','TRIPADU MAJU BERSAMA PT','JL RAYA KEPA MANGGA I NO 2-T','JAKARTA BARAT','','','JAKARTA','11510','','NCS','Reguler',1,3,'2021-04-01 10:20:26',1,NULL,NULL,1,NULL,NULL,'705186',1,'2021-04-01 10:09:20','2021-04-01 10:09:20'),(3780,67,'475','FP0001019965','','FP0001019965','','HASTONO WIJAYA','HASTONO WIJAYA','PERUMAHAN CITRA GARDEN','JL KUSUMA BANGSA BLOK F NO 1','KEC PEKALONGAN UTARA','','','PEKALONGAN','51100','','NCS','Reguler',1,3,'2021-04-01 10:20:26',1,NULL,NULL,1,NULL,NULL,'705186',1,'2021-04-01 10:09:20','2021-04-01 10:09:20'),(3781,67,'476','FP0001030639','','FP0001030639','','I MADE ARIMBAWA','I MADE ARIMBAWA','BALI KENCANA RESORT 2','GG MERPATI NO 12 UNGASAN','KUTA','','','DENPASAR','80361','','NCS','Reguler',1,3,'2021-04-01 10:20:26',1,NULL,NULL,1,NULL,NULL,'705186',1,'2021-04-01 10:09:20','2021-04-01 10:09:20'),(3782,67,'477','HR3000004959','','HR3000004959','','APUL TAMBUNAN','APUL TAMBUNAN','SURVEYOR INDONESIA PT-SDM&LOG','GEDUNG ADI GRAHA LT 5','JL GATOT SUBROTO KAV 56','','','JAKARTA SELATAN','12950','','NCS','Reguler',1,3,'2021-04-01 10:20:26',1,NULL,NULL,1,NULL,NULL,'705186',1,'2021-04-01 10:09:20','2021-04-01 10:09:20'),(3783,67,'478','MBS000030043','','MBS000030043','','ARIF RAHMAT JANUAR','ARIF RAHMAT JANUAR','KOMPL GRIYA MALEBER INDAH','BL C10 NO 1 - RT 05/09','MALEBER - KARANG TENGAH','','','CIANJUR','43281','','NCS','Reguler',1,3,'2021-04-01 10:20:26',1,NULL,NULL,1,NULL,NULL,'705186',1,'2021-04-01 10:09:21','2021-04-01 10:09:21'),(3784,67,'479','MBS000030044','','MBS000030044','','ANDRI GUNAWAN','ANDRI GUNAWAN','PERUM DUTA BUMI III','BLOK K NO.7  RT 04 RW 33','PEJUANG  MEDAN SATRIA','','','BEKASI','17000','','NCS','Reguler',1,3,'2021-04-01 10:20:26',1,NULL,NULL,1,NULL,NULL,'705186',1,'2021-04-01 10:09:21','2021-04-01 10:09:21'),(3785,67,'480','MPP000020830','','MPP000020830','','PACARELLA E HABIBOE','PACARELLA E HABIBOE','IFS SOLUTIONS INDONESIA PT','MEGA PLAZA LT.4','JL.HR.RASUNA SAID KAV.C3,JKS','','','JAKARTA','12910','','NCS','Reguler',1,3,'2021-04-01 10:20:26',1,NULL,NULL,1,NULL,NULL,'705186',1,'2021-04-01 10:09:21','2021-04-01 10:09:21'),(3786,67,'481','MSH000064210','','MSH000064210','','JENNY','JENNY','JL. SAMPUL NO 9 J','KOMPLK TENUN RESIDENCE','','','','MEDAN','20118','','NCS','Reguler',1,3,'2021-04-01 10:20:26',1,NULL,NULL,1,NULL,NULL,'705186',1,'2021-04-01 10:09:21','2021-04-01 10:09:21'),(3787,67,'482','MSH000078207','','MSH000078207','','ANDI DAUD HIDAYAT','ANDI DAUD HIDAYAT','MURNI CAHAYA PRATAMA PT','JL LIO BARU KM2 DESA SANJA','CITEUREUP','','','BOGOR','16111','','NCS','Reguler',1,3,'2021-04-01 10:20:26',1,NULL,NULL,1,NULL,NULL,'705186',1,'2021-04-01 10:09:21','2021-04-01 10:09:21'),(3788,67,'483','MSH000078296','','MSH000078296','','ANDI DAUD HIDAYAT','ANDI DAUD HIDAYAT','MURNI CAHAYA PRATAMA PT','JL LIO BARU KM 2','DESA SANJA - CITEUREUP','','','BOGOR','16810','','NCS','Reguler',1,3,'2021-04-01 10:20:26',1,NULL,NULL,1,NULL,NULL,'705186',1,'2021-04-01 10:09:21','2021-04-01 10:09:21'),(3789,67,'484','FP0001009431','','FP0001009431','','BUHORY','BUHORY','JL. DAAN MOGOT RAYA','GEDUNG IKM HONDA LT. 3','PT PIXEL ART INDONESIA','','','JAKARTA BARAT','11410','','NCS','Reguler',1,3,'2021-04-01 10:20:26',1,NULL,NULL,1,NULL,NULL,'705186',1,'2021-04-01 10:09:21','2021-04-01 10:09:21'),(3790,67,'485','FP0001022452','','FP0001022452','','RIZA MARSAWIDYA ST','RIZA MARSAWIDYA ST','JL.BOJONG KAUM NO.27','RT.06/11 KEL.CIPEDES','KEC.CIPEDES','','','TASIKMALAYA','46133','','NCS','Reguler',1,3,'2021-04-01 10:20:26',1,NULL,NULL,1,NULL,NULL,'705186',1,'2021-04-01 10:09:21','2021-04-01 10:09:21'),(3791,67,'486','FP0001031187','','FP0001031187','','LUCYANA SETIAWAN','LUCYANA SETIAWAN','DUTA GARDEN BLOK A5/68','RT.4/8','JURUMUDI BARU','','','TANGERANG','15124','','NCS','Reguler',1,3,'2021-04-01 10:20:26',1,NULL,NULL,1,NULL,NULL,'705186',1,'2021-04-01 10:09:21','2021-04-01 10:09:21'),(3792,67,'487','FP0001031205','','FP0001031205','','MADE SUWENTEN','MADE SUWENTEN','KEMPINSKI','JL.MH.THAMRIN NO.1','TNH ABANG','','','JAKARTA PUSAT','10240','','NCS','Reguler',1,3,'2021-04-01 10:20:26',1,NULL,NULL,1,NULL,NULL,'705186',1,'2021-04-01 10:09:21','2021-04-01 10:09:21'),(3793,67,'488','LP2000015530','','LP2000015530','','DEVI ARIANI','DEVI ARIANI','JL BENDUNGAN','LORONG FOTOGRAFI NO 110 RT 23/07','KEL 9 ILIR KEC ILIR TIMUR 2','','','PALEMBANG','30113','','NCS','Reguler',1,3,'2021-04-01 10:20:26',1,NULL,NULL,1,NULL,NULL,'705186',1,'2021-04-01 10:09:21','2021-04-01 10:09:21'),(3794,67,'489','LP2000015542','','LP2000015542','','JOENG TJAI JIN','JOENG TJAI JIN','JL GUNTUR','KP LEGOK RINGGIT NO 209-RT 5/9','SUKAMENTRI, GARUT KOTA','','','GARUT','44116','','NCS','Reguler',1,3,'2021-04-01 10:20:26',1,NULL,NULL,1,NULL,NULL,'705186',1,'2021-04-01 10:09:22','2021-04-01 10:09:22'),(3795,67,'490','MPP000019416','','MPP000019416','','OKTAVIANI','OKTAVIANI','JL.GADING NIRWANA III PF-14/9','RT06/23 PEGANGSAAN DUA','KELAPA GADING','','','JAKARTA UTARA','14250','','NCS','Reguler',1,3,'2021-04-01 10:20:26',1,NULL,NULL,1,NULL,NULL,'705186',1,'2021-04-01 10:09:22','2021-04-01 10:09:22'),(3796,67,'491','MSH000025331','','MSH000025331','','ELVINARIA SINAGA','ELVINARIA SINAGA','PERUM CITRA GRAND','CROSS WOOD BLOK J 10','NO. 8 CIBUBUR JATI SAMPURNA','','','JAKARTA','17433','','NCS','Reguler',1,3,'2021-04-01 10:20:26',1,NULL,NULL,1,NULL,NULL,'705186',1,'2021-04-01 10:09:22','2021-04-01 10:09:22'),(3797,67,'492','MSH000025646','','MSH000025646','','BUDI PRAYUGO','BUDI PRAYUGO','JL RS ANCOL NO 96','GANG CEMPAKA 1 RT 009 RW 003','SUNTER AGUNG TANJUNG PRIUK','','','JAKARTA','14330','','NCS','Reguler',1,3,'2021-04-01 10:20:26',1,NULL,NULL,1,NULL,NULL,'705186',1,'2021-04-01 10:09:22','2021-04-01 10:09:22'),(3798,67,'493','MSH000064279','','MSH000064279','','TRI GUNTORO','TRI GUNTORO','JL KEMAJUAN V NO 10','PETUKANGAN - PESANGGRAHAN','RT 06/04','','','JAKARTA SELATAN','12270','','NCS','Reguler',1,3,'2021-04-01 10:20:26',1,NULL,NULL,1,NULL,NULL,'705186',1,'2021-04-01 10:09:22','2021-04-01 10:09:22'),(3799,67,'494','MSH000064417','','MSH000064417','','TRI GUNTORO','TRI GUNTORO','JL KEMAJUAN V NO 10','PETUKANGAN - PESANGGRAHAN','RT 06/04','','','JAKARTA SELATAN','12270','','NCS','Reguler',1,3,'2021-04-01 10:20:26',1,NULL,NULL,1,NULL,NULL,'705186',1,'2021-04-01 10:09:22','2021-04-01 10:09:22'),(3800,67,'495','MSH000064697','','MSH000064697','','AHMAD HUSEIYN','AHMAD HUSEIYN','JL KOMANDO II NO 510','BLOK C PEJUANG JAYA MEDAN','SATRIA BEKASI','','','BEKASI','17000','','NCS','Reguler',1,3,'2021-04-01 10:20:26',1,NULL,NULL,1,NULL,NULL,'705186',1,'2021-04-01 10:09:23','2021-04-01 10:09:23'),(3801,67,'496','MSH000064853','','MSH000064853','','MUCHARROMAH','MUCHARROMAH','JL GUNUNG SARI','DENPASAR SELATAN','PERUM AMERTA WISATA NO 1 8F','','','DENPASAR','80221','','NCS','Reguler',1,3,'2021-04-01 10:20:26',1,NULL,NULL,1,NULL,NULL,'705186',1,'2021-04-01 10:09:23','2021-04-01 10:09:23'),(3802,67,'497','MSH000064972','','MSH000064972','','MUCHARROMAH','MUCHARROMAH','JL GUNUNG SARI','DENPASAR SELATAN','PERUM AMERTA WISATA NO 1 8F','','','DENPASAR','80221','','NCS','Reguler',1,3,'2021-04-01 10:20:26',1,NULL,NULL,1,NULL,NULL,'705186',1,'2021-04-01 10:09:23','2021-04-01 10:09:23'),(3803,67,'498','MSH000065298','','MSH000065298','','M E OKTAVIA','M E OKTAVIA','PT. DAMAI KREASINDO ABADI JABABEKA 1','JL.JABABEKA 16 BLOK W 36-37  NO. A2&A3','KOMPLEK OKTAGON- CIKARAN','','','CIKARANG','17543','','NCS','Reguler',1,3,'2021-04-01 10:20:26',1,NULL,NULL,1,NULL,NULL,'705186',1,'2021-04-01 10:09:23','2021-04-01 10:09:23'),(3804,67,'499','MSH000107044','','MSH000107044','','YAMASAKTI AGUNG PAMUNGKAS','YAMASAKTI AGUNG PAMUNGKAS','SUZUKI FINANCE INDONESIA PT','CAB.JOGJA','JL SABIRIN NO 14, KOTA BARU','','','JOGJAKARTA','55000','','NCS','Reguler',1,3,'2021-04-01 10:20:26',1,NULL,NULL,1,NULL,NULL,'705186',1,'2021-04-01 10:09:23','2021-04-01 10:09:23'),(3805,67,'500','FP0001022562','','FP0001022562','','HJ MEILINA S PD','HJ MEILINA S PD','INPRES PENITIS 6 GG.MUTIARA','NO.286 RT.04/09 TANJUNG AMAN','KOTABUMI UTARA','','','BANDAR LAMPUNG','34513','','NCS','Reguler',1,3,'2021-04-01 10:20:26',1,NULL,NULL,1,NULL,NULL,'705186',1,'2021-04-01 10:09:23','2021-04-01 10:09:23'),(3806,67,'501','MSH000051058','','MSH000051058','','TRIYONO','TRIYONO','JL SUKANEGLA NO 4','RT 01/01','ANTAPANI KULON -CICADAS','','','BANDUNG','40292','','NCS','Reguler',1,3,'2021-04-01 10:20:26',1,NULL,NULL,1,NULL,NULL,'705186',1,'2021-04-01 10:09:23','2021-04-01 10:09:23'),(3807,67,'502','MSH000051157','','MSH000051157','','ENDANG SUMILIH','ENDANG SUMILIH','PERUM KARANG DUREN PERMAI','KEL PAKIS HAJI','BLK A 12.KEC PAKIS HAJI','','','MALANG','65162','','NCS','Reguler',1,3,'2021-04-01 10:20:26',1,NULL,NULL,1,NULL,NULL,'705186',1,'2021-04-01 10:09:23','2021-04-01 10:09:23'),(3808,67,'503','MSH000065369','','MSH000065369','','WAHYUDI','WAHYUDI','PT. UNITED TRACTORS','DIV: SERVICE, DEPARTMENT : FACILITY','JL RAYA BEKASI KM 22, CAKUNG','','','JAKARTA TIMUR','13910','','NCS','Reguler',1,3,'2021-04-01 10:20:26',1,NULL,NULL,1,NULL,NULL,'705186',1,'2021-04-01 10:09:23','2021-04-01 10:09:23'),(3809,67,'504','MSH000065525','','MSH000065525','','WAHYUDI','WAHYUDI','PT.UNITED TRACTORS','DIV: SERVICE, DEPARTMENT : FACILITY','JL RAYA BEKASI KM 22, CAKUNG','','','JAKARTA TIMUR','13910','','NCS','Reguler',1,3,'2021-04-01 10:20:26',1,NULL,NULL,1,NULL,NULL,'705186',1,'2021-04-01 10:09:24','2021-04-01 10:09:24'),(3810,67,'505','MSH000089551','','MSH000089551','','GEDE SANDI','GEDE SANDI','JL NANAS VI NO 574 A','RT 03/06','WARU','','','SIDOARJO','61256','','NCS','Reguler',1,3,'2021-04-01 10:20:26',1,NULL,NULL,1,NULL,NULL,'705186',1,'2021-04-01 10:09:24','2021-04-01 10:09:24'),(3811,67,'506','MSH000089611','','MSH000089611','','GEDE SANDI','GEDE SANDI','JL NANAS VI/574-A','PCI','RT 03/06','','','SIDOARJO','61256','','NCS','Reguler',1,3,'2021-04-01 10:20:26',1,NULL,NULL,1,NULL,NULL,'705186',1,'2021-04-01 10:09:24','2021-04-01 10:09:24'),(3812,67,'507','MSH000093597','','MSH000093597','','KANDY ROSA ISMALIA','KANDY ROSA ISMALIA','KOMPL BUKIT GOLF C - 4','JL JATI INDAH II TERUSAN','RT 03/02 - PANGKALAN JATI','','','JAKARTA SELATAN','12000','','NCS','Reguler',1,3,'2021-04-01 10:20:26',1,NULL,NULL,1,NULL,NULL,'705186',1,'2021-04-01 10:09:24','2021-04-01 10:09:24'),(3813,67,'508','MSH000093645','','MSH000093645','','PADRIYANI','PADRIYANI','PERUM PERMATA DEPOK','SEKTOR KUMALA BLOK E-7 NO 7','RT 004/007 - PONDOK JAYA - CIPAYUNG','','','DEPOK','16431','','NCS','Reguler',1,3,'2021-04-01 10:20:26',1,NULL,NULL,1,NULL,NULL,'705186',1,'2021-04-01 10:09:24','2021-04-01 10:09:24'),(3814,67,'509','MSH000093647','','MSH000093647','','PADRIYANI','PADRIYANI','PERUM PERMATA DEPOK','SEKTOR KUMALA BLOK E-7 NO 7','RT 004/007 - PONDOK JAYA - CIPAYUNG','','','DEPOK','16431','','NCS','Reguler',1,3,'2021-04-01 10:20:26',1,NULL,NULL,1,NULL,NULL,'705186',1,'2021-04-01 10:09:24','2021-04-01 10:09:24'),(3815,67,'510','MSH000100341','','MSH000100341','','ENDANG SUMILIH','ENDANG SUMILIH','PERUM KARANG DUREN PERMAI','BLK A 12.KEC PAKIS HAJI','KEL PAKIS HAJI','','','MALANG','65162','','NCS','Reguler',1,3,'2021-04-01 10:20:26',1,NULL,NULL,1,NULL,NULL,'705186',1,'2021-04-01 10:09:24','2021-04-01 10:09:24'),(3816,67,'511','MSH000100451','','MSH000100451','','AHZAR','AHZAR','JL.IKAN MUNGSING XIII','NO.9 PERAK BARAT','','','','SURABAYA','60177','','NCS','Reguler',1,3,'2021-04-01 10:20:26',1,NULL,NULL,1,NULL,NULL,'705186',1,'2021-04-01 10:09:24','2021-04-01 10:09:24'),(3817,67,'512','MSH000100478','','MSH000100478','','MOCH S JUNIAWAN','MOCH S JUNIAWAN','KOP SEGARANING HARUM-BAG PSPDN','JL SEGARA KULON NO 29','TANJUNG BENOA','','','BADUNG','80363','','NCS','Reguler',1,3,'2021-04-01 10:20:26',1,NULL,NULL,1,NULL,NULL,'705186',1,'2021-04-01 10:09:24','2021-04-01 10:09:24'),(3818,67,'513','MSH000100504','','MSH000100504','','AHZAR','AHZAR','JL.IKAN MUNGSING XIII','NO.9 PERAK BARAT','','','','SURABAYA','60177','','NCS','Reguler',1,3,'2021-04-01 10:20:26',1,NULL,NULL,1,NULL,NULL,'705186',1,'2021-04-01 10:09:24','2021-04-01 10:09:24'),(3819,67,'514','MSH000100523','','MSH000100523','','MOCH S JUNIAWAN','MOCH S JUNIAWAN','KOP SEGARANING HARUM-BAG PSPDN','JL SEGARA KULON NO 29','TANJUNG BENOA','','','BADUNG','80363','','NCS','Reguler',1,3,'2021-04-01 10:20:26',1,NULL,NULL,1,NULL,NULL,'705186',1,'2021-04-01 10:09:25','2021-04-01 10:09:25'),(3820,67,'515','FP0001016234','','FP0001016234','','ANTON','ANTON','PT.ULTRA PRIMA ABADI  GEDUNG OT LT.7','JL.LINGKAR LUAR BARAT KAV.35-36','CENKARENG','','','JAKARTA BARAT','11740','','NCS','Reguler',1,3,'2021-04-01 10:20:26',1,NULL,NULL,1,NULL,NULL,'705186',1,'2021-04-01 10:09:25','2021-04-01 10:09:25'),(3821,67,'516','FP0001023403','','FP0001023403','','SADARMAN HAREFA','SADARMAN HAREFA','INDOMARCO PRISMATAMA PT','JL. INDUSTRI DUSUN I NO 60','TANJUNG MORAWA B,DELI SERDANG','','','MEDAN','20362','','NCS','Reguler',1,3,'2021-04-01 10:20:26',1,NULL,NULL,1,NULL,NULL,'705186',1,'2021-04-01 10:09:25','2021-04-01 10:09:25'),(3822,67,'517','FP0001024183','','FP0001024183','','SUGENG WAHANO','SUGENG WAHANO','BSD SEKTOR XIV-5','NUSALOKA BSD CITY','BLOK U1 NO.5','','','TANGERANG','15000','','NCS','Reguler',1,3,'2021-04-01 10:20:26',1,NULL,NULL,1,NULL,NULL,'705186',1,'2021-04-01 10:09:25','2021-04-01 10:09:25'),(3823,67,'518','LP2000016949','','LP2000016949','','EMANUEL JOSEPH RD BOTHA','EMANUEL JOSEPH RD BOTHA','PERUM PAMULANG PERMAI 1','BLOK AX35 NO.6','PAMULANG','','','TANGERANG','15417','','NCS','Reguler',1,3,'2021-04-01 10:20:26',1,NULL,NULL,1,NULL,NULL,'705186',1,'2021-04-01 10:09:25','2021-04-01 10:09:25'),(3824,67,'519','MPP000020028','','MPP000020028','','LOEWIHATI HANDOYO','LOEWIHATI HANDOYO','JL KAMBOJA,NO.43 ,RT 4/2','JATI PULO PALMERAH','','','','JAKARTA BARAT','11480','','NCS','Reguler',1,3,'2021-04-01 10:20:26',1,NULL,NULL,1,NULL,NULL,'705186',1,'2021-04-01 10:09:26','2021-04-01 10:09:26'),(3825,67,'520','MSH000011269','','MSH000011269','','MOH NURDIN','MOH NURDIN','PT FIF','JL.VETERAN NO 110','NAGRI KALER','','','PURWAKARTA','41110','','NCS','Reguler',1,3,'2021-04-01 10:20:26',1,NULL,NULL,1,NULL,NULL,'705186',1,'2021-04-01 10:09:26','2021-04-01 10:09:26'),(3826,67,'521','MSH000021429','','MSH000021429','','IVAN MALTAR SANGGAUALA','IVAN MALTAR SANGGAUALA','PERTAMINA PT','JL YOS SUDARSO NO 8-10','MEDAN','','','SUMATRA UTARA','20114','','NCS','Reguler',1,3,'2021-04-01 10:20:26',1,NULL,NULL,1,NULL,NULL,'705186',1,'2021-04-01 10:09:26','2021-04-01 10:09:26'),(3827,67,'522','MSH000046597','','MSH000046597','','KIKI TIRTAHIMAWAN','KIKI TIRTAHIMAWAN','HARAPAN INDAH BLOK VK 7','PEJUANG - MEDAN SATRIA','RT.06 / RW.20','','','BEKASI','17131','','NCS','Reguler',1,3,'2021-04-01 10:20:26',1,NULL,NULL,1,NULL,NULL,'705186',1,'2021-04-01 10:09:26','2021-04-01 10:09:26'),(3828,67,'523','MSH000046754','','MSH000046754','','ASTRI LARASATI','ASTRI LARASATI','JL KEBAGUSAN KECIL RT 15/03 NO 16','PASAR MINGGU','','','','JAKARTA SELATAN','12520','','NCS','Reguler',1,3,'2021-04-01 10:20:26',1,NULL,NULL,1,NULL,NULL,'705186',1,'2021-04-01 10:09:26','2021-04-01 10:09:26'),(3829,67,'524','MSH000047185','','MSH000047185','','NURBAETI AMAN','NURBAETI AMAN','JL BITOWA I BLOK III NO 3','RT 01/10 BUMI ANTANG PERMAI','MANGGALA - MANGGALA','','','MAKASAR','90234','','NCS','Reguler',1,3,'2021-04-01 10:20:26',1,NULL,NULL,1,NULL,NULL,'705186',1,'2021-04-01 10:09:26','2021-04-01 10:09:26'),(3830,67,'525','MSH000085556','','MSH000085556','','DINI RINTA UTAMI','DINI RINTA UTAMI','BANK CIMB NIAGA','JL JENDRAL SUDIRMAN NO 93','KUTOWONANGUN-TINGKIR','','','SALATIGA','50711','','NCS','Reguler',1,3,'2021-04-01 10:20:26',1,NULL,NULL,1,NULL,NULL,'705186',1,'2021-04-01 10:09:26','2021-04-01 10:09:26'),(3831,67,'526','MSH000085685','','MSH000085685','','AL HERRY NOVIYANTO','AL HERRY NOVIYANTO','JL PEMBANGUNAN IV NO 18','RT 02/05','KARANG SARI - BATUCEPER','','','TANGERANG','15121','','NCS','Reguler',1,3,'2021-04-01 10:20:26',1,NULL,NULL,1,NULL,NULL,'705186',1,'2021-04-01 10:09:26','2021-04-01 10:09:26'),(3832,67,'527','MSH000085898','','MSH000085898','','RIO HERMAWAN','RIO HERMAWAN','JL PANJUNAN NO 36','RT 02/05','','','','BANDUNG','40242','','NCS','Reguler',1,3,'2021-04-01 10:20:26',1,NULL,NULL,1,NULL,NULL,'705186',1,'2021-04-01 10:09:27','2021-04-01 10:09:27'),(3833,67,'528','FP0001012112','','FP0001012112','','I MADE ALIT BUDIAWAN','I MADE ALIT BUDIAWAN','JL TUKAD PETANU GANG NURI','II A','','','','DENPASAR','80224','','NCS','Reguler',1,3,'2021-04-01 10:20:26',1,NULL,NULL,1,NULL,NULL,'705186',1,'2021-04-01 10:09:27','2021-04-01 10:09:27'),(3834,67,'529','MPP000019222','','MPP000019222','','I MADE SUKADRA','I MADE SUKADRA','SINAR AYU','JL CEMARA NO 12','BR SEMAWANG SANUR','','','DENPASAR','80228','','NCS','Reguler',1,3,'2021-04-01 10:20:26',1,NULL,NULL,1,NULL,NULL,'705186',1,'2021-04-01 10:09:27','2021-04-01 10:09:27'),(3835,67,'530','MPP000019237','','MPP000019237','','KIM THIN','KIM THIN','KELEDANG BARU RT 07 RW 02 NO 01','DURI UTARA,TAMBORA','','','','JAKARTA BARAT','11270','','NCS','Reguler',1,3,'2021-04-01 10:20:26',1,NULL,NULL,1,NULL,NULL,'705186',1,'2021-04-01 10:09:27','2021-04-01 10:09:27'),(3836,67,'531','MPP000021059','','MPP000021059','','DONY RYANOV PRASETYO','DONY RYANOV PRASETYO','HOTEL CIPUTRA','JL LETNAN JEND S PARMAN','TJ DUREN UTARA GROGOL PTMBRA','','','JAKARTA','11470','','NCS','Reguler',1,3,'2021-04-01 10:20:26',1,NULL,NULL,1,NULL,NULL,'705186',1,'2021-04-01 10:09:27','2021-04-01 10:09:27'),(3837,67,'532','MSH000013239','','MSH000013239','','F X REZA MARIO S','F X REZA MARIO S','PT MERSIFARMA','WISMA TIARA LT:4','JL RAYA PASAR MINGGU KM.18 NO:17','','','JAKARTA','12510','','NCS','Reguler',1,3,'2021-04-01 10:20:26',1,NULL,NULL,1,NULL,NULL,'705186',1,'2021-04-01 10:09:27','2021-04-01 10:09:27'),(3838,67,'533','MSH000022632','','MSH000022632','','DONO INDARTO','DONO INDARTO','GRAHA CINERE','JL TAMPAK SIRING XIII BL P7/10','','','','DEPOK','16515','','NCS','Reguler',1,3,'2021-04-01 10:20:26',1,NULL,NULL,1,NULL,NULL,'705186',1,'2021-04-01 10:09:27','2021-04-01 10:09:27'),(3839,67,'534','MSH000022747','','MSH000022747','','CYNTHIA YULIANTY','CYNTHIA YULIANTY','BANK RAKYAT INDONESIA','GD PELNI LT 1','JL ANGKASA NO 18','','','JAKARTA PUSAT','10620','','NCS','Reguler',1,3,'2021-04-01 10:20:26',1,NULL,NULL,1,NULL,NULL,'705186',1,'2021-04-01 10:09:27','2021-04-01 10:09:27'),(3840,67,'535','MSH000034275','','MSH000034275','','ANRIAWATI HALIM','ANRIAWATI HALIM','JL KAYU PUTIH IX F NO 43','KEL PULO GADUNG','RT 09/05','','','JAKARTA TIMUR','13260','','NCS','Reguler',1,3,'2021-04-01 10:20:26',1,NULL,NULL,1,NULL,NULL,'705186',1,'2021-04-01 10:09:27','2021-04-01 10:09:27'),(3841,67,'536','MSR000014283','','MSR000014283','','BUDIMAN SAMUEL S','BUDIMAN SAMUEL S','PT VENTURA INVESTASI UTAMA','KOMPLEK MANGGA DUA PLAZA','JL.MANGGA DUA RY BLK.N NO.2','','','(HARCO MANGGA DUA)','10730','','NCS','Reguler',1,3,'2021-04-01 10:20:26',1,NULL,NULL,1,NULL,NULL,'705186',1,'2021-04-01 10:09:28','2021-04-01 10:09:28'),(3842,67,'537','HK0000002887','','HK0000002887','','AGUSTIN KURNIAWATI','AGUSTIN KURNIAWATI','TEBET TIMUR DALAM','8-W NO 20','.','','','JAKARTA SELATAN','12820','','NCS','Reguler',1,3,'2021-04-01 10:20:26',1,NULL,NULL,1,NULL,NULL,'705186',1,'2021-04-01 10:09:28','2021-04-01 10:09:28'),(3843,67,'538','HM0000001127','','HM0000001127','','ELSA SUSANTI','ELSA SUSANTI','JL RAYA LEMBANG NO 187','RT 01/04','','','','BANDUNG','40391','','NCS','Reguler',1,3,'2021-04-01 10:20:26',1,NULL,NULL,1,NULL,NULL,'705186',1,'2021-04-01 10:09:28','2021-04-01 10:09:28'),(3844,67,'539','MPP000015106','','MPP000015106','','ADE BAHRUDIN','ADE BAHRUDIN','PASAR JATI NEGARA LT DASAR','BLK AKS SAMPING ESKALATOR','NO 40 S 40 T','','','JAKART TIMUR','13920','','NCS','Reguler',1,3,'2021-04-01 10:20:26',1,NULL,NULL,1,NULL,NULL,'705186',1,'2021-04-01 10:09:28','2021-04-01 10:09:28'),(3845,67,'540','MPP000015546','','MPP000015546','','AGUS HARIYANTO','AGUS HARIYANTO','HARAPAN INDAH JL SALAK X NO 18','BLK RU RT 9/20 PEJUANG','MEDAN SATRIA, BEKASI','','','DEPOK','17510','','NCS','Reguler',1,3,'2021-04-01 10:20:26',1,NULL,NULL,1,NULL,NULL,'705186',1,'2021-04-01 10:09:28','2021-04-01 10:09:28'),(3846,67,'541','MSH000069826','','MSH000069826','','ROMIANNA SINURAT','ROMIANNA SINURAT','PERUMAHAN MEGA SENTUL ALAMANDA','JL. ASOKA 2 NO.23 BLOK L, RT.03/08','KEC. PASIR LAJA, PASAR SILUAR BOGOR','','','BOGOR','16000','','NCS','Reguler',1,3,'2021-04-01 10:20:26',1,NULL,NULL,1,NULL,NULL,'705186',1,'2021-04-01 10:09:28','2021-04-01 10:09:28'),(3847,67,'542','MSH000069922','','MSH000069922','','ROMIANNA SINURAT','ROMIANNA SINURAT','PERUMAHAN MEGA SENTUL ALAMANDA','JL. ASOKA 2 NO.23 BLOK L, RT.03/08','KEC. PASIR LAJA, PASAR SILUAR BOGOR','','','BOGOR','16000','','NCS','Reguler',1,3,'2021-04-01 10:20:26',1,NULL,NULL,1,NULL,NULL,'705186',1,'2021-04-01 10:09:28','2021-04-01 10:09:28'),(3848,67,'543','MSH000093662','','MSH000093662','','MADINAH','MADINAH','TAMAN GRIYA KENCANA BLOK A 19 NO. 20','RT. 03/RW 08','CILEBUT-BOGOR','','','BOGOR','16166','','NCS','Reguler',1,3,'2021-04-01 10:20:26',1,NULL,NULL,1,NULL,NULL,'705186',1,'2021-04-01 10:09:28','2021-04-01 10:09:28'),(3849,67,'544','MSR000010070','','MSR000010070','','HADDY GUNAWAN','HADDY GUNAWAN','JL MATRAMAN DALAM 3/22','RT 04/07, PENGANGSAAN','MENTENG','','','JAKARTA PUSAT','10320','','NCS','Reguler',1,3,'2021-04-01 10:20:26',1,NULL,NULL,1,NULL,NULL,'705186',1,'2021-04-01 10:09:28','2021-04-01 10:09:28'),(3850,67,'545','CI0000003880','','CI0000003880','','DWI LESMANA PUTRA','DWI LESMANA PUTRA','BRIDGESTONE TIRE INDONESIA PT','NUSANTARA BUILDING LT 18','JL M H THAMRIN 59','','','JAKARTA PUSAT','10310','','NCS','Reguler',1,3,'2021-04-01 10:20:26',1,NULL,NULL,1,NULL,NULL,'705186',1,'2021-04-01 10:09:29','2021-04-01 10:09:29'),(3851,67,'546','FP0001031277','','FP0001031277','','TEDY HERYADI','TEDY HERYADI','KP.CILILIN TIMUR','NO.53A','CILILIN','','','BANDUNG','40562','','NCS','Reguler',1,3,'2021-04-01 10:20:26',1,NULL,NULL,1,NULL,NULL,'705186',1,'2021-04-01 10:09:29','2021-04-01 10:09:29'),(3852,67,'547','MSH000011529','','MSH000011529','','HARYANTO LAUREN','HARYANTO LAUREN','TANGKI','GG LANGGAR NO 6 RT 6/6','MANGGA BESAR IX','','','JAKARTA BARAT','11170','','NCS','Reguler',1,3,'2021-04-01 10:20:26',1,NULL,NULL,1,NULL,NULL,'705186',1,'2021-04-01 10:09:29','2021-04-01 10:09:29'),(3853,67,'548','MSH000039951','','MSH000039951','','ENGKOY RUKOYAH','ENGKOY RUKOYAH','JL NIPAH 9 NO 4','KEBAYORAN BARU','RT 08/01','','','JAKARTA SELATAN','12170','','NCS','Reguler',1,3,'2021-04-01 10:20:26',1,NULL,NULL,1,NULL,NULL,'705186',1,'2021-04-01 10:09:29','2021-04-01 10:09:29'),(3854,67,'549','MSH000040104','','MSH000040104','','NI NYOMAN AYU UYENI','NI NYOMAN AYU UYENI','JL MAYJEND SUTOYO','GANG IV NO 6','DENPASAR','','','BALI','80113','','NCS','Reguler',1,3,'2021-04-01 10:20:26',1,NULL,NULL,1,NULL,NULL,'705186',1,'2021-04-01 10:09:29','2021-04-01 10:09:29'),(3855,67,'550','MSH000040327','','MSH000040327','','A SISWANTO','A SISWANTO','RT03/RW05 JELAMBAR','JL PROF LATUMENTEN II NO 37','','','','JAKARTA BARAT','11460','','NCS','Reguler',1,3,'2021-04-01 10:20:26',1,NULL,NULL,1,NULL,NULL,'705186',1,'2021-04-01 10:09:29','2021-04-01 10:09:29'),(3856,67,'551','MSH000040331','','MSH000040331','','HERMAWAN SUBAGIO','HERMAWAN SUBAGIO','WILLSON SURYA UNGGUL PT','JL JELAMBAR BARU RAYA NO 11','','','','JAKARTA BARAT','11460','','NCS','Reguler',1,3,'2021-04-01 10:20:26',1,NULL,NULL,1,NULL,NULL,'705186',1,'2021-04-01 10:09:29','2021-04-01 10:09:29'),(3857,67,'552','MSH000040409','','MSH000040409','','A SISWANTO','A SISWANTO','JL PROF LATUMENTEN II NO 37','.','.','','','JAKARTA BARAT','11460','','NCS','Reguler',1,3,'2021-04-01 10:20:26',1,NULL,NULL,1,NULL,NULL,'705186',1,'2021-04-01 10:09:29','2021-04-01 10:09:29'),(3858,67,'553','MSH000040413','','MSH000040413','','HERMAWAN SUBAGIO','HERMAWAN SUBAGIO','PERUM TAMAN JAYA BL CIV 29','SM HASANUDIN RT 01/11','','','','TANGERANG','15148','','NCS','Reguler',1,3,'2021-04-01 10:20:26',1,NULL,NULL,1,NULL,NULL,'705186',1,'2021-04-01 10:09:30','2021-04-01 10:09:30'),(3859,67,'554','MSH000040688','','MSH000040688','','NURAENI','NURAENI','TOKO MANDIRI JAYA','PASAR BARU LT DASAR 2 BL D/25','','','','BANDUNG','40181','','NCS','Reguler',1,3,'2021-04-01 10:20:26',1,NULL,NULL,1,NULL,NULL,'705186',1,'2021-04-01 10:09:30','2021-04-01 10:09:30'),(3860,67,'555','MSH000052744','','MSH000052744','','HADI SANTOSO','HADI SANTOSO','JL BUMIREJO NO 43','PUDAKPAYUNG - BANYUMANIK','RT 04/06','','','SEMARANG','50265','','NCS','Reguler',1,3,'2021-04-01 10:20:26',1,NULL,NULL,1,NULL,NULL,'705186',1,'2021-04-01 10:09:30','2021-04-01 10:09:30'),(3861,67,'556','MSH000070198','','MSH000070198','','INGE DESYANA','INGE DESYANA','PAMULANG PERMAI I BLOK AX 10 NO 3','RT 002/012','PAMULANG BARAT','','','TANGERANG','15417','','NCS','Reguler',1,3,'2021-04-01 10:20:26',1,NULL,NULL,1,NULL,NULL,'705186',1,'2021-04-01 10:09:30','2021-04-01 10:09:30'),(3862,67,'557','MSH000070364','','MSH000070364','','INGE DESYANA','INGE DESYANA','PAMULANG PERMAI I BLOK AX 10 NO 3','RT 002/012','PAMULANG BARAT','','','TANGERANG','15417','','NCS','Reguler',1,3,'2021-04-01 10:20:26',1,NULL,NULL,1,NULL,NULL,'705186',1,'2021-04-01 10:09:30','2021-04-01 10:09:30'),(3863,67,'558','MSH000082208','','MSH000082208','','TEGUH HERWANDI WIDYATMOKO','TEGUH HERWANDI WIDYATMOKO','JL RIMBA MULYA I NO 8','RT 01/02','CIOMAS','','','BOGOR','16610','','NCS','Reguler',1,3,'2021-04-01 10:20:26',1,NULL,NULL,1,NULL,NULL,'705186',1,'2021-04-01 10:09:30','2021-04-01 10:09:30'),(3864,67,'559','MSH000082277','','MSH000082277','','SOEGENG HARTONOTO ADI','SOEGENG HARTONOTO ADI','GRAHA PRIMA','TAMBUN UTARA','BLOK IE/179 RT 01/10','','','BEKASI','17510','','NCS','Reguler',1,3,'2021-04-01 10:20:26',1,NULL,NULL,1,NULL,NULL,'705186',1,'2021-04-01 10:09:30','2021-04-01 10:09:30'),(3865,67,'560','MSH000082373','','MSH000082373','','SOEGENG HARTONOTO ADI','SOEGENG HARTONOTO ADI','JL.CEMPAKA PUTIH TIMUR XVII','NO.4','RT 001/002','','','JAKARTA PUSAT','10510','','NCS','Reguler',1,3,'2021-04-01 10:20:26',1,NULL,NULL,1,NULL,NULL,'705186',1,'2021-04-01 10:09:30','2021-04-01 10:09:30'),(3866,67,'561','MSH000098318','','MSH000098318','','LYTA OEI','LYTA OEI','JL. SUTRA UNGU C-3 NO.23','RT 13 \"RW\" 10','KELAPA GADING TIMUR','','','JAKARTA UTARA','14240','','NCS','Reguler',1,3,'2021-04-01 10:20:26',1,NULL,NULL,1,NULL,NULL,'705186',1,'2021-04-01 10:09:30','2021-04-01 10:09:30'),(3867,67,'562','MSH000109366','','MSH000109366','','GUWARTIN','GUWARTIN','BANK LIPPO','PERTK PASAR ATOM THP 4 G7/8','PABEAN CANTIKAN','','','SURABAYA','60161','','NCS','Reguler',1,3,'2021-04-01 10:20:26',1,NULL,NULL,1,NULL,NULL,'705186',1,'2021-04-01 10:09:31','2021-04-01 10:09:31'),(3868,67,'563','MSH000109367','','MSH000109367','','GUWARTIN','GUWARTIN','BANK LIPPO','PERTK PASAR ATOM THP 4 G7/8','PABEAN CANTIKAN','','','SURABAYA','60161','','NCS','Reguler',1,3,'2021-04-01 10:20:26',1,NULL,NULL,1,NULL,NULL,'705186',1,'2021-04-01 10:09:31','2021-04-01 10:09:31'),(3869,67,'564','MSH000109502','','MSH000109502','','SALINA YOSEPHINA','SALINA YOSEPHINA','JL LEMBAH PALEM','BLOK I-5 KAV 13-15','PONDOK KELAPA','','','JAKARTA TIMUR','13450','','NCS','Reguler',1,3,'2021-04-01 10:20:26',1,NULL,NULL,1,NULL,NULL,'705186',1,'2021-04-01 10:09:31','2021-04-01 10:09:31'),(3870,67,'565','MSR000015157','','MSR000015157','','VINCENTIUS HARRY P','VINCENTIUS HARRY P','PT KAWAN ASSOCIATE','DIVISI EVENT','JL BINTARO PERMAI RAYA NO.06','','','TANAH KUSIR','12330','','NCS','Reguler',1,3,'2021-04-01 10:20:26',1,NULL,NULL,1,NULL,NULL,'705186',1,'2021-04-01 10:09:31','2021-04-01 10:09:31'),(3871,67,'566','MSR000015165','','MSR000015165','','VINCENTIUS HARRY P','VINCENTIUS HARRY P','PT KAWAN ASSOCIATE','DIVISI EVENT','JL BINTARO PERMAI RAYA NO.06','','','TANAH KUSIR','12330','','NCS','Reguler',1,3,'2021-04-01 10:20:26',1,NULL,NULL,1,NULL,NULL,'705186',1,'2021-04-01 10:09:31','2021-04-01 10:09:31'),(3872,67,'567','MSR000016073','','MSR000016073','','CORY GRAHANI','CORY GRAHANI','JL AWI LIGAR NO 35','RT 01/14, BOJONG KACOR','CIBEUNYING, CIMENYAN','','','BANDUNG','40191','','NCS','Reguler',1,3,'2021-04-01 10:20:26',1,NULL,NULL,1,NULL,NULL,'705186',1,'2021-04-01 10:09:31','2021-04-01 10:09:31'),(3873,67,'568','FP0001015034','','FP0001015034','','I NYOMAN SUTOMO','I NYOMAN SUTOMO','JL.WARMADEWA','GG.VIII NO.05','','','','DENPASAR','80115','','NCS','Reguler',1,3,'2021-04-01 10:20:26',1,NULL,NULL,1,NULL,NULL,'705186',1,'2021-04-01 10:09:31','2021-04-01 10:09:31'),(3874,67,'569','FP0001029511','','FP0001029511','','RACHMAD PRATAMA SW','RACHMAD PRATAMA SW','PT.VISICITA IMAJI SEMESTA','JL.PETOGOGAN II NO.11,KEB.BARU','JAKARTA SELATAN','','','JAKARTA','12160','','NCS','Reguler',1,3,'2021-04-01 10:20:26',1,NULL,NULL,1,NULL,NULL,'705186',1,'2021-04-01 10:09:31','2021-04-01 10:09:31'),(3875,67,'570','LP2000011951','','LP2000011951','','ARIF RAHMAT JANUAR','ARIF RAHMAT JANUAR','KOMPL GRIYA MALEBER INDAH','BL C10 NO 1 RT 05/09, MALEBER','KARANG TENGAH','','','CIANJUR','43281','','NCS','Reguler',1,3,'2021-04-01 10:20:26',1,NULL,NULL,1,NULL,NULL,'705186',1,'2021-04-01 10:09:31','2021-04-01 10:09:31'),(3876,67,'571','LPP000011555','','LPP000011555','','DWI SAYEKTI WULANDARI','DWI SAYEKTI WULANDARI','JL JEMUR GAYUNGAN 1 NO 96','RT 04 RW 03','KEL GAYUNGAN KEC GAYUNGAN','','','SURABAYA','60235','','NCS','Reguler',1,3,'2021-04-01 10:20:26',1,NULL,NULL,1,NULL,NULL,'705186',1,'2021-04-01 10:09:31','2021-04-01 10:09:31'),(3877,67,'572','MF0000010866','','MF0000010866','','NYOMAN NARIATI SE','NYOMAN NARIATI SE','JL.TAMAN SEKAR NO.3','PADANG SAMBIAN','KUTA','','','DENPASAR','80117','','NCS','Reguler',1,3,'2021-04-01 10:20:26',1,NULL,NULL,1,NULL,NULL,'705186',1,'2021-04-01 10:09:31','2021-04-01 10:09:31'),(3878,67,'573','MPP000008383','','MPP000008383','','LIANIWATI RAHARDJA','LIANIWATI RAHARDJA','MURBEI NO.8 RT.5/2','SUMURBOTO','','','','SEMARANG','50269','','NCS','Reguler',1,3,'2021-04-01 10:20:26',1,NULL,NULL,1,NULL,NULL,'705186',1,'2021-04-01 10:09:31','2021-04-01 10:09:31'),(3879,67,'574','MSH000013448','','MSH000013448','','PIET ARYOSENO','PIET ARYOSENO','PT PERUSAHAAN PERDAGANGAN IND','WISMA ITC LT 2','JL ABDUL MUIS NO 8','','','JAKARTA PUSAT','10160','','NCS','Reguler',1,3,'2021-04-01 10:20:26',1,NULL,NULL,1,NULL,NULL,'705186',1,'2021-04-01 10:09:32','2021-04-01 10:09:32'),(3880,67,'575','MSH000053443','','MSH000053443','','SUPRIADI','SUPRIADI','JL DWIKORA I','LRG LANGGAR UMUM NO 9B/1596','RT 30/10 - SUNGAI PANGERAN','','','PALEMBANG','30129','','NCS','Reguler',1,3,'2021-04-01 10:20:26',1,NULL,NULL,1,NULL,NULL,'705186',1,'2021-04-01 10:09:32','2021-04-01 10:09:32'),(3881,67,'576','MSH000098420','','MSH000098420','','AYENG MUDAROH','AYENG MUDAROH','SUMBER CIPTA LOGAM PT-PRODUKSI','JL IGUSTI NGURAHRAI NO 1','RT 03/06 - CIPINANG LONTAR','','','JAKARTA TIMUR','13420','','NCS','Reguler',1,3,'2021-04-01 10:20:26',1,NULL,NULL,1,NULL,NULL,'705186',1,'2021-04-01 10:09:32','2021-04-01 10:09:32'),(3882,67,'577','MSH000100749','','MSH000100749','','RISNANDAR JAUHARI','RISNANDAR JAUHARI','PANAMAS PT','JL SOEKARNO HATTA NO 791','GEDE BAGE','','','BANDUNG','40294','','NCS','Reguler',1,3,'2021-04-01 10:20:26',1,NULL,NULL,1,NULL,NULL,'705186',1,'2021-04-01 10:09:32','2021-04-01 10:09:32'),(3883,67,'578','MSH000105755','','MSH000105755','','GUSTI AYU MADE SRI WAHYUNI','GUSTI AYU MADE SRI WAHYUNI','JL GN GUNTUR','GG X NO 4','DENPASAR','','','DENPASAR','80117','','NCS','Reguler',1,3,'2021-04-01 10:20:26',1,NULL,NULL,1,NULL,NULL,'705186',1,'2021-04-01 10:09:32','2021-04-01 10:09:32'),(3884,67,'579','MSH000105825','','MSH000105825','','MUHAMAD ZAINAL ARIFIN','MUHAMAD ZAINAL ARIFIN','JL RAYA BEKASI TIMUR KM 17','GG HAJI NAFSIN NO 12 -RT 12/02','KP BARU ILIR','','','JAKARTA TIMUR','13930','','NCS','Reguler',1,3,'2021-04-01 10:20:26',1,NULL,NULL,1,NULL,NULL,'705186',1,'2021-04-01 10:09:32','2021-04-01 10:09:32'),(3885,67,'580','HR3000004532','','HR3000004532','','IDA YUNIWATI','IDA YUNIWATI','PT KERIS GALLERY/BAG.BUYER','JL BESUKI NO.4A','MENTENG','','','JAKARTA','10310','','NCS','Reguler',1,3,'2021-04-01 10:20:26',1,NULL,NULL,1,NULL,NULL,'705186',1,'2021-04-01 10:09:32','2021-04-01 10:09:32'),(3886,67,'581','LPS000014311','','LPS000014311','','WENNY MUSTIKA ASIH','WENNY MUSTIKA ASIH','JL JUANDA','NO 10','JEBRES','','','SURAKARTA','57122','','NCS','Reguler',1,3,'2021-04-01 10:20:26',1,NULL,NULL,1,NULL,NULL,'705186',1,'2021-04-01 10:09:32','2021-04-01 10:09:32'),(3887,67,'582','MPP000008909','','MPP000008909','','ENY SUSANTI','ENY SUSANTI','PT MILLENIUM TOUR','JL SUNSET ROAD NO 71','BADUNG','','','KUTA','80361','','NCS','Reguler',1,3,'2021-04-01 10:20:26',1,NULL,NULL,1,NULL,NULL,'705186',1,'2021-04-01 10:09:32','2021-04-01 10:09:32'),(3888,67,'583','MSH000015929','','MSH000015929','','AGUNG RUKMARA','AGUNG RUKMARA','TAMAN SENTOSA','BLOK J-6 NO 7 RT 015 RW 006','SUKARESMI CIKARANG SELATAN','','','BEKASI','17550','','NCS','Reguler',1,3,'2021-04-01 10:20:26',1,NULL,NULL,1,NULL,NULL,'705186',1,'2021-04-01 10:09:32','2021-04-01 10:09:32'),(3889,67,'584','MSH000021451','','MSH000021451','','I GEDE ALIT SUARNAWA','I GEDE ALIT SUARNAWA','JL SUMATERA NO 33','KUPANG','','','','NUSA TENGGARA TIMUR','85229','','NCS','Reguler',1,3,'2021-04-01 10:20:26',1,NULL,NULL,1,NULL,NULL,'705186',1,'2021-04-01 10:09:33','2021-04-01 10:09:33'),(3890,67,'585','MSH000038409','','MSH000038409','','TJI KIANG','TJI KIANG','KOMPL TANJUNG PANTUN','NAGOYA','BLOK H NO 9 RT 03 RW 02','','','INDONESIA','29453','','NCS','Reguler',1,3,'2021-04-01 10:20:26',1,NULL,NULL,1,NULL,NULL,'705186',1,'2021-04-01 10:09:33','2021-04-01 10:09:33'),(3891,67,'586','MSH000042078','','MSH000042078','','METTY','METTY','ALKABES CV','JL SETIABUDI 65 C','','','','DENPASAR','80233','','NCS','Reguler',1,3,'2021-04-01 10:20:26',1,NULL,NULL,1,NULL,NULL,'705186',1,'2021-04-01 10:09:33','2021-04-01 10:09:33'),(3892,67,'587','MSH000042302','','MSH000042302','','IDA AYU RAMADEWI','IDA AYU RAMADEWI','UP IDA AYU RAMADEWI','PT. BANK MANDIRI TASPEN','JL.MELATI NO.51 BALI','','','DENPASAR','80233','','NCS','Reguler',1,3,'2021-04-01 10:20:26',1,NULL,NULL,1,NULL,NULL,'705186',1,'2021-04-01 10:09:33','2021-04-01 10:09:33'),(3893,67,'588','MSH000042341','','MSH000042341','','VIVERE ALIARNO PUTRO','VIVERE ALIARNO PUTRO','PERUM VILLA DAGO PAMULANG','BLOK J-12 NO 10 RT 08/21','PAMULANG - CIPUTAT','','','TANGERANG','15417','','NCS','Reguler',1,3,'2021-04-01 10:20:26',1,NULL,NULL,1,NULL,NULL,'705186',1,'2021-04-01 10:09:33','2021-04-01 10:09:33'),(3894,67,'589','MSH000042454','','MSH000042454','','IDA AYU RAMADEWI','IDA AYU RAMADEWI','UP IDA AYU RAMADEWI','PT. BANK MANDIRI TASPEN','JL.MELATI NO.51 BALI','','','DENPASAR','80233','','NCS','Reguler',1,3,'2021-04-01 10:20:26',1,NULL,NULL,1,NULL,NULL,'705186',1,'2021-04-01 10:09:33','2021-04-01 10:09:33'),(3895,67,'590','MSH000042493','','MSH000042493','','VIVERE ALIARNO PUTRO','VIVERE ALIARNO PUTRO','PERUM VILLA DAGO PAMULANG','PAMULANG - CIPUTAT','BLOK J-12 NO 10 RT 08/21','','','TANGERANG','15417','','NCS','Reguler',1,3,'2021-04-01 10:20:26',1,NULL,NULL,1,NULL,NULL,'705186',1,'2021-04-01 10:09:33','2021-04-01 10:09:33'),(3896,67,'591','HN0000006974','','HN0000006974','','ADHI BRAHMANTYA','ADHI BRAHMANTYA','JLN KENCANA TIGA NO 40','RT 03 RW 06 LENTENG AGUNG','JAKARTA SELATAN','','','JAKARTA SELATAN','12000','','NCS','Reguler',1,3,'2021-04-01 10:20:26',1,NULL,NULL,1,NULL,NULL,'705186',1,'2021-04-01 10:09:33','2021-04-01 10:09:33'),(3897,67,'592','LP2000012510','','LP2000012510','','NOVIANI NOVIANI','NOVIANI NOVIANI','LEIGHTON CONTRACTORS IND PT','JL TOYOGIRI NO 11','TAMBUN, BEKASI TIMUR','','','BEKASI','17510','','NCS','Reguler',1,3,'2021-04-01 10:20:26',1,NULL,NULL,1,NULL,NULL,'705186',1,'2021-04-01 10:09:33','2021-04-01 10:09:33'),(3898,67,'593','LP2000012617','','LP2000012617','','RAJIV GILL','RAJIV GILL','APARTEMENT TAMAN KEMAYORAN','TOWER CENDANA LT.4 ROOM 0403','KEMAYORAN','','','JAKARTA','10620','','NCS','Reguler',1,3,'2021-04-01 10:20:26',1,NULL,NULL,1,NULL,NULL,'705186',1,'2021-04-01 10:09:33','2021-04-01 10:09:33'),(3899,67,'594','LPS000014542','','LPS000014542','','FIFIH FATMAH AFIFIH','FIFIH FATMAH AFIFIH','PERUM MENTENG METROPOLITAN','JL MENTENG UTAMA BLOK G1 NO 10','RT 09/07, CAKUNG','','','JAKARTA TIMUR','13960','','NCS','Reguler',1,3,'2021-04-01 10:20:26',1,NULL,NULL,1,NULL,NULL,'705186',1,'2021-04-01 10:09:33','2021-04-01 10:09:33'),(3900,67,'595','MF0000011893','','MF0000011893','','SARI PANGESTUTI','SARI PANGESTUTI','JL.ANTENE X NO.11','KEBAYORAN BARU','','','','JAKARTA SELATAN','12130','','NCS','Reguler',1,3,'2021-04-01 10:20:26',1,NULL,NULL,1,NULL,NULL,'705186',1,'2021-04-01 10:09:33','2021-04-01 10:09:33'),(3901,67,'596','MPP000011932','','MPP000011932','','ROBBY FIRLANA','ROBBY FIRLANA','JL P POLIM RAYA /7A RT 8/1','PULO(DEPAN PASAR BLOK A)','KEBAYORAN BARU','','','JAKARTA SELATAN','12160','','NCS','Reguler',1,3,'2021-04-01 10:20:26',1,NULL,NULL,1,NULL,NULL,'705186',1,'2021-04-01 10:09:34','2021-04-01 10:09:34'),(3902,67,'597','MPP000014709','','MPP000014709','','ACHMAD RIDWAN DESKANA','ACHMAD RIDWAN DESKANA','KP GEULIS NO. 12 RT 01/14','SEKELOA, COBLONG','','','','BANDUNG','40134','','NCS','Reguler',1,3,'2021-04-01 10:20:26',1,NULL,NULL,1,NULL,NULL,'705186',1,'2021-04-01 10:09:34','2021-04-01 10:09:34'),(3903,67,'598','MSH000013578','','MSH000013578','','SRIYANTI NATSIR','SRIYANTI NATSIR','JL SUNGAI LIMBOTO LORONG 56 NO 11','RT 04/02','PISANG SELATAN - MAKASSAR','','','MAKASSAR','90114','','NCS','Reguler',1,3,'2021-04-01 10:20:26',1,NULL,NULL,1,NULL,NULL,'705186',1,'2021-04-01 10:09:34','2021-04-01 10:09:34'),(3904,67,'599','MSH000016170','','MSH000016170','','DONNY S THUNGGONO','DONNY S THUNGGONO','DUTA PEMBANGUNAN UD','JL GATOT SUBROTO  TIMUR 126 C','DEPAN BAKMI PANCORAN','','','DENPASAR','80116','','NCS','Reguler',1,3,'2021-04-01 10:20:26',1,NULL,NULL,1,NULL,NULL,'705186',1,'2021-04-01 10:09:34','2021-04-01 10:09:34'),(3905,67,'600','MSH000019041','','MSH000019041','','MANUSAMA','MANUSAMA','JL. KARTINI 13 DALAM NO.26','RT011 RW09','KEL. KARTINI KEC. SAWAH BESAR','','','JAKARTA','10750','','NCS','Reguler',1,3,'2021-04-01 10:20:26',1,NULL,NULL,1,NULL,NULL,'705186',1,'2021-04-01 10:09:34','2021-04-01 10:09:34'),(3906,67,'601','MSH000038958','','MSH000038958','','DONNY S THUNGGONO','DONNY S THUNGGONO','JL GATOT SUBROTO','TIMUR 126 C','(DEPAN BAKMI PANCORAN)','','','DENPASAR','80116','','NCS','Reguler',1,3,'2021-04-01 10:20:26',1,NULL,NULL,1,NULL,NULL,'705186',1,'2021-04-01 10:09:34','2021-04-01 10:09:34'),(3907,67,'602','MSH000054147','','MSH000054147','','SUPRIADI','SUPRIADI','JL DWIKORA I','LRG LANGGAR UMUM NO 9B/1596','RT 30/10 - SUNGAI PANGERAN','','','PALEMBANG','30129','','NCS','Reguler',1,3,'2021-04-01 10:20:26',1,NULL,NULL,1,NULL,NULL,'705186',1,'2021-04-01 10:09:34','2021-04-01 10:09:34'),(3908,67,'603','MSH000089955','','MSH000089955','','NI MD EKA MAHADEWI','NI MD EKA MAHADEWI','JL TUKADYEH AYA IX','RENON','GG 9C NO.15','','','DENPASAR','80000','','NCS','Reguler',1,3,'2021-04-01 10:20:26',1,NULL,NULL,1,NULL,NULL,'705186',1,'2021-04-01 10:09:34','2021-04-01 10:09:34'),(3909,67,'604','MSH000089999','','MSH000089999','','RIRIN BUDIARTI','RIRIN BUDIARTI','TAMAN PINANG INDAH BB 1/26','RT 019 RW 007','KEL BANJARBENDO, KEC SIDOARJO','','','SIDOARJO','61225','','NCS','Reguler',1,3,'2021-04-01 10:20:26',1,NULL,NULL,1,NULL,NULL,'705186',1,'2021-04-01 10:09:34','2021-04-01 10:09:34'),(3910,67,'605','MSH000090040','','MSH000090040','','NI MD EKA MAHADEWI','NI MD EKA MAHADEWI','JL TUKADYEH AYA IX','RENON','GG 9C NO.15','','','BALI','80000','','NCS','Reguler',1,3,'2021-04-01 10:20:26',1,NULL,NULL,1,NULL,NULL,'705186',1,'2021-04-01 10:09:34','2021-04-01 10:09:34'),(3911,67,'606','MSH000095161','','MSH000095161','','AMINULLAH','AMINULLAH','JL HUD NO 27','RT 01/05','SUKABUMI UTR - KEBON JERUK','','','JAKARTA BARAT','11540','','NCS','Reguler',1,3,'2021-04-01 10:20:26',1,NULL,NULL,1,NULL,NULL,'705186',1,'2021-04-01 10:09:35','2021-04-01 10:09:35'),(3912,67,'607','MSH000095162','','MSH000095162','','AMINULLAH','AMINULLAH','JL HUD NO 27','RT 01/05','SUKABUMI UTR - KEBON JERUK','','','JAKARTA BARAT','11540','','NCS','Reguler',1,3,'2021-04-01 10:20:26',1,NULL,NULL,1,NULL,NULL,'705186',1,'2021-04-01 10:09:35','2021-04-01 10:09:35'),(3913,67,'608','MSH000105995','','MSH000105995','','HANDOKO PRANOTO','HANDOKO PRANOTO','JL.ANGGREK III B1','SOLO BARU','MADEKONDO','','','SUKOHARJO','57552','','NCS','Reguler',1,3,'2021-04-01 10:20:26',1,NULL,NULL,1,NULL,NULL,'705186',1,'2021-04-01 10:09:35','2021-04-01 10:09:35'),(3914,67,'609','MSH000105996','','MSH000105996','','HANDOKO PRANOTO','HANDOKO PRANOTO','JL.ANGGREK III B1','SOLO BARU','MADEKONDO','','','SUKOHARJO','57552','','NCS','Reguler',1,3,'2021-04-01 10:20:26',1,NULL,NULL,1,NULL,NULL,'705186',1,'2021-04-01 10:09:35','2021-04-01 10:09:35'),(3915,67,'610','HS0000016735','','HS0000016735','','SANDRA DEWI','SANDRA DEWI','VALENCIA TERACE BLOK CC 7 NO 29','PURI SURYA JAYA','GEDANGAN - SIDOARJO','','','GRESIK','61174','','NCS','Reguler',1,3,'2021-04-01 10:20:26',1,NULL,NULL,1,NULL,NULL,'705186',1,'2021-04-01 10:09:35','2021-04-01 10:09:35'),(3916,67,'611','LPS000016915','','LPS000016915','','AMATUL FIRDAUSYA','AMATUL FIRDAUSYA','GREEN ANDARA RESIDENCE','BLOK C3 NO. 06','PONDOK LABU','','','CILANDAK','12450','','NCS','Reguler',1,3,'2021-04-01 10:20:26',1,NULL,NULL,1,NULL,NULL,'705186',1,'2021-04-01 10:09:35','2021-04-01 10:09:35'),(3917,67,'612','MBS000028713','','MBS000028713','','CHODRI SYAFII','CHODRI SYAFII','SEKTOR TAMAN GOLF','JL VERANDA NO 12 RT 03/11','CIKARANG BARU - CIKARANG','','','BEKASI','17550','','NCS','Reguler',1,3,'2021-04-01 10:20:26',1,NULL,NULL,1,NULL,NULL,'705186',1,'2021-04-01 10:09:35','2021-04-01 10:09:35'),(3918,67,'613','MBS000028783','','MBS000028783','','THIO MAN LIE','THIO MAN LIE','PONDOK HIJAU GOLF','KOMP EMERALD. JL.EMERALD UTARA 3 NO 7','GADING SERPONG-TANGERANG','','','TANGERANG','15000','','NCS','Reguler',1,3,'2021-04-01 10:20:26',1,NULL,NULL,1,NULL,NULL,'705186',1,'2021-04-01 10:09:35','2021-04-01 10:09:35'),(3919,67,'614','MBS000032228','','MBS000032228','','EKA SETIYAWATI','EKA SETIYAWATI','R S USADA INSANI','JL K H HASYIM AZHARI NO 24','','','','TANGERANG','15119','','NCS','Reguler',1,3,'2021-04-01 10:20:26',1,NULL,NULL,1,NULL,NULL,'705186',1,'2021-04-01 10:09:35','2021-04-01 10:09:35'),(3920,67,'615','MPP000009984','','MPP000009984','','YANTI','YANTI','PAMULANG PERMAI I BLOK.C36','NO. RW004 RT 017','PAMULANG BARAT','','','TANGERANG SELATAN','15417','','NCS','Reguler',1,3,'2021-04-01 10:20:26',1,NULL,NULL,1,NULL,NULL,'705186',1,'2021-04-01 10:09:36','2021-04-01 10:09:36'),(3921,67,'616','MPP000021077','','MPP000021077','','WAHYU','WAHYU','PERUM MUSTIKA KARANG SATRIA BLOK EB 03','NO 14 RT 20 RW 14 KEL KARANG SATRIA','KEC TAMBUN UTARA  KAB BEKASI','','','BEKASI','17520','','NCS','Reguler',1,3,'2021-04-01 10:20:26',1,NULL,NULL,1,NULL,NULL,'705186',1,'2021-04-01 10:09:36','2021-04-01 10:09:36'),(3922,67,'617','MSH000027526','','MSH000027526','','EVY NAWANGWULAN','EVY NAWANGWULAN','ATARI MITRA SEJAHTERA PT','WISMA SUPRA GROUND FLR BLK B','JL S PARMAN KAV 76','','','JAKARTA BARAT','11066','','NCS','Reguler',1,3,'2021-04-01 10:20:26',1,NULL,NULL,1,NULL,NULL,'705186',1,'2021-04-01 10:09:36','2021-04-01 10:09:36'),(3923,67,'618','MSH000027855','','MSH000027855','','SULAEMAN','SULAEMAN','BUMI PERSADA PUTRA MANDIRI PT','KANTOR TEHNIK TAMAN ARCADIA','MEDITERANIA-JL RY TAPOS NO 37 RT 024/012','','','DEPOK','16957','','NCS','Reguler',1,3,'2021-04-01 10:20:26',1,NULL,NULL,1,NULL,NULL,'705186',1,'2021-04-01 10:09:36','2021-04-01 10:09:36'),(3924,67,'619','MSH000065964','','MSH000065964','','SUMARMI','SUMARMI','GRIYA BHAYANGKARA H5/7','RT47/09','MASANGKULON-SUKODONO','','','SIDOARJO','61258','','NCS','Reguler',1,3,'2021-04-01 10:20:26',1,NULL,NULL,1,NULL,NULL,'705186',1,'2021-04-01 10:09:36','2021-04-01 10:09:36'),(3925,67,'620','MSH000066133','','MSH000066133','','NUNUNG NURSIAMUDDIN','NUNUNG NURSIAMUDDIN','KOMPLEK PERMATA','JL INTAN BLOK S NO 13','RT 04/17 KEL SUMUR PECUNG','','','SERANG','42118','','NCS','Reguler',1,3,'2021-04-01 10:20:26',1,NULL,NULL,1,NULL,NULL,'705186',1,'2021-04-01 10:09:36','2021-04-01 10:09:36'),(3926,67,'621','MSH000066312','','MSH000066312','','NUNUNG NURSIAMUDDIN','NUNUNG NURSIAMUDDIN','KOMPLEK PERMATA','JL INTAN BLOK S NO 13','RT 04/17 KEL SUMUR PECUNG','','','SERANG','42118','','NCS','Reguler',1,3,'2021-04-01 10:20:26',1,NULL,NULL,1,NULL,NULL,'705186',1,'2021-04-01 10:09:36','2021-04-01 10:09:36'),(3927,67,'622','MSH000083686','','MSH000083686','','BAPIJONI BOEHIRNO','BAPIJONI BOEHIRNO','JL. CINDE DALAM 1 NO 18','RT 8/5 KEL. JOMBLANG','KEC. CANDI SARI','','','SEMARANG','50256','','NCS','Reguler',1,3,'2021-04-01 10:20:26',1,NULL,NULL,1,NULL,NULL,'705186',1,'2021-04-01 10:09:36','2021-04-01 10:09:36'),(3928,67,'623','MSH000101072','','MSH000101072','','RETNO NURANTI KUNCORO','RETNO NURANTI KUNCORO','PRODIA WIDYA HUSADA PT','JL. BOGOWONTO NO 27','KEL.DARMO','','','SURABAYA','60241','','NCS','Reguler',1,3,'2021-04-01 10:20:26',1,NULL,NULL,1,NULL,NULL,'705186',1,'2021-04-01 10:09:36','2021-04-01 10:09:36'),(3929,67,'624','MSH000105146','','MSH000105146','','ISWAN JUREJE','ISWAN JUREJE','PERUM LEMBAH HIJAU','JL CENDRAWASIH NO 5 RT 01/14','MEKAR SARI-CIMANGGIS','','','BOGOR','16952','','NCS','Reguler',1,3,'2021-04-01 10:20:26',1,NULL,NULL,1,NULL,NULL,'705186',1,'2021-04-01 10:09:37','2021-04-01 10:09:37'),(3930,67,'625','MSR000010427','','MSR000010427','','YUDI PRIYANTO','YUDI PRIYANTO','JL POS WETAN NO 6','RT 01/14','KERTAMULYA, PADALARANG','','','BANDUNG','40553','','NCS','Reguler',1,3,'2021-04-01 10:20:26',1,NULL,NULL,1,NULL,NULL,'705186',1,'2021-04-01 10:09:37','2021-04-01 10:09:37'),(3931,67,'626','CI0000009454','','CI0000009454','','ROY OENKIRIWANG','ROY OENKIRIWANG','JL NGINDEN INTAN TMR VI/F3-20','RT 03/05','SURABAYA','','','','60118','','NCS','Reguler',1,3,'2021-04-01 10:20:26',1,NULL,NULL,1,NULL,NULL,'705186',1,'2021-04-01 10:09:37','2021-04-01 10:09:37'),(3932,67,'627','FP0001030424','','FP0001030424','','EDWIN DARMA KURNIADI','EDWIN DARMA KURNIADI','DIGIMAX XC','JL.SRIWIJAYA NO.72 A-B','SEMARANG SELATAN','','','SEMARANG','50137','','NCS','Reguler',1,3,'2021-04-01 10:20:26',1,NULL,NULL,1,NULL,NULL,'705186',1,'2021-04-01 10:09:37','2021-04-01 10:09:37'),(3933,67,'628','HP0000007504','','HP0000007504','','LILIS KURNIAH R','LILIS KURNIAH R','CINANGKA NO 14','RT 01/01','KEDAUNG - SAWANGAN','','','DEPOK','16516','','NCS','Reguler',1,3,'2021-04-01 10:20:26',1,NULL,NULL,1,NULL,NULL,'705186',1,'2021-04-01 10:09:37','2021-04-01 10:09:37'),(3934,67,'629','HR3000002032','','HR3000002032','','ANGGRAENI','ANGGRAENI','MENUR 2/12 RT 01/01','MENUR PUMPUNGAN-SUKOLILO','','','','SURABAYA','60118','','NCS','Reguler',1,3,'2021-04-01 10:20:26',1,NULL,NULL,1,NULL,NULL,'705186',1,'2021-04-01 10:09:37','2021-04-01 10:09:37'),(3935,67,'630','LPS000016089','','LPS000016089','','AGUS KOSWARA','AGUS KOSWARA','CHAKRA PT','SIM**JL BOJONG BUAH RAYA','KAV 6A','','','BANDUNG','40971','','NCS','Reguler',1,3,'2021-04-01 10:20:26',1,NULL,NULL,1,NULL,NULL,'705186',1,'2021-04-01 10:09:37','2021-04-01 10:09:37'),(3936,67,'631','MPP000001095','','MPP000001095','','WYISANNITA','WYISANNITA','JL JELAMBAR UTAMA 3 NO.4D','RT.1/8 GROGOL','JAKARTA BARAT','','','JAKARTA','11460','','NCS','Reguler',1,3,'2021-04-01 10:20:26',1,NULL,NULL,1,NULL,NULL,'705186',1,'2021-04-01 10:09:37','2021-04-01 10:09:37'),(3937,67,'632','MPP000011317','','MPP000011317','','MARGARETH BENITA','MARGARETH BENITA','JL K S TUBUN IV W2 NO 39','','','','','JAKARTA BARAT','11410','','NCS','Reguler',1,3,'2021-04-01 10:20:26',1,NULL,NULL,1,NULL,NULL,'705186',1,'2021-04-01 10:09:38','2021-04-01 10:09:38'),(3938,67,'633','MPP000016202','','MPP000016202','','ARFAN FIRMANSYAH TRI CAHYONO','ARFAN FIRMANSYAH TRI CAHYONO','VENETA SYSTEM PT','JL A YANI 211','','','','SURABAYA','60123','','NCS','Reguler',1,3,'2021-04-01 10:20:26',1,NULL,NULL,1,NULL,NULL,'705186',1,'2021-04-01 10:09:38','2021-04-01 10:09:38'),(3939,67,'634','MPP000021083','','MPP000021083','','EDI SUJARWO','EDI SUJARWO','SPS PT BAG.MARKETING LT.1','JL.RAYAPUNGGING 27 KM 3 DS PUNGGING','MOJOKERTO','','','SURABAYA','61384','','NCS','Reguler',1,3,'2021-04-01 10:20:26',1,NULL,NULL,1,NULL,NULL,'705186',1,'2021-04-01 10:09:38','2021-04-01 10:09:38'),(3940,67,'635','MSH000019216','','MSH000019216','','TETTY HENDARIWATI','TETTY HENDARIWATI','GRAND RESIDENCE I CLUSTER TIRTAYASA','BLOK AC2 NO 16','CIJENGKOL - SETU','','','BEKASI','17320','','NCS','Reguler',1,3,'2021-04-01 10:20:26',1,NULL,NULL,1,NULL,NULL,'705186',1,'2021-04-01 10:09:38','2021-04-01 10:09:38'),(3941,67,'636','MSH000110737','','MSH000110737','','TAUFIK HIDAYAT','TAUFIK HIDAYAT','PERUMNAS MONANG MANING','JL GUNUNG LEMPUYANG V NO12','DENPASAR BARAT','','','DENPASAR','80119','','NCS','Reguler',1,3,'2021-04-01 10:20:26',1,NULL,NULL,1,NULL,NULL,'705186',1,'2021-04-01 10:09:38','2021-04-01 10:09:38'),(3942,67,'637','MSH000110750','','MSH000110750','','TAUFIK HIDAYAT','TAUFIK HIDAYAT','PERUMNAS MONANG MANING','JL GUNUNG LEMPUYANG V NO12','DENPASAR BARAT','','','DENPASAR','80119','','NCS','Reguler',1,3,'2021-04-01 10:20:26',1,NULL,NULL,1,NULL,NULL,'705186',1,'2021-04-01 10:09:38','2021-04-01 10:09:38'),(3943,67,'638','MSR000015207','','MSR000015207','','BAHRUL ULUM','BAHRUL ULUM','JL SAWAH LIO 2 NO 77','RT 05/07','JEMBATAN LIMA','','','JAKARTA BARAT','11250','','NCS','Reguler',1,3,'2021-04-01 10:20:26',1,NULL,NULL,1,NULL,NULL,'705186',1,'2021-04-01 10:09:38','2021-04-01 10:09:38'),(3944,67,'639','MSR000015215','','MSR000015215','','BAHRUL ULUM','BAHRUL ULUM','JL SAWAH LIO 2 NO 77','RT 05/07','JEMBATAN LIMA','','','JAKARTA BARAT','11250','','NCS','Reguler',1,3,'2021-04-01 10:20:26',1,NULL,NULL,1,NULL,NULL,'705186',1,'2021-04-01 10:09:38','2021-04-01 10:09:38'),(3945,67,'640','HR2000001005','','HR2000001005','','INDRAJAYA SUTEJO','INDRAJAYA SUTEJO','JL. MUDINGSARI KAV 22','BR. BATU BIDAK KEROBOKAN','KUTA -BADUNG BALI','','','DENPASAR','80000','','NCS','Reguler',1,3,'2021-04-01 10:20:26',1,NULL,NULL,1,NULL,NULL,'705186',1,'2021-04-01 10:09:39','2021-04-01 10:09:39'),(3946,67,'641','LPS000017347','','LPS000017347','','MERRY CRISANTI','MERRY CRISANTI','JL JELAMBAR BARU 4 NO 52','GROGOL PETAMBURAN','JELAMBAR','','','JAKARTA BARAT','11460','','NCS','Reguler',1,3,'2021-04-01 10:20:26',1,NULL,NULL,1,NULL,NULL,'705186',1,'2021-04-01 10:09:39','2021-04-01 10:09:39'),(3947,67,'642','MBS000031223','','MBS000031223','','THE LINDA','THE LINDA','JL. KEMUNING IV A NO. 45 A RT 9 RW 6','KEL. PEJATEN TIMUR KEC. PASAR MINGGU','JAKARTA SELATAN','','','JAKARTA SELATAN','12510','','NCS','Reguler',1,3,'2021-04-01 10:20:26',1,NULL,NULL,1,NULL,NULL,'705186',1,'2021-04-01 10:09:39','2021-04-01 10:09:39'),(3948,67,'643','MPP000014081','','MPP000014081','','KADEK EDY ANDYASA','KADEK EDY ANDYASA','WARUNG LAMPAU','JL MERDEKA NO 18 RENON','','','','DENPASAR','80226','','NCS','Reguler',1,3,'2021-04-01 10:20:26',1,NULL,NULL,1,NULL,NULL,'705186',1,'2021-04-01 10:09:39','2021-04-01 10:09:39'),(3949,67,'644','MPP000014122','','MPP000014122','','DONY AGUS HERMAWAN','DONY AGUS HERMAWAN','JL RAYA GUBENG 19-21 GEDUNG GRAHA SA','LT 3 RUANG 305','JAWA TIMUR (PT CIGNA)','','','SURABAYA','60282','','NCS','Reguler',1,3,'2021-04-01 10:20:26',1,NULL,NULL,1,NULL,NULL,'705186',1,'2021-04-01 10:09:39','2021-04-01 10:09:39'),(3950,67,'645','MPP000015223','','MPP000015223','','I MADE AGESTYO MURTI','I MADE AGESTYO MURTI','PERUM BENUA INDAH BLK F 4 NO 2','PABUARAN TUMPENG','KARAWACI TANGGERANG','','','BANTEN','15112','','NCS','Reguler',1,3,'2021-04-01 10:20:26',1,NULL,NULL,1,NULL,NULL,'705186',1,'2021-04-01 10:09:39','2021-04-01 10:09:39'),(3951,67,'646','MSH000012354','','MSH000012354','','THEON ERLANGGA SUSILO','THEON ERLANGGA SUSILO','JL JEMBATAN GAMBANG II NO 35','RT 05/01','PEJAGALAN - PENJARINGAN','','','JAKARTA UTARA','14450','','NCS','Reguler',1,3,'2021-04-01 10:20:26',1,NULL,NULL,1,NULL,NULL,'705186',1,'2021-04-01 10:09:39','2021-04-01 10:09:39'),(3952,67,'647','MSH000016390','','MSH000016390','','TJI KIANG','TJI KIANG','KOMPL TANJUNG PANTUN','BLOK H NO 9 RT 03 RW 02','NAGOYA','','','BATAM','29453','','NCS','Reguler',1,3,'2021-04-01 10:20:26',1,NULL,NULL,1,NULL,NULL,'705186',1,'2021-04-01 10:09:39','2021-04-01 10:09:39'),(3953,67,'648','MSH000023799','','MSH000023799','','TONI TAOFIK RAMDANI','TONI TAOFIK RAMDANI','BANK PANIN  , BAGIAN LOAN','KOMPLEK PERKANTORAN  PLAZA PASIFIC','BLOK.B4 NO.83,85.87 JL.BOULEVARD BARAT','','','JAKARTA UTARA','14240','','NCS','Reguler',1,3,'2021-04-01 10:20:26',1,NULL,NULL,1,NULL,NULL,'705186',1,'2021-04-01 10:09:40','2021-04-01 10:09:40'),(3954,67,'649','MSH000023858','','MSH000023858','','ANDRI ARY SUSANTHY','ANDRI ARY SUSANTHY','KOMPLEKS BTN BUMI PASAR KEMIS INDAH','JL JALAK 1 BLOK N2 NO.21 RT11 RW2 PASAR','TANGERANG BANTEN','','','TANGERANG','15560','','NCS','Reguler',1,3,'2021-04-01 10:20:26',1,NULL,NULL,1,NULL,NULL,'705186',1,'2021-04-01 10:09:40','2021-04-01 10:09:40'),(3955,67,'650','MSH000054526','','MSH000054526','','WITARDI','WITARDI','KOMPL TAMAN NUANSA MAJASEM','JL NUASA RAYA BLOK A1 NO 2','RT 10/15  KARYAMULYA - KESAMBI','','','CIREBON','45135','','NCS','Reguler',1,3,'2021-04-01 10:20:26',1,NULL,NULL,1,NULL,NULL,'705186',1,'2021-04-01 10:09:40','2021-04-01 10:09:40'),(3956,67,'651','MSH000054674','','MSH000054674','','WITARDI','WITARDI','KOMPL TAMAN NUANSA MAJASEM','JL NUASA RAYA BLOK A1 NO 2','RT 10/15  KARYAMULYA - KESAMBI','','','CIREBON','45135','','NCS','Reguler',1,3,'2021-04-01 10:20:26',1,NULL,NULL,1,NULL,NULL,'705186',1,'2021-04-01 10:09:40','2021-04-01 10:09:40'),(3957,67,'652','MSH000087225','','MSH000087225','','MULYANI','MULYANI','PT.SUGIRON CITRA','JL.GUNUNG SAHARI NO.57 EF','JAKARTA PUSAT','','','INDONESIA','10610','','NCS','Reguler',1,3,'2021-04-01 10:20:26',1,NULL,NULL,1,NULL,NULL,'705186',1,'2021-04-01 10:09:40','2021-04-01 10:09:40'),(3958,67,'653','MSH000087360','','MSH000087360','','MULYANI','MULYANI','PT.SUGIRON CITRA','JL.GUNUNG SAHARI NO.57 EF','JAKARTA PUSAT','','','INDONESIA','10610','','NCS','Reguler',1,3,'2021-04-01 10:20:26',1,NULL,NULL,1,NULL,NULL,'705186',1,'2021-04-01 10:09:40','2021-04-01 10:09:40'),(3959,67,'654','MSH000090864','','MSH000090864','','WIDYA SOERJANDARI','WIDYA SOERJANDARI','JL RUNGKUT ASRI UTARA BL 2F/14','RT 03/10','','','','SURABAYA','60293','','NCS','Reguler',1,3,'2021-04-01 10:20:26',1,NULL,NULL,1,NULL,NULL,'705186',1,'2021-04-01 10:09:40','2021-04-01 10:09:40'),(3960,67,'655','MSH000091395','','MSH000091395','','PIERRE VITTORIO ATIHUTA','PIERRE VITTORIO ATIHUTA','APART TAMAN RASUNA TWR I LT.10','UNIT D JL.H R RASUNA SAID','MENTENG ATS KUNINGAN SETIA BUDI','','','JAKARTA SELATAN','12960','','NCS','Reguler',1,3,'2021-04-01 10:20:26',1,NULL,NULL,1,NULL,NULL,'705186',1,'2021-04-01 10:09:40','2021-04-01 10:09:40'),(3961,67,'656','MSH000091449','','MSH000091449','','PIERRE VITTORIO ATIHUTA','PIERRE VITTORIO ATIHUTA','JL.TAMIANG NO.7 HAUR JAYA','RT 004 RW 007 KEBON PEDES','TANAH SAREAL','','','BOGOR','16162','','NCS','Reguler',1,3,'2021-04-01 10:20:26',1,NULL,NULL,1,NULL,NULL,'705186',1,'2021-04-01 10:09:40','2021-04-01 10:09:40'),(3962,67,'657','MSH000091695','','MSH000091695','','CAROLI PATTIASINA','CAROLI PATTIASINA','PATAGONIA VILLAGE','BLOK G 8 NO 5','DELATINOS - BSD','','','TANGERANG SELATAN','15000','','NCS','Reguler',1,3,'2021-04-01 10:20:26',1,NULL,NULL,1,NULL,NULL,'705186',1,'2021-04-01 10:09:40','2021-04-01 10:09:40'),(3963,67,'658','MSH000092165','','MSH000092165','','IBNU BEN HADI','IBNU BEN HADI','JL KAYU PUTIH IXD NO.8','PULO GADUNG','RT011/RW05','','','JAKARTA TIMUR','13260','','NCS','Reguler',1,3,'2021-04-01 10:20:26',1,NULL,NULL,1,NULL,NULL,'705186',1,'2021-04-01 10:09:41','2021-04-01 10:09:41'),(3964,67,'659','MSH000092359','','MSH000092359','','IBNU BEN HADI','IBNU BEN HADI','JL KAYU PUTIH IXD NO 8','RT011/RW05','PULO GADUNG','','','JAKARTA TIMUR','13260','','NCS','Reguler',1,3,'2021-04-01 10:20:26',1,NULL,NULL,1,NULL,NULL,'705186',1,'2021-04-01 10:09:41','2021-04-01 10:09:41'),(3965,67,'660','MSH000107497','','MSH000107497','','PUTRI TAKARINI RATNASARI','PUTRI TAKARINI RATNASARI','JL SURYOWIJAYAN MJ 1 NO 433','YOGYAKARTA','','','','JAWA TENGAH','55142','','NCS','Reguler',1,3,'2021-04-01 10:20:26',1,NULL,NULL,1,NULL,NULL,'705186',1,'2021-04-01 10:09:41','2021-04-01 10:09:41'),(3966,67,'661','MSH000107536','','MSH000107536','','PUTRI TAKARINI RATNASARI','PUTRI TAKARINI RATNASARI','JL SURYOWIJAYAN MJ 1 NO 433','YOGYAKARTA','','','','JAWA TENGAH','55142','','NCS','Reguler',1,3,'2021-04-01 10:20:26',1,NULL,NULL,1,NULL,NULL,'705186',1,'2021-04-01 10:09:41','2021-04-01 10:09:41'),(3967,67,'662','MSR000010234','','MSR000010234','','LEO GATOT SUBROTO','LEO GATOT SUBROTO','MEGA TRI UTAMA PT-PRODUKSI','KWS INDST CANDI GATOT SUBROTO','JL CANDI XVI BLOK 17 NO 15','','','SEMARANG','50146','','NCS','Reguler',1,3,'2021-04-01 10:20:26',1,NULL,NULL,1,NULL,NULL,'705186',1,'2021-04-01 10:09:41','2021-04-01 10:09:41'),(3968,67,'663','MSR000010236','','MSR000010236','','LEO GATOT SUBROTO','LEO GATOT SUBROTO','MEGA TRI UTAMA PT-PRODUKSI','KWS INDST CANDI GATOT SUBROTO','JL CANDI XVI BLOK 17 NO 15','','','SEMARANG','50146','','NCS','Reguler',1,3,'2021-04-01 10:20:26',1,NULL,NULL,1,NULL,NULL,'705186',1,'2021-04-01 10:09:41','2021-04-01 10:09:41'),(3969,67,'664','MSR000010549','','MSR000010549','','RULITA','RULITA','PT INDOSURANCE BROKER UTAMA','BAG MARKETING, INDOFOOD TWR  LT 17','JL JEND SUDIRMAN KAV 76-78','','','JAKARTA','12910','','NCS','Reguler',1,3,'2021-04-01 10:20:26',1,NULL,NULL,1,NULL,NULL,'705186',1,'2021-04-01 10:09:41','2021-04-01 10:09:41'),(3970,67,'665','FP0001008639','','FP0001008639','','EBRIAN SALMAN SALIM','EBRIAN SALMAN SALIM','JL.YAKTAPENA 1 BARAT NO.62','RT.24/04 PLAJU','','','','PALEMBANG','30264','','NCS','Reguler',1,3,'2021-04-01 10:20:26',1,NULL,NULL,1,NULL,NULL,'705186',1,'2021-04-01 10:09:41','2021-04-01 10:09:41'),(3971,67,'666','FP0001010264','','FP0001010264','','MUHAMMAD MULKI SALMAN','MUHAMMAD MULKI SALMAN','PURI CIPAGERAN INDAH A NO 308','RT 01 RW 26 KEL CIPAGERAN','KEC CIMAHI UTARA','','','BANDUNG','40511','','NCS','Reguler',1,3,'2021-04-01 10:20:26',1,NULL,NULL,1,NULL,NULL,'705186',1,'2021-04-01 10:09:42','2021-04-01 10:09:42'),(3972,67,'667','HR3000001416','','HR3000001416','','ISWARI SUKRO NUGROHO','ISWARI SUKRO NUGROHO','JL. WAY BESAI NO.9','RT 14/01 TANJUNG DUREN SELATAN','GROGOL JAKARTA BARAT','','','JAKARTA BARAT','11000','','NCS','Reguler',1,3,'2021-04-01 10:20:26',1,NULL,NULL,1,NULL,NULL,'705186',1,'2021-04-01 10:09:42','2021-04-01 10:09:42'),(3973,67,'668','HR3000004731','','HR3000004731','','ARIEF PRIHANTONO','ARIEF PRIHANTONO','PONDOK MITRA LESTARI','BLOK A17 NO.1 RT 09/13','DESA JATIRASA - JATI ASIH','','','BEKASI','17424','','NCS','Reguler',1,3,'2021-04-01 10:20:26',1,NULL,NULL,1,NULL,NULL,'705186',1,'2021-04-01 10:09:42','2021-04-01 10:09:42'),(3974,67,'669','MSH000035762','','MSH000035762','','LINDA DAMAYANTI','LINDA DAMAYANTI','JL BABAKAN CIPARAY NO 281','.','RT 04/08','','','BANDUNG','40231','','NCS','Reguler',1,3,'2021-04-01 10:20:26',1,NULL,NULL,1,NULL,NULL,'705186',1,'2021-04-01 10:09:42','2021-04-01 10:09:42'),(3975,67,'670','MSH000035780','','MSH000035780','','DESSYANTI TANUWIDJAJA','DESSYANTI TANUWIDJAJA','MANGGA BESAR XIII NO 57','RT 03/02','KEL MANGGA BESAR SELATAN','','','JAKARTA PUSAT','10730','','NCS','Reguler',1,3,'2021-04-01 10:20:26',1,NULL,NULL,1,NULL,NULL,'705186',1,'2021-04-01 10:09:42','2021-04-01 10:09:42'),(3976,67,'671','MSH000035822','','MSH000035822','','EDIN HERMAYADI','EDIN HERMAYADI','MEGA STAR AUTOWORKS PT','JL MERUYA ILIR NO 5','','','','JAKARTA BARAT','11620','','NCS','Reguler',1,3,'2021-04-01 10:20:26',1,NULL,NULL,1,NULL,NULL,'705186',1,'2021-04-01 10:09:42','2021-04-01 10:09:42'),(3977,67,'672','MSH000038985','','MSH000038985','','EDI SANTOSA TRILASTONO','EDI SANTOSA TRILASTONO','PERUM TRIDAYA INDAH ESTATE 4','JL BELIMBING BLOK C 17 NO 6','RT 02/12 - TAMBUN','','','BEKASI','17510','','NCS','Reguler',1,3,'2021-04-01 10:20:26',1,NULL,NULL,1,NULL,NULL,'705186',1,'2021-04-01 10:09:42','2021-04-01 10:09:42'),(3978,67,'673','MSH000039049','','MSH000039049','','EDI SANTOSA TRILASTONO','EDI SANTOSA TRILASTONO','PERUM TRIDAYA INDAH ESTATE 4','JL BELIMBING BLOK C 17 NO 6','RT 02/12 - TAMBUN','','','BEKASI','17510','','NCS','Reguler',1,3,'2021-04-01 10:20:26',1,NULL,NULL,1,NULL,NULL,'705186',1,'2021-04-01 10:09:43','2021-04-01 10:09:43'),(3979,67,'674','MSH000054936','','MSH000054936','','YAMASAKTI AGUNG PAMUNGKAS','YAMASAKTI AGUNG PAMUNGKAS','SUZUKI FINANCE INDONESIA PT','CAB.JOGJA','JL SABIRIN  NO 14, KOTA BARU','','','YOGYAKARTA','55000','','NCS','Reguler',1,3,'2021-04-01 10:20:26',1,NULL,NULL,1,NULL,NULL,'705186',1,'2021-04-01 10:09:43','2021-04-01 10:09:43'),(3980,67,'675','MSH000075000','','MSH000075000','','GARDIANA KARNASAPUTRA','GARDIANA KARNASAPUTRA','DWI PUNDI WISATA PT','FIRST CITY COMP BLOK 2#81.41','','','','BATAM','29432','','NCS','Reguler',1,3,'2021-04-01 10:20:26',1,NULL,NULL,1,NULL,NULL,'705186',1,'2021-04-01 10:09:43','2021-04-01 10:09:43'),(3981,67,'676','MSH000079152','','MSH000079152','','DINI AMBARINANTI','DINI AMBARINANTI','JL PANDEGA RINI I NO.1','MANGGUNG SARI DEPOK','SLEMAN','','','YOGYAKARTA','55281','','NCS','Reguler',1,3,'2021-04-01 10:20:26',1,NULL,NULL,1,NULL,NULL,'705186',1,'2021-04-01 10:09:43','2021-04-01 10:09:43'),(3982,67,'677','MSH000079451','','MSH000079451','','ELVITA MAYASARI','ELVITA MAYASARI','JL. BELIANG NO. 036','RT. 002/RW. 018','KEC JAGAN RAYA KOTA PALANGKARAYA','','','PALANGKARAYA','73112','','NCS','Reguler',1,3,'2021-04-01 10:20:26',1,NULL,NULL,1,NULL,NULL,'705186',1,'2021-04-01 10:09:43','2021-04-01 10:09:43'),(3983,67,'678','MSH000083832','','MSH000083832','','SUHARGIO','SUHARGIO','JL INFANTRI NO 37','RT04/19','CILAME PERMAI - CIMAHI','','','BANDUNG','40552','','NCS','Reguler',1,3,'2021-04-01 10:20:26',1,NULL,NULL,1,NULL,NULL,'705186',1,'2021-04-01 10:09:43','2021-04-01 10:09:43'),(3984,67,'679','MSH000084130','','MSH000084130','','KUSUMAJAYA','KUSUMAJAYA','PT PANORAMA TOURS','GEDUNG PANORAMA LT 3','JL TOMANG RAYA NO 63','','','JAKARTA BARAT','11440','','NCS','Reguler',1,3,'2021-04-01 10:20:26',1,NULL,NULL,1,NULL,NULL,'705186',1,'2021-04-01 10:09:43','2021-04-01 10:09:43'),(3985,67,'680','MSH000087700','','MSH000087700','','ENY JULIANINGSIH','ENY JULIANINGSIH','TAMAN BANJAR WIJAYA BLK B 32','NO 10','CIPONDOH','','','TANGERANG','15148','','NCS','Reguler',1,3,'2021-04-01 10:20:26',1,NULL,NULL,1,NULL,NULL,'705186',1,'2021-04-01 10:09:43','2021-04-01 10:09:43'),(3986,67,'681','MSH000087817','','MSH000087817','','ENY JULIANINGSIH','ENY JULIANINGSIH','TAMAN BANJAR WIJAYA BLOK B 32','NO 10 RT 3 RW 6','CIPONDOH','','','TANGERANG','15148','','NCS','Reguler',1,3,'2021-04-01 10:20:26',1,NULL,NULL,1,NULL,NULL,'705186',1,'2021-04-01 10:09:43','2021-04-01 10:09:43'),(3987,67,'682','MSR000010564','','MSR000010564','','LILIK ABSARI SE','LILIK ABSARI SE','VENUS CERAMICA INDONESIA PT','JL ALUN ALUN CONTONG NO 1','RT 01/01','','','SURABAYA','60174','','NCS','Reguler',1,3,'2021-04-01 10:20:26',1,NULL,NULL,1,NULL,NULL,'705186',1,'2021-04-01 10:09:44','2021-04-01 10:09:44'),(3988,67,'683','MSR000010581','','MSR000010581','','LILIK ABSARI SE','LILIK ABSARI SE','VENUS CERAMICA INDONESIA PT','JL ALUN ALUN CONTONG NO 1','RT 01/01','','','SURABAYA','60174','','NCS','Reguler',1,3,'2021-04-01 10:20:26',1,NULL,NULL,1,NULL,NULL,'705186',1,'2021-04-01 10:09:44','2021-04-01 10:09:44'),(3989,67,'684','MSR000010594','','MSR000010594','','DAVID TIONARDI','DAVID TIONARDI','PT.SINAR INTIJAYA PUTRA PERKASA,KAMAL','RY OUTER RING ROAD KOMP CITY RESORT','RESIDENCE RUKAN MALIBU BLK H NO 31A','','','CENGKARENG','11730','','NCS','Reguler',1,3,'2021-04-01 10:20:26',1,NULL,NULL,1,NULL,NULL,'705186',1,'2021-04-01 10:09:44','2021-04-01 10:09:44'),(3990,67,'685','MSR000010595','','MSR000010595','','DAVID TIONARDI','DAVID TIONARDI','PT.SINAR INTIJAYA PUTRA PERKASA,KAMAL','RY OUTER RING ROAD KOMP CITY RESORT','RESIDENCE RUKAN MALIBU BLK H NO. 31A','','','CENGKARENG','11730','','NCS','Reguler',1,3,'2021-04-01 10:20:26',1,NULL,NULL,1,NULL,NULL,'705186',1,'2021-04-01 10:09:44','2021-04-01 10:09:44'),(3991,67,'686','HS0000033782','','HS0000033782','','FATMAWATY','FATMAWATY','INA PERDANA BANK/TELLER','JL ABDUL MUIS NO 40','','','','JAKARTA PUSAT','10160','','NCS','Reguler',1,3,'2021-04-01 10:20:26',1,NULL,NULL,1,NULL,NULL,'705186',1,'2021-04-01 10:09:44','2021-04-01 10:09:44'),(3992,67,'687','MPP000019492','','MPP000019492','','I WAYAN MURIANA','I WAYAN MURIANA','JL RAYA SEMER NO 43','BR PELIATAN KEROBOKAN','BADUNG','','','KUTA','80361','','NCS','Reguler',1,3,'2021-04-01 10:20:26',1,NULL,NULL,1,NULL,NULL,'705186',1,'2021-04-01 10:09:44','2021-04-01 10:09:44'),(3993,67,'688','MSH000024161','','MSH000024161','','IDA YUNIWATI','IDA YUNIWATI','PT KERIS GALLERY/BAG.BUYER','JL BESUKI NO.4A','MENTENG','','','JAKARTA','10310','','NCS','Reguler',1,3,'2021-04-01 10:20:26',1,NULL,NULL,1,NULL,NULL,'705186',1,'2021-04-01 10:09:44','2021-04-01 10:09:44'),(3994,67,'689','MSR000016548','','MSR000016548','','MIRA KADARINI','MIRA KADARINI','JL USAHA NO.43','RT.001/RW.005','DEWI SARTIKA','','','KEL.CAWANG KEC. KRAMATJATI','13630','','NCS','Reguler',1,3,'2021-04-01 10:20:26',1,NULL,NULL,1,NULL,NULL,'705186',1,'2021-04-01 10:09:45','2021-04-01 10:09:45'),(3995,67,'690','HS0000019486','','HS0000019486','','LAUW MEILIANA','LAUW MEILIANA','JL LIBERIA DALAM','GANG III NO 3 RT 10/10','','','','JAKARTA BARAT','11240','','NCS','Reguler',1,3,'2021-04-01 10:20:26',1,NULL,NULL,1,NULL,NULL,'705186',1,'2021-04-01 10:09:45','2021-04-01 10:09:45'),(3996,67,'691','MPP000006706','','MPP000006706','','FAJAR ODIATMA','FAJAR ODIATMA','JL KELAPA SAWIT NO 51 RT 5/8','KEL TANGERANG LABUAI','KEC BUKIT RAYA','','','PEKANBARU','28283','','NCS','Reguler',1,3,'2021-04-01 10:20:26',1,NULL,NULL,1,NULL,NULL,'705186',1,'2021-04-01 10:09:45','2021-04-01 10:09:45'),(3997,67,'692','MSH000010293','','MSH000010293','','AGUSSETIYONO','AGUSSETIYONO','SUMBERDAYA PACIFIC CORP PT','BAG ACCOUNT','CILANDAK COMM ESTATE KAV 110-S','','','JAKARTA SELATAN','12560','','NCS','Reguler',1,3,'2021-04-01 10:20:26',1,NULL,NULL,1,NULL,NULL,'705186',1,'2021-04-01 10:09:45','2021-04-01 10:09:45'),(3998,67,'693','MSH000010755','','MSH000010755','','VINA WIDYA KEMALA','VINA WIDYA KEMALA','JL CENDRAWASIH I BL B NO 45E','RT 01/07 KEL BINTARA','KEC BEKASI BARAT','','','BEKASI','17134','','NCS','Reguler',1,3,'2021-04-01 10:20:26',1,NULL,NULL,1,NULL,NULL,'705186',1,'2021-04-01 10:09:45','2021-04-01 10:09:45'),(3999,67,'694','MSH000024315','','MSH000024315','','ENDANG PRASETIANINGSIH','ENDANG PRASETIANINGSIH','JL CIRENDEU INDAH I NO 37','RT 04/03 KEL PISANGAN CIPUTAT','','','','TANGGERANG','15419','','NCS','Reguler',1,3,'2021-04-01 10:20:26',1,NULL,NULL,1,NULL,NULL,'705186',1,'2021-04-01 10:09:46','2021-04-01 10:09:46'),(4000,67,'695','MSH000024443','','MSH000024443','','OCTO MULYANTO','OCTO MULYANTO','JL ANGGREK NELI MURNI VI AB3','RT 04/01','KEMANGGISAN PALMERAH','','','JAKARTA','11480','','NCS','Reguler',1,3,'2021-04-01 10:20:26',1,NULL,NULL,1,NULL,NULL,'705186',1,'2021-04-01 10:09:46','2021-04-01 10:09:46'),(4001,67,'696','MSR000016311','','MSR000016311','','ALI NUR ROCHMAD','ALI NUR ROCHMAD','JL JENGGOLO 3 NO 145','RT 10 RW 03','PUCANG','','','SIDOARJO','61219','','NCS','Reguler',1,3,'2021-04-01 10:20:26',1,NULL,NULL,1,NULL,NULL,'705186',1,'2021-04-01 10:09:46','2021-04-01 10:09:46'),(4002,67,'697','MSR000016313','','MSR000016313','','ALI NUR ROCHMAD','ALI NUR ROCHMAD','JL JENGGOLO 3 NO 145','RT 10 RW 03','PUCANG','','','SIDOARJO','61219','','NCS','Reguler',1,3,'2021-04-01 10:20:26',1,NULL,NULL,1,NULL,NULL,'705186',1,'2021-04-01 10:09:46','2021-04-01 10:09:46'),(4003,67,'698','CI0000005696','','CI0000005696','','T MELFIZA','T MELFIZA','BANK SUMUT- BAG KEUANGAN','JL IMAM BONJOL NO 18','MEDAN','','','','20153','','NCS','Reguler',1,3,'2021-04-01 10:20:26',1,NULL,NULL,1,NULL,NULL,'705186',1,'2021-04-01 10:09:46','2021-04-01 10:09:46'),(4004,67,'699','CI0000010435','','CI0000010435','','DJANA SOPANDI','DJANA SOPANDI','JL. RAYA DAYEUHKOLOT NO. 137','PASAWAHAN, DAYEUHKOLOT','','','','BANDUNG','40256','','NCS','Reguler',1,3,'2021-04-01 10:20:26',1,NULL,NULL,1,NULL,NULL,'705186',1,'2021-04-01 10:09:46','2021-04-01 10:09:46'),(4005,67,'700','CI0000011325','','CI0000011325','','JEFRI BACHTIAR','JEFRI BACHTIAR','KEMANGGISAN RAYA NO 55/54','RT 08/09','PALMERAH','','','JAKARTA BARAT','11480','','NCS','Reguler',1,3,'2021-04-01 10:20:26',1,NULL,NULL,1,NULL,NULL,'705186',1,'2021-04-01 10:09:46','2021-04-01 10:09:46'),(4006,67,'701','HN0000007809','','HN0000007809','','THIO MAN LIE','THIO MAN LIE','PONDOK HIJAU GOLF','KOMP EMERALD. JL.EMERALD UTARA 3 NO 7','GADING SERPONG-TANGERANG','','','TANGERANG','15000','','NCS','Reguler',1,3,'2021-04-01 10:20:26',1,NULL,NULL,1,NULL,NULL,'705186',1,'2021-04-01 10:09:46','2021-04-01 10:09:46'),(4007,67,'702','HP0000003500','','HP0000003500','','WAWAN HERNAWAN','WAWAN HERNAWAN','KRAKATAU STEEL PT','WISMA BAJA LT 4','JL GATOT SUBROTO KAV 54','','','JAKARTA SELATAN','12940','','NCS','Reguler',1,3,'2021-04-01 10:20:26',1,NULL,NULL,1,NULL,NULL,'705186',1,'2021-04-01 10:09:46','2021-04-01 10:09:46'),(4008,67,'703','HS0000024366','','HS0000024366','','IRWANSYAH RINALDHI','IRWANSYAH RINALDHI','JASA MARGA PT','JL JENDRAL SUDIRMAN KM 08','CIPERNA','','','CIREBON','45144','','NCS','Reguler',1,3,'2021-04-01 10:20:26',1,NULL,NULL,1,NULL,NULL,'705186',1,'2021-04-01 10:09:46','2021-04-01 10:09:46'),(4009,67,'704','HS0000025007','','HS0000025007','','BAPIJONI BOEHIRNO','BAPIJONI BOEHIRNO','INTIKERAMIK ALAMASRI INDUSTRI','KAWASAN INDUSTRI PALM MANIS','DS GANDASARI - JATIUWUNG','','','TANGERANG','15137','','NCS','Reguler',1,3,'2021-04-01 10:20:26',1,NULL,NULL,1,NULL,NULL,'705186',1,'2021-04-01 10:09:46','2021-04-01 10:09:46'),(4010,67,'705','HS1000001078','','HS1000001078','','LAUW MEILIANA','LAUW MEILIANA','JL LIBERIA DALAM','GANG III NO 3 RT 10/10','','','','JAKARTA BARAT','11240','','NCS','Reguler',1,3,'2021-04-01 10:20:26',1,NULL,NULL,1,NULL,NULL,'705186',1,'2021-04-01 10:09:46','2021-04-01 10:09:46'),(4011,67,'706','HS1000001263','','HS1000001263','','EMANUEL JOSEPH RD BOTHA','EMANUEL JOSEPH RD BOTHA','PERUM PAMULANG PERMAI 1','BLOK AX35 NO.6','PAMULANG','','','TANGERANG','15417','','NCS','Reguler',1,3,'2021-04-01 10:20:26',1,NULL,NULL,1,NULL,NULL,'705186',1,'2021-04-01 10:09:47','2021-04-01 10:09:47'),(4012,67,'707','LP2000011665','','LP2000011665','','MELINA ANJANI','MELINA ANJANI','JL KAMPUNG PASIR IPIS','NO 2 RT 5 RW 8','KARANG ASEM BARAT CITEUREUP','','','CIBINONG','16810','','NCS','Reguler',1,3,'2021-04-01 10:20:26',1,NULL,NULL,1,NULL,NULL,'705186',1,'2021-04-01 10:09:47','2021-04-01 10:09:47'),(4013,67,'708','LPS000016641','','LPS000016641','','DESAK MADE INTAN SARI','DESAK MADE INTAN SARI','KP BULAK NO 8','RT 08/011','JATI RAHAYU, PONDOK GEDE','','','BEKASI','17414','','NCS','Reguler',1,3,'2021-04-01 10:20:26',1,NULL,NULL,1,NULL,NULL,'705186',1,'2021-04-01 10:09:47','2021-04-01 10:09:47'),(4014,67,'709','MPP000017240','','MPP000017240','','OEY CHRIESTIANA','OEY CHRIESTIANA','JL PALEM LESTARI BLOK B.19','NO.2 RT.10 / RW.13','CENGKARENG BARAT','','','JAKARTA BARAT','11730','','NCS','Reguler',1,3,'2021-04-01 10:20:26',1,NULL,NULL,1,NULL,NULL,'705186',1,'2021-04-01 10:09:47','2021-04-01 10:09:47'),(4015,67,'710','MSH000014215','','MSH000014215','','IGNATIUS RONY S','IGNATIUS RONY S','PERUMAHAN ALAM SUTRA','BLOK SUTRA FLAMBOYAN VII NO 11','RT 05/11 - SERPONG','','','TANGERANG','15000','','NCS','Reguler',1,3,'2021-04-01 10:20:26',1,NULL,NULL,1,NULL,NULL,'705186',1,'2021-04-01 10:09:47','2021-04-01 10:09:47'),(4016,67,'711','MSH000026593','','MSH000026593','','ROBERT WIJAYA','ROBERT WIJAYA','JL KARTINI 13 DALAM GANG SD 1','NO 15 RT 11/09','KARTINI - SAWAH BESAR','','','JAKARTA PUSAT','10750','','NCS','Reguler',1,3,'2021-04-01 10:20:26',1,NULL,NULL,1,NULL,NULL,'705186',1,'2021-04-01 10:09:47','2021-04-01 10:09:47'),(4017,67,'712','MSH000080085','','MSH000080085','','GALIH KUSUMAH','GALIH KUSUMAH','PERUM BANTAR JATI PERMAI','JL GANDARIA II','BLOK D3 NO 3','','','BOGOR','16152','','NCS','Reguler',1,3,'2021-04-01 10:20:26',1,NULL,NULL,1,NULL,NULL,'705186',1,'2021-04-01 10:09:47','2021-04-01 10:09:47'),(4018,67,'713','MSH000080203','','MSH000080203','','GALIH KUSUMAH','GALIH KUSUMAH','PERUM BANTAR JATI PERMAI','JL GANDARIA II','BLOK D3 NO 3','','','BOGOR','16152','','NCS','Reguler',1,3,'2021-04-01 10:20:26',1,NULL,NULL,1,NULL,NULL,'705186',1,'2021-04-01 10:09:47','2021-04-01 10:09:47'),(4019,67,'714','MSH000095969','','MSH000095969','','TUNJUNG LUKITO H','TUNJUNG LUKITO H','JL DELIMA VI NO 86','RT 04/05','MALAKA SARI - DUREN SAWIT','','','JAKARTA TIMUR','13470','','NCS','Reguler',1,3,'2021-04-01 10:20:26',1,NULL,NULL,1,NULL,NULL,'705186',1,'2021-04-01 10:09:47','2021-04-01 10:09:47'),(4020,67,'715','MSH000096593','','MSH000096593','','HERMAWAN','HERMAWAN','JL KEMANGGISAN PULO NO 37A','KEL PALMERAH - KEC PALMERAH','RT 05/17','','','JAKARTA BARAT','11480','','NCS','Reguler',1,3,'2021-04-01 10:20:26',1,NULL,NULL,1,NULL,NULL,'705186',1,'2021-04-01 10:09:48','2021-04-01 10:09:48'),(4021,67,'716','MSH000096660','','MSH000096660','','MUNDI SILO UTAMI','MUNDI SILO UTAMI','BINTARO JAYA SEKTOR 3A','JL MANDAR 14 DD 3 NO 7','BINTARO JAYA - PONDOK AREN','','','TANGERANG','15225','','NCS','Reguler',1,3,'2021-04-01 10:20:26',1,NULL,NULL,1,NULL,NULL,'705186',1,'2021-04-01 10:09:48','2021-04-01 10:09:48'),(4022,67,'717','MSH000106488','','MSH000106488','','UTO','UTO','PT SUMBER MITRA SEJATI JAYA','JL RAYA KEMANG PARUNG KM 15 NO.699','KEMANG','','','BOGOR','16000','','NCS','Reguler',1,3,'2021-04-01 10:20:26',1,NULL,NULL,1,NULL,NULL,'705186',1,'2021-04-01 10:09:48','2021-04-01 10:09:48'),(4023,67,'718','MSH000106489','','MSH000106489','','UTO','UTO','PT SUMBER MITRA SEJATI JAYA','JL RAYA KEMANG PARUNG KM 15 NO.699','KEMANG','','','BOGOR','16000','','NCS','Reguler',1,3,'2021-04-01 10:20:26',1,NULL,NULL,1,NULL,NULL,'705186',1,'2021-04-01 10:09:48','2021-04-01 10:09:48'),(4024,67,'719','MSH000106645','','MSH000106645','','MADYANA','MADYANA','JL TEDUH BESINAR BLOK D NO:18','KOMP GRIYA FAJAR MAS','UJUNG PANDANG','','','MAKASSAR','90221','','NCS','Reguler',1,3,'2021-04-01 10:20:26',1,NULL,NULL,1,NULL,NULL,'705186',1,'2021-04-01 10:09:48','2021-04-01 10:09:48'),(4025,67,'720','MSH000108606','','MSH000108606','','NI KOMANG SRI WAHYUNI','NI KOMANG SRI WAHYUNI','FEDERAL INTL FINANCE PT','BAGIAN NARKETING','JL GATOT SUBROTO NO 18D','','','DENPASAR','80231','','NCS','Reguler',1,3,'2021-04-01 10:20:26',1,NULL,NULL,1,NULL,NULL,'705186',1,'2021-04-01 10:09:48','2021-04-01 10:09:48'),(4026,67,'721','MSH000108607','','MSH000108607','','NI KOMANG SRI WAHYUNI','NI KOMANG SRI WAHYUNI','FEDERAL INTL FINANCE PT','BAGIAN NARKETING','JL GATOT SUBROTO NO 18D','','','DENPASAR','80231','','NCS','Reguler',1,3,'2021-04-01 10:20:26',1,NULL,NULL,1,NULL,NULL,'705186',1,'2021-04-01 10:09:48','2021-04-01 10:09:48'),(4027,67,'722','MSH000110885','','MSH000110885','','SUSANTI','SUSANTI','A LIFEBUILDING','PERUM GREEN VILLE BLOK R NO.44','TANJUNG DUREN','','','JAKARTA','11470','','NCS','Reguler',1,3,'2021-04-01 10:20:26',1,NULL,NULL,1,NULL,NULL,'705186',1,'2021-04-01 10:09:48','2021-04-01 10:09:48'),(4028,67,'723','MSR000014558','','MSR000014558','','FAIZAL ACHMAD','FAIZAL ACHMAD','INDONESIA PRINTER PT - PRODUKSI','JLN INDUSTRI RAYA 4','BLOK AG 8 JATAKE','','','TANGERANG','15136','','NCS','Reguler',1,3,'2021-04-01 10:20:26',1,NULL,NULL,1,NULL,NULL,'705186',1,'2021-04-01 10:09:48','2021-04-01 10:09:48'),(4029,67,'724','FP0001018463','','FP0001018463','','ARINI','ARINI','PERUM CITRA 5 BL A-5 NO 40A','RT 02/10','KAMAL KALIDERES','','','JAKARTA BARAT','11810','','NCS','Reguler',1,3,'2021-04-01 10:20:26',1,NULL,NULL,1,NULL,NULL,'705186',1,'2021-04-01 10:09:49','2021-04-01 10:09:49'),(4030,67,'725','FP0001018481','','FP0001018481','','ASEP APAT','ASEP APAT','KP.CICARINGIN RT.01/07','DS.MANDALAWANGI','CIPATAT','','','BANDUNG','40554','','NCS','Reguler',1,3,'2021-04-01 10:20:26',1,NULL,NULL,1,NULL,NULL,'705186',1,'2021-04-01 10:09:49','2021-04-01 10:09:49'),(4031,67,'726','FP0001026368','','FP0001026368','','EGA CHRISTIAN ADHIATAMA','EGA CHRISTIAN ADHIATAMA','JL PERTANIAN GG.SALAK NO.17','BANGUNTAPAN RT12 RW21','BANTUL','','','YOGYAKARTA','55198','','NCS','Reguler',1,3,'2021-04-01 10:20:26',1,NULL,NULL,1,NULL,NULL,'705186',1,'2021-04-01 10:09:49','2021-04-01 10:09:49'),(4032,67,'727','LPS000011622','','LPS000011622','','GIRI YUDHONO','GIRI YUDHONO','KOMPLEK BINA MARGA NO 63','KEL CIPAYUNG JKT TIMUR','','','','JAKARTA TIMUR','13840','','NCS','Reguler',1,3,'2021-04-01 10:20:26',1,NULL,NULL,1,NULL,NULL,'705186',1,'2021-04-01 10:09:49','2021-04-01 10:09:49'),(4033,67,'728','LPS000012611','','LPS000012611','','ACHMAD WIROHADI KUSUMO','ACHMAD WIROHADI KUSUMO','JL PONDOK BENOWO INDAH','BLOK AJ / 2','BENOWO','','','SURABAYA','60197','','NCS','Reguler',1,3,'2021-04-01 10:20:26',1,NULL,NULL,1,NULL,NULL,'705186',1,'2021-04-01 10:09:49','2021-04-01 10:09:49'),(4034,67,'729','LPS000012862','','LPS000012862','','DJOKO PURNOMO','DJOKO PURNOMO','PT.GRAHA INDOTAMA TARAMADINA','RUKO NIAGA KALIMAS 1 BLK.C NO.15','JL.KH NUR ALI, JATUMULYA','','','BOGOR','17510','','NCS','Reguler',1,3,'2021-04-01 10:20:26',1,NULL,NULL,1,NULL,NULL,'705186',1,'2021-04-01 10:09:49','2021-04-01 10:09:49'),(4035,67,'730','MPP000009037','','MPP000009037','','WELIANA','WELIANA','PERUM PREMIER VILLAGE','BLOK I NO.1 CIPONDOH','BANTEN','','','TANGERANG','15148','','NCS','Reguler',1,3,'2021-04-01 10:20:26',1,NULL,NULL,1,NULL,NULL,'705186',1,'2021-04-01 10:09:49','2021-04-01 10:09:49'),(4036,67,'731','MPP000010699','','MPP000010699','','DEDE HASYIM GUNAWAN','DEDE HASYIM GUNAWAN','TKI 1 GG PASAR SAYATI INDAH II','DPN RUKO 13 RT 02/03 DS SAYATI','KEC MARGAHAYU','','','BANDUNG','40228','','NCS','Reguler',1,3,'2021-04-01 10:20:26',1,NULL,NULL,1,NULL,NULL,'705186',1,'2021-04-01 10:09:49','2021-04-01 10:09:49'),(4037,67,'732','MPP000019291','','MPP000019291','','MUHAMMAD NUR CHOLIS','MUHAMMAD NUR CHOLIS','INDOMARCO PRISMATAMA PT','JL JENGGALA NO 22','GEDANGAN, SIDOARJO','','','SURABAYA','61254','','NCS','Reguler',1,3,'2021-04-01 10:20:26',1,NULL,NULL,1,NULL,NULL,'705186',1,'2021-04-01 10:09:49','2021-04-01 10:09:49'),(4038,67,'733','MSR000010178','','MSR000010178','','TETY','TETY','JL KALI SARI NO 18','RT 01/10','PEKAYON - PASAR REBO','','','JAKARTA TIMUR','13710','','NCS','Reguler',1,3,'2021-04-01 10:20:26',1,NULL,NULL,1,NULL,NULL,'705186',1,'2021-04-01 10:09:49','2021-04-01 10:09:49'),(4039,67,'734','MSR000014592','','MSR000014592','','FARLIYANI FATULLAH','FARLIYANI FATULLAH','PT TELKOM-DIV TMCC','GEDUNG TELKOM LT 1','JL MATRAMAN RAYA NO 122','','','JAKARTA TIMUR','13000','','NCS','Reguler',1,3,'2021-04-01 10:20:26',1,NULL,NULL,1,NULL,NULL,'705186',1,'2021-04-01 10:09:50','2021-04-01 10:09:50'),(4040,67,'735','FP0001012536','','FP0001012536','','RENY INDRIYANI','RENY INDRIYANI','KOTA WISATA PESONA VANCUKER','BLOK UA 7 NO.17','CIBUBUR','','','JAKARTA TIMUR','14230','','NCS','Reguler',1,3,'2021-04-01 10:20:26',1,NULL,NULL,1,NULL,NULL,'705186',1,'2021-04-01 10:09:50','2021-04-01 10:09:50'),(4041,67,'736','FP0001013429','','FP0001013429','','ZARAH ATINTA RATIH KUMALA','ZARAH ATINTA RATIH KUMALA','NAYU UTARA RT.02/03 KADIPIRO,','BANJARSARI,','SURAKARTA','','','SOLO','57136','','NCS','Reguler',1,3,'2021-04-01 10:20:26',1,NULL,NULL,1,NULL,NULL,'705186',1,'2021-04-01 10:09:50','2021-04-01 10:09:50'),(4042,67,'737','FP0001023951','','FP0001023951','','YENNI','YENNI','JL. BALAM NO 52','LK 13 SEI SIKAMBING B','MDN SUNGGAL','','','MEDAN','20128','','NCS','Reguler',1,3,'2021-04-01 10:20:26',1,NULL,NULL,1,NULL,NULL,'705186',1,'2021-04-01 10:09:50','2021-04-01 10:09:50'),(4043,67,'738','FP0001026710','','FP0001026710','','CHARIDA RIZKIANI','CHARIDA RIZKIANI','KP.BOJONG KONENG ATAS I NO.19','RT.001/015 CIBEUNYING','CIMENYAN','','','BANDUNG','40191','','NCS','Reguler',1,3,'2021-04-01 10:20:26',1,NULL,NULL,1,NULL,NULL,'705186',1,'2021-04-01 10:09:50','2021-04-01 10:09:50'),(4044,67,'739','FP0001026726','','FP0001026726','','ERASTUS SUNARIO, SE','ERASTUS SUNARIO, SE','PERUM PONDOK TJANDRA INDAH','JL JAMBU XI NO. E149','','','','SIDOARJO','61256','','NCS','Reguler',1,3,'2021-04-01 10:20:26',1,NULL,NULL,1,NULL,NULL,'705186',1,'2021-04-01 10:09:50','2021-04-01 10:09:50'),(4045,67,'740','FP0001033414','','FP0001033414','','JEANETTE AGATHA CHRISTINE G','JEANETTE AGATHA CHRISTINE G','JL. CEMARA V NO. 15/181','RT 02 RW 01 KEL. PASTEUR','KEC. SUKAJADI, BANDUNG','','','BANDUNG','40161','','NCS','Reguler',1,3,'2021-04-01 10:20:26',1,NULL,NULL,1,NULL,NULL,'705186',1,'2021-04-01 10:09:50','2021-04-01 10:09:50'),(4046,67,'741','MPP000020287','','MPP000020287','','JONNY REMUSEMI W','JONNY REMUSEMI W','JL.H.TOPEK','NO.5','','','','BANDUNG','40242','','NCS','Reguler',1,3,'2021-04-01 10:20:26',1,NULL,NULL,1,NULL,NULL,'705186',1,'2021-04-01 10:09:50','2021-04-01 10:09:50'),(4047,67,'742','MSR000011025','','MSR000011025','','RAMADHIAN SUSILOWATI WULANDARI','RAMADHIAN SUSILOWATI WULANDARI','KOMP TNI AL DEWARUCI','JL ANGIN KUMBANG NO 93H','RT 08/11 CILINCING','','','JAKARTA UTARA','14130','','NCS','Reguler',1,3,'2021-04-01 10:20:26',1,NULL,NULL,1,NULL,NULL,'705186',1,'2021-04-01 10:09:50','2021-04-01 10:09:50'),(4048,67,'743','MSR000011034','','MSR000011034','','RAMADHIAN SUSILOWATI WULANDARI','RAMADHIAN SUSILOWATI WULANDARI','KOMP TNI AL DEWARUCI','JL ANGIN KUMBANG NO 93H','RT 08/11 CILINCING','','','JAKARTA UTARA','14130','','NCS','Reguler',1,3,'2021-04-01 10:20:26',1,NULL,NULL,1,NULL,NULL,'705186',1,'2021-04-01 10:09:50','2021-04-01 10:09:50'),(4049,67,'744','FP0001011975','','FP0001011975','','DIAN PUSPITA','DIAN PUSPITA','JL SUKARAJA II NO. 295','RT 02 RW 06','','','','BANDUNG','40175','','NCS','Reguler',1,3,'2021-04-01 10:20:26',1,NULL,NULL,1,NULL,NULL,'705186',1,'2021-04-01 10:09:51','2021-04-01 10:09:51'),(4050,67,'745','FP0001024535','','FP0001024535','','I GEDE MADE RUMAWAN','I GEDE MADE RUMAWAN','JL.WIBISANA','GG.MEKAR VI NO.4','DENPASAR','','','KUTA','80118','','NCS','Reguler',1,3,'2021-04-01 10:20:26',1,NULL,NULL,1,NULL,NULL,'705186',1,'2021-04-01 10:09:51','2021-04-01 10:09:51'),(4051,67,'746','LPS000013010','','LPS000013010','','HERRY WANTO ISWONO','HERRY WANTO ISWONO','JL CIBADAK','NO 77','ASTANAANYAR','','','BANDUNG','40241','','NCS','Reguler',1,3,'2021-04-01 10:20:26',1,NULL,NULL,1,NULL,NULL,'705186',1,'2021-04-01 10:09:51','2021-04-01 10:09:51'),(4052,67,'747','MPP000013545','','MPP000013545','','MARIANI SITINJAK','MARIANI SITINJAK','RUKO APARTEMEN PESONA BAHARI','BLOK R NO.19 JL.MANGGA DUA','ABDAD','','','JAKARTA UTARA','10730','','NCS','Reguler',1,3,'2021-04-01 10:20:26',1,NULL,NULL,1,NULL,NULL,'705186',1,'2021-04-01 10:09:51','2021-04-01 10:09:51'),(4053,67,'748','MPP000013565','','MPP000013565','','FEBBRIYANI KURNIA WAHYU WIDIA','FEBBRIYANI KURNIA WAHYU WIDIA','BUANA UTAMA PT(FINANCE)','JL.BOULEVRD RAYA RUKO ALICANTE','BLOK A/23 PARAMOUNT SERPONG','','','JAKARTA','15810','','NCS','Reguler',1,3,'2021-04-01 10:20:26',1,NULL,NULL,1,NULL,NULL,'705186',1,'2021-04-01 10:09:51','2021-04-01 10:09:51'),(4054,67,'749','MPP000018689','','MPP000018689','','ADITHIA WISNU WARDHANA','ADITHIA WISNU WARDHANA','JL SULFUR BLOK E NO.3 CIPUTAT','BARU RT10/08 SAWAH CIPUTAT','','','','TANGERANG','15411','','NCS','Reguler',1,3,'2021-04-01 10:20:26',1,NULL,NULL,1,NULL,NULL,'705186',1,'2021-04-01 10:09:51','2021-04-01 10:09:51'),(4055,67,'750','FP0001009738','','FP0001009738','','YAYAT SURYANA','YAYAT SURYANA','JL.TERS SURYANI NO.51/193B','GG.AL HUDA RT.01 RW.02','BABAKAN','','','BANDUNG','40222','','NCS','Reguler',1,3,'2021-04-01 10:20:26',1,NULL,NULL,1,NULL,NULL,'705186',1,'2021-04-01 10:09:52','2021-04-01 10:09:52'),(4056,67,'751','FP0001009848','','FP0001009848','','EARLY YOHANNA APRYL','EARLY YOHANNA APRYL','BTN BUMI MAS','BERLIN II BLOK E4 NO.9','DS SIRNA GALIH RT.05/07','','','CIANJUR','43285','','NCS','Reguler',1,3,'2021-04-01 10:20:26',1,NULL,NULL,1,NULL,NULL,'705186',1,'2021-04-01 10:09:52','2021-04-01 10:09:52'),(4057,67,'752','FP0001021279','','FP0001021279','','JUNIAR SAFITRI','JUNIAR SAFITRI','JL.BANDAR BARU NO.7-C','SIDODADI MEDAN TIMUR','','','','MEDAN','20235','','NCS','Reguler',1,3,'2021-04-01 10:20:26',1,NULL,NULL,1,NULL,NULL,'705186',1,'2021-04-01 10:09:52','2021-04-01 10:09:52'),(4058,67,'753','FP0001029028','','FP0001029028','','SUJIANTO','SUJIANTO','BUMI JAWA SENTOSA,PT.','GD.PALMA ONE LT.15','HR.RASUNA SAID X-2/4','','','JAKARTA SELATAN','12950','','NCS','Reguler',1,3,'2021-04-01 10:20:26',1,NULL,NULL,1,NULL,NULL,'705186',1,'2021-04-01 10:09:52','2021-04-01 10:09:52'),(4059,67,'754','MPP000017930','','MPP000017930','','ANNIE WONG','ANNIE WONG','EMAS RATU TOKO','EMAS RATU TOKO','JL SOMBA OPU NO 143/161, MAK','','','MAKASSAR','90112','','NCS','Reguler',1,3,'2021-04-01 10:20:26',1,NULL,NULL,1,NULL,NULL,'705186',1,'2021-04-01 10:09:53','2021-04-01 10:09:53'),(4060,67,'755','FP0001009327','','FP0001009327','','IQBAL PRIBADI','IQBAL PRIBADI','RSS SIDODADI BLOK D NO.327','KEL.PASIR KAREMBI/SUBANG','','','','SUBANG','41211','','NCS','Reguler',1,3,'2021-04-01 10:20:26',1,NULL,NULL,1,NULL,NULL,'705186',1,'2021-04-01 10:09:53','2021-04-01 10:09:53'),(4061,67,'756','FP0001013926','','FP0001013926','','DENOK WIDYAWATI','DENOK WIDYAWATI','JL DR DJUNJUNAN NO. 153','','','','','BANDUNG','40173','','NCS','Reguler',1,3,'2021-04-01 10:20:26',1,NULL,NULL,1,NULL,NULL,'705186',1,'2021-04-01 10:09:53','2021-04-01 10:09:53'),(4062,67,'757','FP0001014455','','FP0001014455','','SRI YULIATI','SRI YULIATI','JL KARONSIH UTARA VIII / 364','NGALIYAN','','','','SEMARANG','50181','','NCS','Reguler',1,3,'2021-04-01 10:20:26',1,NULL,NULL,1,NULL,NULL,'705186',1,'2021-04-01 10:09:53','2021-04-01 10:09:53'),(4063,67,'758','FP0001019559','','FP0001019559','','HAFISYAH NOVITA SINAGA','HAFISYAH NOVITA SINAGA','JL.KEDONGDONG IV NO.69','PERUMNAS BATU VI','','','','PEMATANGSIANTAR','21151','','NCS','Reguler',1,3,'2021-04-01 10:20:26',1,NULL,NULL,1,NULL,NULL,'705186',1,'2021-04-01 10:09:53','2021-04-01 10:09:53'),(4064,67,'759','FP0001024738','','FP0001024738','','NOVIA SUSANTI','NOVIA SUSANTI','JL KOTA BAMBU SELATAN 11/21','RT 8/8','KOTA BAMBU SLTN','','','JAKARTA BARAT','11420','','NCS','Reguler',1,3,'2021-04-01 10:20:26',1,NULL,NULL,1,NULL,NULL,'705186',1,'2021-04-01 10:09:53','2021-04-01 10:09:53'),(4065,67,'760','LPS000010002','','LPS000010002','','SERA NOVIANY','SERA NOVIANY','THE BOULEVARD APARTEMENT','UNIT 12Q','JL FACHRUDIN RAYA NO 5','','','JAKARTA PUSAT','10250','','NCS','Reguler',1,3,'2021-04-01 10:20:26',1,NULL,NULL,1,NULL,NULL,'705186',1,'2021-04-01 10:09:53','2021-04-01 10:09:53'),(4066,67,'761','MPP000008113','','MPP000008113','','MUHAMAD NUR','MUHAMAD NUR','JL.BUDIMULIA NO.06 RT.01/13','PADEMANGAN BARAT','PADEMANGAN','','','JAKARTA UTARA','14410','','NCS','Reguler',1,3,'2021-04-01 10:20:26',1,NULL,NULL,1,NULL,NULL,'705186',1,'2021-04-01 10:09:53','2021-04-01 10:09:53'),(4067,67,'762','FP0001011097','','FP0001011097','','AGUS HELMI','AGUS HELMI','JL ABDUL RAHMAN SALEH NO 2 RT 10','KEL PALMERAH KEC :JAMBI SELATAN','','','','JAMBI  SELATAN','36000','','NCS','Reguler',1,3,'2021-04-01 10:20:26',1,NULL,NULL,1,NULL,NULL,'705186',1,'2021-04-01 10:09:54','2021-04-01 10:09:54'),(4068,67,'763','FP0001021373','','FP0001021373','','LIMINIATI','LIMINIATI','JL PADANG','GRIYA PERUM SASTRA','LOKA A8','','','DENPASAR','80117','','NCS','Reguler',1,3,'2021-04-01 10:20:26',1,NULL,NULL,1,NULL,NULL,'705186',1,'2021-04-01 10:09:54','2021-04-01 10:09:54'),(4069,67,'764','FP0001021445','','FP0001021445','','YAN NURUL HAKIM','YAN NURUL HAKIM','JL CEMPAKA NO.135 C','PERUM DUTA KRANJI','','','','BEKASI','17135','','NCS','Reguler',1,3,'2021-04-01 10:20:26',1,NULL,NULL,1,NULL,NULL,'705186',1,'2021-04-01 10:09:54','2021-04-01 10:09:54'),(4070,67,'765','FP0001022122','','FP0001022122','','GUNAWAN','GUNAWAN','JL.BUDI MULIA NO.21','GG E-1 RT.010/005','PADEMANGAN BARAT','','','JAKARTA UTARA','14420','','NCS','Reguler',1,3,'2021-04-01 10:20:26',1,NULL,NULL,1,NULL,NULL,'705186',1,'2021-04-01 10:09:54','2021-04-01 10:09:54'),(4071,67,'766','FP0001033927','','FP0001033927','','JULIA PURBASARI B PANGGABEAN','JULIA PURBASARI B PANGGABEAN','JL SWAKARSA 4 NO 23','RT 04/02, PONDOK KELAPA','DUREN SAWIT','','','JAKARTA TIMUR','13450','','NCS','Reguler',1,3,'2021-04-01 10:20:26',1,NULL,NULL,1,NULL,NULL,'705186',1,'2021-04-01 10:09:54','2021-04-01 10:09:54'),(4072,67,'767','FP0001033992','','FP0001033992','','SUPENDI ISKANDAR','SUPENDI ISKANDAR','JL CITRA INDAH V C38 RT 02/20','DS JAYA MEKAR PADALARANG','','','','BANDUNG','40553','','NCS','Reguler',1,3,'2021-04-01 10:20:26',1,NULL,NULL,1,NULL,NULL,'705186',1,'2021-04-01 10:09:54','2021-04-01 10:09:54'),(4073,67,'768','LPS000010157','','LPS000010157','','DEVIMAZ GUSMAL','DEVIMAZ GUSMAL','JL BENDA IV NO 23','RT 04/07','KEBAYORAN BARU, PULO','','','JAKARTA SELATAN','12160','','NCS','Reguler',1,3,'2021-04-01 10:20:26',1,NULL,NULL,1,NULL,NULL,'705186',1,'2021-04-01 10:09:54','2021-04-01 10:09:54'),(4074,67,'769','MPP000016459','','MPP000016459','','DARMAJA','DARMAJA','PT.MITRA ABADI SUKSES SEJAHTERA','MARKETING OFFICE BELMON RESIDENCE','JL.LAPANGAN BOLA MERUYA ILIR KEMBANGAN','','','JAKARTA BARAT','11620','','NCS','Reguler',1,3,'2021-04-01 10:20:26',1,NULL,NULL,1,NULL,NULL,'705186',1,'2021-04-01 10:09:54','2021-04-01 10:09:54'),(4075,67,'770','FP0001009411','','FP0001009411','','MUGIYONO','MUGIYONO','JL. RENGROD SELATAN','NO. 340A','DONGGELAN','','','YOGYAKARTA','55000','','NCS','Reguler',1,3,'2021-04-01 10:20:26',1,NULL,NULL,1,NULL,NULL,'705186',1,'2021-04-01 10:09:54','2021-04-01 10:09:54'),(4076,67,'771','FP0001012071','','FP0001012071','','PUTU SANIYASA','PUTU SANIYASA','JL.KERTA DALEM SARI IV BLOK A','NO.1 KERTA SARI-SIDAKARYA','','','','DENPASAR','80224','','NCS','Reguler',1,3,'2021-04-01 10:20:26',1,NULL,NULL,1,NULL,NULL,'705186',1,'2021-04-01 10:09:54','2021-04-01 10:09:54'),(4077,67,'772','FP0001016578','','FP0001016578','','SRI JULIANA ASTUTI','SRI JULIANA ASTUTI','JL.KANDANGAN GUNUNG DARMA','RT/RW.04/01','KEC.BENOWO','','','SURABAYA','60199','','NCS','Reguler',1,3,'2021-04-01 10:20:26',1,NULL,NULL,1,NULL,NULL,'705186',1,'2021-04-01 10:09:54','2021-04-01 10:09:54'),(4078,67,'773','LPS000014052','','LPS000014052','','IGNATIUS RONY S','IGNATIUS RONY S','LG ELECTRONICS INDONESIA PT','GEDUNG MASPION PLAZA LANTAI 5','JL GUNUNG SAHARI RAYA NO 18','','','JAKARTA UTARA','14420','','NCS','Reguler',1,3,'2021-04-01 10:20:26',1,NULL,NULL,1,NULL,NULL,'705186',1,'2021-04-01 10:09:55','2021-04-01 10:09:55'),(4079,67,'774','MPP000014447','','MPP000014447','','RISONI ARLIN','RISONI ARLIN','KAVLING DPRD BLK B NO 1','RT 06 RW 05, JATINEGARA','CAKUNG','','','JAKARTA TIMUR','10730','','NCS','Reguler',1,3,'2021-04-01 10:20:26',1,NULL,NULL,1,NULL,NULL,'705186',1,'2021-04-01 10:09:55','2021-04-01 10:09:55'),(4080,67,'775','MPP000006381','','MPP000006381','','ENDDY WYE PANGESTU','ENDDY WYE PANGESTU','JL.WR.SUPRATMAN','SINTANG','TOKO EMAS NIKKO','','','SINTANG','78614','','NCS','Reguler',1,3,'2021-04-01 10:20:26',1,NULL,NULL,1,NULL,NULL,'705186',1,'2021-04-01 10:09:55','2021-04-01 10:09:55'),(4081,67,'776','LPS000017136','','LPS000017136','','HAK MING','HAK MING','GOLDEN KIRING KOPI','JL. PARIGATA NO. 708','KAMPUS UNUD','','','JIMBARAN','80364','','NCS','Reguler',1,3,'2021-04-01 10:20:26',1,NULL,NULL,1,NULL,NULL,'705186',1,'2021-04-01 10:09:55','2021-04-01 10:09:55'),(4082,67,'777','MPP000015922','','MPP000015922','','SAKSONO KURNIAWAN','SAKSONO KURNIAWAN','WONOREJO','RT 013/001','JEPARA','','','KUDUS','59431','','NCS','Reguler',1,3,'2021-04-01 10:20:26',1,NULL,NULL,1,NULL,NULL,'705186',1,'2021-04-01 10:09:55','2021-04-01 10:09:55'),(4083,67,'778','FP0001023300','','FP0001023300','','REZA FRIANDA','REZA FRIANDA','JL.AKASIA I NO.5','RT.06/06 KEL.DURIAN','KEC.MEDAN TIMUR','','','MEDAN','20124','','NCS','Reguler',1,3,'2021-04-01 10:20:26',1,NULL,NULL,1,NULL,NULL,'705186',1,'2021-04-01 10:09:55','2021-04-01 10:09:55'),(4084,67,'779','FP0001025792','','FP0001025792','','NUR HELYAWATI','NUR HELYAWATI','JL CIBOLERANG KP PANGKALAN','NO. 98  RT 02/06 KEL MGHY UTARA','KEC BBK CIPARAY','','','BANDUNG','40224','','NCS','Reguler',1,3,'2021-04-01 10:20:26',1,NULL,NULL,1,NULL,NULL,'705186',1,'2021-04-01 10:09:55','2021-04-01 10:09:55'),(4085,67,'780','MF0000011712','','MF0000011712','','ASAN BIN HALIM','ASAN BIN HALIM','JL.RAYA KEBON JERUK','NO.20 RT.003/009','KEBON JERUK','','','JAKARTA BARAT','11530','','NCS','Reguler',1,3,'2021-04-01 10:20:26',1,NULL,NULL,1,NULL,NULL,'705186',1,'2021-04-01 10:09:55','2021-04-01 10:09:55'),(4086,67,'781','MSR000015072','','MSR000015072','','ASWIR','ASWIR','JL MARGA SATWA BARAT','RT 1/6 NO 13 GG MELATI','JAGAKARSA','','','JAKARTA SELATAN','12620','','NCS','Reguler',1,3,'2021-04-01 10:20:26',1,NULL,NULL,1,NULL,NULL,'705186',1,'2021-04-01 10:09:55','2021-04-01 10:09:55'),(4087,67,'782','MSR000015390','','MSR000015390','','LUSI NOVIYANTI','LUSI NOVIYANTI','KOMPLEK PEMDA BEKASI','GATOT KACA 3/14 BL B RT 03/01','JATIASIH','','','BEKASI','17423','','NCS','Reguler',1,3,'2021-04-01 10:20:26',1,NULL,NULL,1,NULL,NULL,'705186',1,'2021-04-01 10:09:56','2021-04-01 10:09:56'),(4088,67,'783','FP0001010419','','FP0001010419','','MARLISA KURNIATI','MARLISA KURNIATI','BUKIT CIREUNDE','JL.BUKIT VIII','BLOK C/5 NO.11','','','TANGERANG','15419','','NCS','Reguler',1,3,'2021-04-01 10:20:26',1,NULL,NULL,1,NULL,NULL,'705186',1,'2021-04-01 10:09:56','2021-04-01 10:09:56'),(4089,67,'784','FP0001010459','','FP0001010459','','NYOMAN SUDIWIRAWAN','NYOMAN SUDIWIRAWAN','PT ALTAN TEGUH SEJATI','JAB PROCESING','JL RADIAL NO 2881','','','PALEMBANG','30000','','NCS','Reguler',1,3,'2021-04-01 10:20:26',1,NULL,NULL,1,NULL,NULL,'705186',1,'2021-04-01 10:09:56','2021-04-01 10:09:56'),(4090,67,'785','FP0001011430','','FP0001011430','','NI MADE LAKSMI','NI MADE LAKSMI','PURI GUNUNG ANYAR REGENCY BLOK K NO.7','KEL. GUNUNG ANYAR KEC. GUNUNG ANYAR','SURABAYA','','','SURABAYA','60295','','NCS','Reguler',1,3,'2021-04-01 10:20:26',1,NULL,NULL,1,NULL,NULL,'705186',1,'2021-04-01 10:09:56','2021-04-01 10:09:56'),(4091,67,'786','MSR000014206','','MSR000014206','','MUHAMMAD ARIADILLA','MUHAMMAD ARIADILLA','JL RADIO DALAM ANTENA VI','GANG ERKI NO. 4A RT 05 RW 02','GANDARIA UTARA','','','JAKARTA SELATAN','12140','','NCS','Reguler',1,3,'2021-04-01 10:20:26',1,NULL,NULL,1,NULL,NULL,'705186',1,'2021-04-01 10:09:56','2021-04-01 10:09:56'),(4092,67,'787','FP0001008970','','FP0001008970','','R SETYA DEWI','R SETYA DEWI','DEWATA MOTOR,PT','JL.IMAM BONJOL NO.104','PEMECUTAN KELOD','','','DENPASAR','80119','','NCS','Reguler',1,3,'2021-04-01 10:20:26',1,NULL,NULL,1,NULL,NULL,'705186',1,'2021-04-01 10:09:56','2021-04-01 10:09:56'),(4093,67,'788','FP0001019869','','FP0001019869','','CHRISTANTO FERGIO','CHRISTANTO FERGIO','METRO PERMATA I','BLOK E.3 NO.14','KARANG TENGAH CILEDUG','','','TANGERANG','15157','','NCS','Reguler',1,3,'2021-04-01 10:20:26',1,NULL,NULL,1,NULL,NULL,'705186',1,'2021-04-01 10:09:56','2021-04-01 10:09:56'),(4094,67,'789','FP0001028392','','FP0001028392','','TJIPTO ADI UTOMO','TJIPTO ADI UTOMO','MAS KOKI IV NO.9','KEL.JATI KEC.PULOGADUNG','','','','JAKARTA TIMUR','13220','','NCS','Reguler',1,3,'2021-04-01 10:20:26',1,NULL,NULL,1,NULL,NULL,'705186',1,'2021-04-01 10:09:56','2021-04-01 10:09:56'),(4095,67,'790','FP0001034324','','FP0001034324','','MICHAEL BASTIAN','MICHAEL BASTIAN','MITRA SEGAR LESTARI PT','JL.RAYA PERANCIS NO.68 BLK E3A','GUDANG BANDARA BENDA PERMAI','','','JAKARTA','15125','','NCS','Reguler',1,3,'2021-04-01 10:20:26',1,NULL,NULL,1,NULL,NULL,'705186',1,'2021-04-01 10:09:56','2021-04-01 10:09:56'),(4096,67,'791','MSR000010484','','MSR000010484','','SUDARMANTO','SUDARMANTO','DUSUN SADANG','RT 01/ 06, KARANG TENGAH','PRANDON','','','NGAWI','63251','','NCS','Reguler',1,3,'2021-04-01 10:20:26',1,NULL,NULL,1,NULL,NULL,'705186',1,'2021-04-01 10:09:56','2021-04-01 10:09:56'),(4097,67,'792','MSR000013581','','MSR000013581','','MOHAMAD HARYADI','MOHAMAD HARYADI','UNIV GADJAH MADA','FAK KEDOKTERAN GD.IKM LT.1','JL. SKIP UTARA','','','JOGJAKARTA','55281','','NCS','Reguler',1,3,'2021-04-01 10:20:26',1,NULL,NULL,1,NULL,NULL,'705186',1,'2021-04-01 10:09:57','2021-04-01 10:09:57'),(4098,67,'793','FP0001008452','','FP0001008452','','ANDRI SETIAWAN','ANDRI SETIAWAN','JL.BANYU URIP KIDUL 7-A/15','RT/RW : 08/03 BANYU URIP','KEC.SAWAHAN','','','SURABAYA','60254','','NCS','Reguler',1,3,'2021-04-01 10:20:26',1,NULL,NULL,1,NULL,NULL,'705186',1,'2021-04-01 10:09:57','2021-04-01 10:09:57'),(4099,67,'794','FP0001008484','','FP0001008484','','LISA DARNITA','LISA DARNITA','CENDO,PT.','JL.CICENDO 25','','','','BANDUNG','40171','','NCS','Reguler',1,3,'2021-04-01 10:20:26',1,NULL,NULL,1,NULL,NULL,'705186',1,'2021-04-01 10:09:57','2021-04-01 10:09:57'),(4100,67,'795','FP0001026952','','FP0001026952','','KUSWANDY','KUSWANDY','JL.COMPLEK VILLA PERMATA INDAH','BLOK.E20 KEL.LB BARAT','KEC.PAYUNG SEKAKI','','','PEKANBARU','28000','','NCS','Reguler',1,3,'2021-04-01 10:20:26',1,NULL,NULL,1,NULL,NULL,'705186',1,'2021-04-01 10:09:57','2021-04-01 10:09:57'),(4101,67,'796','MPP000005294','','MPP000005294','','KHOE JEMMY','KHOE JEMMY','JL. KHM MANSYUR NO. 266','RT.001/001','TAMBORA','','','JAKARTA BARAT','11220','','NCS','Reguler',1,3,'2021-04-01 10:20:26',1,NULL,NULL,1,NULL,NULL,'705186',1,'2021-04-01 10:09:57','2021-04-01 10:09:57'),(4102,67,'797','MPP000013182','','MPP000013182','','PRIMA MARGARETH','PRIMA MARGARETH','JL BATU MERAH 1 NO 29','PEJATEN TIMUR, PASAR MINGGU','','','','JAKARTA SELATAN','12110','','NCS','Reguler',1,3,'2021-04-01 10:20:26',1,NULL,NULL,1,NULL,NULL,'705186',1,'2021-04-01 10:09:57','2021-04-01 10:09:57'),(4103,67,'798','MPP000016589','','MPP000016589','','AGUS GUNAWAN','AGUS GUNAWAN','MENARA BCA LT GROUND FLOOR AREA','KARTU KREDIT,JL MH.THAMRIN NO 1','BAG TRAVEL SERVICE','','','JAKARTA-PUSAT','10160','','NCS','Reguler',1,3,'2021-04-01 10:20:26',1,NULL,NULL,1,NULL,NULL,'705186',1,'2021-04-01 10:09:57','2021-04-01 10:09:57'),(4104,67,'799','FP0001010593','','FP0001010593','','GATOT INDRA WIJAYA','GATOT INDRA WIJAYA','DS BETENG ROWO','RT 001 RW 004','KEL SUMBEREJO, KEC RENGEL','','','TUBAN','62371','','NCS','Reguler',1,3,'2021-04-01 10:20:26',1,NULL,NULL,1,NULL,NULL,'705186',1,'2021-04-01 10:09:57','2021-04-01 10:09:57'),(4105,67,'800','FP0001018990','','FP0001018990','','ENGINE SITANAJAH','ENGINE SITANAJAH','JL.BACAN NO.1H','RT/RW:002/005 KEL:ENDE','KEC:WAJO','','','MAKASSAR','90174','','NCS','Reguler',1,3,'2021-04-01 10:20:26',1,NULL,NULL,1,NULL,NULL,'705186',1,'2021-04-01 10:09:57','2021-04-01 10:09:57'),(4106,67,'801','FP0001019135','','FP0001019135','','IMELDA','IMELDA','KOMP DKI BLOK G-3 NO 3-4','RT 18/02 PONDOK KELAPA','DUREN SAWIT','','','JAKARTA TIMUR','13450','','NCS','Reguler',1,3,'2021-04-01 10:20:26',1,NULL,NULL,1,NULL,NULL,'705186',1,'2021-04-01 10:09:58','2021-04-01 10:09:58'),(4107,67,'802','FP0001020798','','FP0001020798','','LISA','LISA','HONDA DAYA MOTOR CV','JL.A.YANI NO.115','','','','PONTIANAK','78121','','NCS','Reguler',1,3,'2021-04-01 10:20:26',1,NULL,NULL,1,NULL,NULL,'705186',1,'2021-04-01 10:09:58','2021-04-01 10:09:58'),(4108,67,'803','LPS000017559','','LPS000017559','','EDI SULISTIYONO','EDI SULISTIYONO','PT NUSA KONTRUKSI ENJINIRING TBK','BAG COST CONTROL','JL SUNAN KALIJAGA NO 64','','','KEBAYORAN BARU','12160','','NCS','Reguler',1,3,'2021-04-01 10:20:26',1,NULL,NULL,1,NULL,NULL,'705186',1,'2021-04-01 10:09:58','2021-04-01 10:09:58'),(4109,67,'804','MSR000010050','','MSR000010050','','CULIANA JUNIWATY','CULIANA JUNIWATY','SUNTER METRO BLOK H','NO.36','JAKARTA UTARA','','','JAKARTA','14340','','NCS','Reguler',1,3,'2021-04-01 10:20:26',1,NULL,NULL,1,NULL,NULL,'705186',1,'2021-04-01 10:09:58','2021-04-01 10:09:58'),(4110,67,'805','MSR000010052','','MSR000010052','','CULIANA JUNIWATY','CULIANA JUNIWATY','SUNTER METRO BLOK H','NO.36','JAKARTA UTARA','','','JAKARTA','14340','','NCS','Reguler',1,3,'2021-04-01 10:20:26',1,NULL,NULL,1,NULL,NULL,'705186',1,'2021-04-01 10:09:58','2021-04-01 10:09:58'),(4111,67,'806','MSR000011084','','MSR000011084','','DIAN CHRISNA MURTI','DIAN CHRISNA MURTI','KOMPL SARUA MAKMUR BL II/3','RT 01/10','SARUA, CIPUTAT','','','TANGERANG','15414','','NCS','Reguler',1,3,'2021-04-01 10:20:26',1,NULL,NULL,1,NULL,NULL,'705186',1,'2021-04-01 10:09:58','2021-04-01 10:09:58'),(4112,67,'807','MSR000014750','','MSR000014750','','IKA ERLINA HARUN','IKA ERLINA HARUN','JLN H.SAABAH','KOMP MINAGA PURA BLK A5 NO 6','JOGLO','','','KEMBANGAN','11640','','NCS','Reguler',1,3,'2021-04-01 10:20:26',1,NULL,NULL,1,NULL,NULL,'705186',1,'2021-04-01 10:09:58','2021-04-01 10:09:58'),(4113,67,'808','FP0001009463','','FP0001009463','','JACOB AGUSTINUS SABA','JACOB AGUSTINUS SABA','BUMI CITRA FAJAR','JL.SEKAWAN ANGGUN D NO.10','','','','SIDOARJO','61000','','NCS','Reguler',1,3,'2021-04-01 10:20:26',1,NULL,NULL,1,NULL,NULL,'705186',1,'2021-04-01 10:09:58','2021-04-01 10:09:58'),(4114,67,'809','FP0001016264','','FP0001016264','','HELMI KUSUMA','HELMI KUSUMA','JL.PASAR BARU NO.08 RT.04/RW.02','KEL.KARANGANYAR','KEC.SUBANG','','','SUBANG','41211','','NCS','Reguler',1,3,'2021-04-01 10:20:26',1,NULL,NULL,1,NULL,NULL,'705186',1,'2021-04-01 10:09:59','2021-04-01 10:09:59'),(4115,67,'810','LPS000010387','','LPS000010387','','FIFI FEBRIANI EKAWATI','FIFI FEBRIANI EKAWATI','JL.KERTANEGARA NO.20','RT.07/04','KEBAYORAN BARU','','','JAKARTA SELATAN','12180','','NCS','Reguler',1,3,'2021-04-01 10:20:26',1,NULL,NULL,1,NULL,NULL,'705186',1,'2021-04-01 10:09:59','2021-04-01 10:09:59'),(4116,67,'811','MPP000012594','','MPP000012594','','AHMAD SHOLAHUDIN','AHMAD SHOLAHUDIN','PERUMAHAN BUMI MALAYU REGENCY','BLOK D3 NO 5 RT 01/10 KEL.MEKARWANGI','KEC.TAROGONG KALER KAB.GARUT','','','GARUT','44151','','NCS','Reguler',1,3,'2021-04-01 10:20:26',1,NULL,NULL,1,NULL,NULL,'705186',1,'2021-04-01 10:09:59','2021-04-01 10:09:59'),(4117,67,'812','MPP000012608','','MPP000012608','','ANDRIYANI','ANDRIYANI','JL.PULO BUARAN 2 BLOK.Q1','KAWASAN INDUSTRI PULOGADUNG','PT BINA BUSANA INTERNUSA','','','JAKARTA','13920','','NCS','Reguler',1,3,'2021-04-01 10:20:26',1,NULL,NULL,1,NULL,NULL,'705186',1,'2021-04-01 10:09:59','2021-04-01 10:09:59'),(4118,67,'813','MPP000017558','','MPP000017558','','MUHAMMAD RAKHMAT PUTRA','MUHAMMAD RAKHMAT PUTRA','LOREAL INDONESIA PT','BBS TWR LEVEL 29 CIPUTRA WORLD','I JL PROF DR SATRIO KAV 3-5','','','JAKARTA SELATAN','12940','','NCS','Reguler',1,3,'2021-04-01 10:20:26',1,NULL,NULL,1,NULL,NULL,'705186',1,'2021-04-01 10:09:59','2021-04-01 10:09:59'),(4119,67,'814','MPP000019471','','MPP000019471','','MUZAKAR EDI','MUZAKAR EDI','SINERGI PROPIT INDONESIA  PT','PLAZA D ARCILI LT 3','JL LETJEN SUPRAPTO','','','JAKARTA PUSAT','10520','','NCS','Reguler',1,3,'2021-04-01 10:20:26',1,NULL,NULL,1,NULL,NULL,'705186',1,'2021-04-01 10:09:59','2021-04-01 10:09:59'),(4120,67,'815','FP0001012139','','FP0001012139','','DINA KARTIKASARI','DINA KARTIKASARI','KUTISARI SELATAN 2E/6,RT.01/03','KUTISARI,TENGGILIS MEJOYO','','','','SURABAYA','60291','','NCS','Reguler',1,3,'2021-04-01 10:20:26',1,NULL,NULL,1,NULL,NULL,'705186',1,'2021-04-01 10:09:59','2021-04-01 10:09:59'),(4121,67,'816','FP0001012239','','FP0001012239','','BUI LIE','BUI LIE','BESERLY GREEN BLOK A1 NO 43','KEL BELIAN KEC BATAM KOTA','BATAM','','','BATAM','29432','','NCS','Reguler',1,3,'2021-04-01 10:20:26',1,NULL,NULL,1,NULL,NULL,'705186',1,'2021-04-01 10:09:59','2021-04-01 10:09:59'),(4122,67,'817','FP0001027403','','FP0001027403','','REZA RIANDI PUTRA','REZA RIANDI PUTRA','KCP BRI KATINGAN','KAB KATINGAN KALIMANTAN TENGAH','JL TJILIKC RIWET KM2 KASONGAN','','','KASUNGAN','74411','','NCS','Reguler',1,3,'2021-04-01 10:20:26',1,NULL,NULL,1,NULL,NULL,'705186',1,'2021-04-01 10:09:59','2021-04-01 10:09:59'),(4123,67,'818','FP0001030311','','FP0001030311','','SRI WAHYUNI','SRI WAHYUNI','JL.NUSA INDAH 6B NO.3','SANGGRAHAN GROGOL','SUKOHARJO','','','SOLO','57552','','NCS','Reguler',1,3,'2021-04-01 10:20:26',1,NULL,NULL,1,NULL,NULL,'705186',1,'2021-04-01 10:09:59','2021-04-01 10:09:59'),(4124,67,'819','FP0001031947','','FP0001031947','','FANNY RUSLI','FANNY RUSLI','KOMP.PURI GARDENA 2','BLOK.E6/6 RT.04/14','JAKARTA BARAT','','','JAKARTA','11830','','NCS','Reguler',1,3,'2021-04-01 10:20:26',1,NULL,NULL,1,NULL,NULL,'705186',1,'2021-04-01 10:09:59','2021-04-01 10:09:59'),(4125,67,'820','MPP000013849','','MPP000013849','','FAHMI KURNIADI','FAHMI KURNIADI','JL. KAMBOJA NO .29 RT 002 RW 003','MERUYA UTARA, KEMBANGAN','KEMBANGAN','','','JAKARTA BARAT','11620','','NCS','Reguler',1,3,'2021-04-01 10:20:26',1,NULL,NULL,1,NULL,NULL,'705186',1,'2021-04-01 10:10:00','2021-04-01 10:10:00'),(4126,67,'821','MPP000019646','','MPP000019646','','I NYOMAN BAGIARTHA','I NYOMAN BAGIARTHA','VAVE HOTEL UMALAS','JL.PETI TENGET NO.7','KROBOKAN','','','BALI','80361','','NCS','Reguler',1,3,'2021-04-01 10:20:26',1,NULL,NULL,1,NULL,NULL,'705186',1,'2021-04-01 10:10:00','2021-04-01 10:10:00'),(4127,67,'822','MSR000015424','','MSR000015424','','JENNY','JENNY','ELOKTOUR PT - BAGIAN DOCUMENT','JL BANDENGAN SELATAN NO 12','BANDENGAN','','','JAKARTA UTARA','14440','','NCS','Reguler',1,3,'2021-04-01 10:20:26',1,NULL,NULL,1,NULL,NULL,'705186',1,'2021-04-01 10:10:00','2021-04-01 10:10:00'),(4128,67,'823','FP0001020862','','FP0001020862','','NITA OKTAVIA HARYANTI','NITA OKTAVIA HARYANTI','JL.KALIBUTUH BARAT IV NO.64-A','RT.05/06 KEL.TEMBOK DUKUH','KEC.BUBUTAN','','','SURABAYA','60173','','NCS','Reguler',1,3,'2021-04-01 10:20:26',1,NULL,NULL,1,NULL,NULL,'705186',1,'2021-04-01 10:10:00','2021-04-01 10:10:00'),(4129,67,'824','FP0001020931','','FP0001020931','','SUMIATI GINDO','SUMIATI GINDO','KOMP TAMAN UTARA IV KAV DKI','BLK D8 NO.30 RT.4/9 MLKASARI','','','','JAKARTA TIMUR','13460','','NCS','Reguler',1,3,'2021-04-01 10:20:26',1,NULL,NULL,1,NULL,NULL,'705186',1,'2021-04-01 10:10:00','2021-04-01 10:10:00'),(4130,67,'825','LPP000013309','','LPP000013309','','LATIFA HANUM','LATIFA HANUM','BANK BRI CAB PEMBANTU CINERE','JL CINERE RAYA NO 19','KEL CINERE DEPOK','','','DEPOK','16431','','NCS','Reguler',1,3,'2021-04-01 10:20:26',1,NULL,NULL,1,NULL,NULL,'705186',1,'2021-04-01 10:10:00','2021-04-01 10:10:00'),(4131,67,'826','MSR000013640','','MSR000013640','','F X REZA MARIO SAPUTRA','F X REZA MARIO SAPUTRA','PT MERSIFARMA','WISMA TIARA LT 4','JL RAYA PASAR MINGGU KM.18 NO.17','','','JAKARTA','12510','','NCS','Reguler',1,3,'2021-04-01 10:20:26',1,NULL,NULL,1,NULL,NULL,'705186',1,'2021-04-01 10:10:00','2021-04-01 10:10:00'),(4132,67,'827','FP0001006479','','FP0001006479','','MUSA LIMANTOYO','MUSA LIMANTOYO','JL.GEMBONG SAWAH 4 RT.01/13','KAPASAN','SIMOKERTO','','','SURABAYA','60141','','NCS','Reguler',1,3,'2021-04-01 10:20:26',1,NULL,NULL,1,NULL,NULL,'705186',1,'2021-04-01 10:10:00','2021-04-01 10:10:00'),(4133,67,'828','FP0001006533','','FP0001006533','','YUYUN ARDIANSYAH','YUYUN ARDIANSYAH','PONDOK SURYA MANDALA','BLOK.C NO.18','JAKA MULYA','','','BEKASI','17146','','NCS','Reguler',1,3,'2021-04-01 10:20:26',1,NULL,NULL,1,NULL,NULL,'705186',1,'2021-04-01 10:10:01','2021-04-01 10:10:01'),(4134,67,'829','FP0001007151','','FP0001007151','','ANITA SOVIAH','ANITA SOVIAH','JL.BEDIL YPP NO.761 RT.09/03','KEL.20 ILIR II','','','','PALEMBANG','30127','','NCS','Reguler',1,3,'2021-04-01 10:20:26',1,NULL,NULL,1,NULL,NULL,'705186',1,'2021-04-01 10:10:01','2021-04-01 10:10:01'),(4135,67,'830','FP0001032086','','FP0001032086','','HENDRA','HENDRA','MAJU IKAN JAYA TOUR N TRAVEL','KOMP PERTOKOAN SURYA INDAH','NO 1B JL BY PASS NGURAH RAI','','','KUTA','80361','','NCS','Reguler',1,3,'2021-04-01 10:20:26',1,NULL,NULL,1,NULL,NULL,'705186',1,'2021-04-01 10:10:01','2021-04-01 10:10:01'),(4136,67,'831','MSR000015143','','MSR000015143','','SITI MUTIARA AISYAH','SITI MUTIARA AISYAH','DASINDO MEDIA DALECARNEGIE PT','JL SUNAN SEDAYU NO 6','RAWAMANGUN','','','JAKARTA TIMUR','13220','','NCS','Reguler',1,3,'2021-04-01 10:20:26',1,NULL,NULL,1,NULL,NULL,'705186',1,'2021-04-01 10:10:01','2021-04-01 10:10:01'),(4137,67,'832','FP0001020211','','FP0001020211','','LENNY WIDONO','LENNY WIDONO','JL ANUANG NO 58 RT/RW 02/06,','MARICAYA,','MAKASSAR','','','MAKASSAR','90131','','NCS','Reguler',1,3,'2021-04-01 10:20:26',1,NULL,NULL,1,NULL,NULL,'705186',1,'2021-04-01 10:10:01','2021-04-01 10:10:01'),(4138,67,'833','LPS000016046','','LPS000016046','','FARIDA AGUSTINA','FARIDA AGUSTINA','KINDERFIELD PRE SCHOOL','JL RAYA RAWA DOMBA NO 88','RT 06/16, DUREN SAWIT','','','JAKARTA','13470','','NCS','Reguler',1,3,'2021-04-01 10:20:26',1,NULL,NULL,1,NULL,NULL,'705186',1,'2021-04-01 10:10:01','2021-04-01 10:10:01'),(4139,67,'834','MF0000010587','','MF0000010587','','IMAN TARKANA,IR.','IMAN TARKANA,IR.','KOMPLEK DPR 1 NO 11','RT 07 RW 02','KEL KEBON JERUK KEC KEBON JERUK','','','JAKARTA BARAT','11530','','NCS','Reguler',1,3,'2021-04-01 10:20:26',1,NULL,NULL,1,NULL,NULL,'705186',1,'2021-04-01 10:10:01','2021-04-01 10:10:01'),(4140,67,'835','MPP000007205','','MPP000007205','','RAYMOND','RAYMOND','JL KOTA BARU 2 NO 17','(SAKURA SALON) MEDAN PETISAH','','','','MEDAN','20112','','NCS','Reguler',1,3,'2021-04-01 10:20:26',1,NULL,NULL,1,NULL,NULL,'705186',1,'2021-04-01 10:10:01','2021-04-01 10:10:01'),(4141,67,'836','MSR000010878','','MSR000010878','','BUDI S','BUDI S','MITRA MANDIRI','JL RAYA SERANG','GAPURA BITUNG RT 1/1, KP KADU','','','CURUG','15810','','NCS','Reguler',1,3,'2021-04-01 10:20:26',1,NULL,NULL,1,NULL,NULL,'705186',1,'2021-04-01 10:10:01','2021-04-01 10:10:01'),(4142,67,'837','FP0001024365','','FP0001024365','','SUPARMAN','SUPARMAN','GG KANCIL RT 2/5','NEROGTOG PINANG','','','','TANGERANG','15810','','NCS','Reguler',1,3,'2021-04-01 10:20:26',1,NULL,NULL,1,NULL,NULL,'705186',1,'2021-04-01 10:10:01','2021-04-01 10:10:01'),(4143,67,'838','FP0001024382','','FP0001024382','','NURUL SULTHONIYAH','NURUL SULTHONIYAH','JL. TEUKU UMAR','NO.657 RT.01/02','GANDASARI','','','BEKASI','17520','','NCS','Reguler',1,3,'2021-04-01 10:20:26',1,NULL,NULL,1,NULL,NULL,'705186',1,'2021-04-01 10:10:02','2021-04-01 10:10:02'),(4144,67,'839','MSR000010410','','MSR000010410','','RINA HENDRIANI','RINA HENDRIANI','DANTOSAN PRECON PERKASA','JLN RAYA KOSAMBI CURUG KM2','WALAHAR KLARI','','','KARAWANG','41371','','NCS','Reguler',1,3,'2021-04-01 10:20:26',1,NULL,NULL,1,NULL,NULL,'705186',1,'2021-04-01 10:10:02','2021-04-01 10:10:02'),(4145,67,'840','MSR000010415','','MSR000010415','','RINA HENDRIANI','RINA HENDRIANI','DANTOSAN PRECON PERKASA','JLN RAYA KOSAMBI CURUG KM2','WALAHAR KLARI','','','KARAWANG','41371','','NCS','Reguler',1,3,'2021-04-01 10:20:26',1,NULL,NULL,1,NULL,NULL,'705186',1,'2021-04-01 10:10:02','2021-04-01 10:10:02'),(4146,67,'841','FP0001021858','','FP0001021858','','CAECILIA YUNI ANGGRAINI','CAECILIA YUNI ANGGRAINI','KARANG ASEM GG 5C NO.6','','SURABAYA','','','SURABAYA','60000','','NCS','Reguler',1,3,'2021-04-01 10:20:26',1,NULL,NULL,1,NULL,NULL,'705186',1,'2021-04-01 10:10:02','2021-04-01 10:10:02'),(4147,67,'842','FP0001021869','','FP0001021869','','ERNI DEVITA SE','ERNI DEVITA SE','KINOCARE ERA KOMETINDO PT','JL SELAPARANG KOMPLEKS NIAGA','BLOK B GEDUNG DATA SCRIPR LT','','','JAKARTA','10110','','NCS','Reguler',1,3,'2021-04-01 10:20:26',1,NULL,NULL,1,NULL,NULL,'705186',1,'2021-04-01 10:10:02','2021-04-01 10:10:02'),(4148,67,'843','FP0001030373','','FP0001030373','','DERI RACHMIYANTI MANOPPO','DERI RACHMIYANTI MANOPPO','JL.WALET RAYA BLOK.I 6','NO.12 RT.06/06,RENGAS','CIPUTAT TMR BINTARO SEKT.II','','','TANGERANG','15412','','NCS','Reguler',1,3,'2021-04-01 10:20:26',1,NULL,NULL,1,NULL,NULL,'705186',1,'2021-04-01 10:10:03','2021-04-01 10:10:03'),(4149,67,'844','FP0001030376','','FP0001030376','','JOKO BIL SULAWADI SHO','JOKO BIL SULAWADI SHO','KOMPLEK GRAHA BUKIT RAFFLESIA','BLOK P 17 JL. HAJI NAJAMUDIN','FAKO PALEM','','','PALEMBANG','30164','','NCS','Reguler',1,3,'2021-04-01 10:20:26',1,NULL,NULL,1,NULL,NULL,'705186',1,'2021-04-01 10:10:03','2021-04-01 10:10:03'),(4150,67,'845','LPS000014626','','LPS000014626','','VIRTA DWIHANDARYATI','VIRTA DWIHANDARYATI','PAMULANG PERMAI I BLOK AX-19/2','RT 05/12','PAMULANG BARAT','','','JAKARTA SELATAN','15417','','NCS','Reguler',1,3,'2021-04-01 10:20:26',1,NULL,NULL,1,NULL,NULL,'705186',1,'2021-04-01 10:10:03','2021-04-01 10:10:03'),(4151,67,'846','MPP000011851','','MPP000011851','','VICTORALDO TIOPUTRA','VICTORALDO TIOPUTRA','BETOBAJA INTERNATIONAL PT','JL.BANDENGAN SLTN PURI DELTA','MAS BLOK C/10 NO.43','','','JAKARTA UTARA','14220','','NCS','Reguler',1,3,'2021-04-01 10:20:26',1,NULL,NULL,1,NULL,NULL,'705186',1,'2021-04-01 10:10:03','2021-04-01 10:10:03'),(4152,67,'847','MPP000014677','','MPP000014677','','LILY YUNIARLY','LILY YUNIARLY','KEDUTAAN BESAR PANAMA GEDUNG','WTC 1  LT 13 JL JENDRAL SUDIRMAN','KAV 29-31','','','JAKARTA SELATAN','12920','','NCS','Reguler',1,3,'2021-04-01 10:20:26',1,NULL,NULL,1,NULL,NULL,'705186',1,'2021-04-01 10:10:04','2021-04-01 10:10:04'),(4153,67,'848','MSR000014417','','MSR000014417','','LEO DIAN FRANA HABEAHAN','LEO DIAN FRANA HABEAHAN','JL TALIB NO 35 B','RT 01/01 KETAPANG UTARA','JAKARTA BARAT','','','INDONESIA','11250','','NCS','Reguler',1,3,'2021-04-01 10:20:26',1,NULL,NULL,1,NULL,NULL,'705186',1,'2021-04-01 10:10:04','2021-04-01 10:10:04'),(4154,67,'849','LPP000012236','','LPP000012236','','MAYANG PURNAWAN','MAYANG PURNAWAN','PERUM DIAN ISTANA D 6 NO 73','KEL WIYUNG KEC WIYUNG','','','','SURABAYA','60227','','NCS','Reguler',1,3,'2021-04-01 10:20:26',1,NULL,NULL,1,NULL,NULL,'705186',1,'2021-04-01 10:10:04','2021-04-01 10:10:04'),(4155,67,'850','LPP000011106','','LPP000011106','','YUSRI DAHO','YUSRI DAHO','JL BAYAM NO 23B RT 06 RW 04','KEL WAJO BARU KEC BONTOALA','','','','MAKASAR','90151','','NCS','Reguler',1,3,'2021-04-01 10:20:26',1,NULL,NULL,1,NULL,NULL,'705186',1,'2021-04-01 10:10:04','2021-04-01 10:10:04'),(4156,67,'851','LPS000013430','','LPS000013430','','EVELYN','EVELYN','UD KUSUMA','GALAKSI BUMI PERMAI','BLK D/4 NO 8','','','SURABAYA','60117','','NCS','Reguler',1,3,'2021-04-01 10:20:26',1,NULL,NULL,1,NULL,NULL,'705186',1,'2021-04-01 10:10:04','2021-04-01 10:10:04'),(4157,67,'852','MSR000011658','','MSR000011658','','ALIF NUR ANHAR','ALIF NUR ANHAR','DEPT KELAUTAN & PERIKANAN','BAG HUMAS','GED SATE JL DIPONEGORO NO 22','','','BANDUNG','40115','','NCS','Reguler',1,3,'2021-04-01 10:20:26',1,NULL,NULL,1,NULL,NULL,'705186',1,'2021-04-01 10:10:04','2021-04-01 10:10:04'),(4158,67,'853','LPS000016935','','LPS000016935','','SRIYANTI NATSIR','SRIYANTI NATSIR','JL SUNGAI LIMBOTO 56 NO 11','RT 04/02','PISANG SELATAN, MAKASSAR','','','UJUNG PANDANG','90141','','NCS','Reguler',1,3,'2021-04-01 10:20:26',1,NULL,NULL,1,NULL,NULL,'705186',1,'2021-04-01 10:10:04','2021-04-01 10:10:04'),(4159,67,'854','MSR000010634','','MSR000010634','','YANTI SUHERMAN','YANTI SUHERMAN','KOMP PERMATA CIMAHI','JL SAFIR RAYA BL Z 16 NO 2','RT 07/05 TANI MULYA NGAMPRAH','','','CIMAHI','40552','','NCS','Reguler',1,3,'2021-04-01 10:20:26',1,NULL,NULL,1,NULL,NULL,'705186',1,'2021-04-01 10:10:04','2021-04-01 10:10:04'),(4160,67,'855','MSR000011432','','MSR000011432','','MAURO KISWONO','MAURO KISWONO','PT DJARUM','JL PANDEAN LAMPER IV NO 16','','','','SEMARANG','50242','','NCS','Reguler',1,3,'2021-04-01 10:20:26',1,NULL,NULL,1,NULL,NULL,'705186',1,'2021-04-01 10:10:04','2021-04-01 10:10:04'),(4161,67,'856','MSR000014561','','MSR000014561','','MULYADI','MULYADI','JL PLK II NO 26','RT 11/01','MAKASAR','','','JAKARTA TIMUR','13570','','NCS','Reguler',1,3,'2021-04-01 10:20:26',1,NULL,NULL,1,NULL,NULL,'705186',1,'2021-04-01 10:10:05','2021-04-01 10:10:05'),(4162,67,'857','MSR000014579','','MSR000014579','','MULYADI','MULYADI','JL PLK II NO 26','RT 11/01','MAKASAR','','','JAKARTA TIMUR','13570','','NCS','Reguler',1,3,'2021-04-01 10:20:26',1,NULL,NULL,1,NULL,NULL,'705186',1,'2021-04-01 10:10:05','2021-04-01 10:10:05');

/*Table structure for table `production_data_detail_list` */

DROP TABLE IF EXISTS `production_data_detail_list`;

CREATE TABLE `production_data_detail_list` (
  `id` bigint(20) unsigned NOT NULL AUTO_INCREMENT,
  `production_data_detail_id` bigint(20) NOT NULL,
  `component_id` int(11) NOT NULL,
  `total` int(11) NOT NULL,
  PRIMARY KEY (`id`),
  KEY `production_data_detail_list_production_data_detail_id_index` (`production_data_detail_id`),
  KEY `production_data_detail_list_component_id_index` (`component_id`)
) ENGINE=InnoDB AUTO_INCREMENT=17012 DEFAULT CHARSET=utf8mb4 COLLATE=utf8mb4_unicode_ci;

/*Data for the table `production_data_detail_list` */

insert  into `production_data_detail_list`(`id`,`production_data_detail_id`,`component_id`,`total`) values (13584,3306,3,1),(13585,3306,4,1),(13586,3306,171,1),(13587,3306,172,1),(13588,3307,3,1),(13589,3307,4,1),(13590,3307,171,1),(13591,3307,172,1),(13592,3308,3,1),(13593,3308,4,1),(13594,3308,171,1),(13595,3308,172,1),(13596,3309,3,1),(13597,3309,4,1),(13598,3309,171,1),(13599,3309,172,1),(13600,3310,3,1),(13601,3310,4,1),(13602,3310,171,1),(13603,3310,172,1),(13604,3311,3,1),(13605,3311,4,1),(13606,3311,171,1),(13607,3311,172,1),(13608,3312,3,1),(13609,3312,4,1),(13610,3312,171,1),(13611,3312,172,1),(13612,3313,3,1),(13613,3313,4,1),(13614,3313,171,1),(13615,3313,172,1),(13616,3314,3,1),(13617,3314,4,1),(13618,3314,171,1),(13619,3314,172,1),(13620,3315,3,1),(13621,3315,4,1),(13622,3315,171,1),(13623,3315,172,1),(13624,3316,3,1),(13625,3316,4,1),(13626,3316,171,1),(13627,3316,172,1),(13628,3317,3,1),(13629,3317,4,1),(13630,3317,171,1),(13631,3317,172,1),(13632,3318,3,1),(13633,3318,4,1),(13634,3318,171,1),(13635,3318,172,1),(13636,3319,3,1),(13637,3319,4,1),(13638,3319,171,1),(13639,3319,172,1),(13640,3320,3,1),(13641,3320,4,1),(13642,3320,171,1),(13643,3320,172,1),(13644,3321,3,1),(13645,3321,4,1),(13646,3321,171,1),(13647,3321,172,1),(13648,3322,3,1),(13649,3322,4,1),(13650,3322,171,1),(13651,3322,172,1),(13652,3323,3,1),(13653,3323,4,1),(13654,3323,171,1),(13655,3323,172,1),(13656,3324,3,1),(13657,3324,4,1),(13658,3324,171,1),(13659,3324,172,1),(13660,3325,3,1),(13661,3325,4,1),(13662,3325,171,1),(13663,3325,172,1),(13664,3326,3,1),(13665,3326,4,1),(13666,3326,171,1),(13667,3326,172,1),(13668,3327,3,1),(13669,3327,4,1),(13670,3327,171,1),(13671,3327,172,1),(13672,3328,3,1),(13673,3328,4,1),(13674,3328,171,1),(13675,3328,172,1),(13676,3329,3,1),(13677,3329,4,1),(13678,3329,171,1),(13679,3329,172,1),(13680,3330,3,1),(13681,3330,4,1),(13682,3330,171,1),(13683,3330,172,1),(13684,3331,3,1),(13685,3331,4,1),(13686,3331,171,1),(13687,3331,172,1),(13688,3332,3,1),(13689,3332,4,1),(13690,3332,171,1),(13691,3332,172,1),(13692,3333,3,1),(13693,3333,4,1),(13694,3333,171,1),(13695,3333,172,1),(13696,3334,3,1),(13697,3334,4,1),(13698,3334,171,1),(13699,3334,172,1),(13700,3335,3,1),(13701,3335,4,1),(13702,3335,171,1),(13703,3335,172,1),(13704,3336,3,1),(13705,3336,4,1),(13706,3336,171,1),(13707,3336,172,1),(13708,3337,3,1),(13709,3337,4,1),(13710,3337,171,1),(13711,3337,172,1),(13712,3338,3,1),(13713,3338,4,1),(13714,3338,171,1),(13715,3338,172,1),(13716,3339,3,1),(13717,3339,4,1),(13718,3339,171,1),(13719,3339,172,1),(13720,3340,3,1),(13721,3340,4,1),(13722,3340,171,1),(13723,3340,172,1),(13724,3341,3,1),(13725,3341,4,1),(13726,3341,171,1),(13727,3341,172,1),(13728,3342,3,1),(13729,3342,4,1),(13730,3342,171,1),(13731,3342,172,1),(13732,3343,3,1),(13733,3343,4,1),(13734,3343,171,1),(13735,3343,172,1),(13736,3344,3,1),(13737,3344,4,1),(13738,3344,171,1),(13739,3344,172,1),(13740,3345,3,1),(13741,3345,4,1),(13742,3345,171,1),(13743,3345,172,1),(13744,3346,3,1),(13745,3346,4,1),(13746,3346,171,1),(13747,3346,172,1),(13748,3347,3,1),(13749,3347,4,1),(13750,3347,171,1),(13751,3347,172,1),(13752,3348,3,1),(13753,3348,4,1),(13754,3348,171,1),(13755,3348,172,1),(13756,3349,3,1),(13757,3349,4,1),(13758,3349,171,1),(13759,3349,172,1),(13760,3350,3,1),(13761,3350,4,1),(13762,3350,171,1),(13763,3350,172,1),(13764,3351,3,1),(13765,3351,4,1),(13766,3351,171,1),(13767,3351,172,1),(13768,3352,3,1),(13769,3352,4,1),(13770,3352,171,1),(13771,3352,172,1),(13772,3353,3,1),(13773,3353,4,1),(13774,3353,171,1),(13775,3353,172,1),(13776,3354,3,1),(13777,3354,4,1),(13778,3354,171,1),(13779,3354,172,1),(13780,3355,3,1),(13781,3355,4,1),(13782,3355,171,1),(13783,3355,172,1),(13784,3356,3,1),(13785,3356,4,1),(13786,3356,171,1),(13787,3356,172,1),(13788,3357,3,1),(13789,3357,4,1),(13790,3357,171,1),(13791,3357,172,1),(13792,3358,3,1),(13793,3358,4,1),(13794,3358,171,1),(13795,3358,172,1),(13796,3359,3,1),(13797,3359,4,1),(13798,3359,171,1),(13799,3359,172,1),(13800,3360,3,1),(13801,3360,4,1),(13802,3360,171,1),(13803,3360,172,1),(13804,3361,3,1),(13805,3361,4,1),(13806,3361,171,1),(13807,3361,172,1),(13808,3362,3,1),(13809,3362,4,1),(13810,3362,171,1),(13811,3362,172,1),(13812,3363,3,1),(13813,3363,4,1),(13814,3363,171,1),(13815,3363,172,1),(13816,3364,3,1),(13817,3364,4,1),(13818,3364,171,1),(13819,3364,172,1),(13820,3365,3,1),(13821,3365,4,1),(13822,3365,171,1),(13823,3365,172,1),(13824,3366,3,1),(13825,3366,4,1),(13826,3366,171,1),(13827,3366,172,1),(13828,3367,3,1),(13829,3367,4,1),(13830,3367,171,1),(13831,3367,172,1),(13832,3368,3,1),(13833,3368,4,1),(13834,3368,171,1),(13835,3368,172,1),(13836,3369,3,1),(13837,3369,4,1),(13838,3369,171,1),(13839,3369,172,1),(13840,3370,3,1),(13841,3370,4,1),(13842,3370,171,1),(13843,3370,172,1),(13844,3371,3,1),(13845,3371,4,1),(13846,3371,171,1),(13847,3371,172,1),(13848,3372,3,1),(13849,3372,4,1),(13850,3372,171,1),(13851,3372,172,1),(13852,3373,3,1),(13853,3373,4,1),(13854,3373,171,1),(13855,3373,172,1),(13856,3374,3,1),(13857,3374,4,1),(13858,3374,171,1),(13859,3374,172,1),(13860,3375,3,1),(13861,3375,4,1),(13862,3375,171,1),(13863,3375,172,1),(13864,3376,3,1),(13865,3376,4,1),(13866,3376,171,1),(13867,3376,172,1),(13868,3377,3,1),(13869,3377,4,1),(13870,3377,171,1),(13871,3377,172,1),(13872,3378,3,1),(13873,3378,4,1),(13874,3378,171,1),(13875,3378,172,1),(13876,3379,3,1),(13877,3379,4,1),(13878,3379,171,1),(13879,3379,172,1),(13880,3380,3,1),(13881,3380,4,1),(13882,3380,171,1),(13883,3380,172,1),(13884,3381,3,1),(13885,3381,4,1),(13886,3381,171,1),(13887,3381,172,1),(13888,3382,3,1),(13889,3382,4,1),(13890,3382,171,1),(13891,3382,172,1),(13892,3383,3,1),(13893,3383,4,1),(13894,3383,171,1),(13895,3383,172,1),(13896,3384,3,1),(13897,3384,4,1),(13898,3384,171,1),(13899,3384,172,1),(13900,3385,3,1),(13901,3385,4,1),(13902,3385,171,1),(13903,3385,172,1),(13904,3386,3,1),(13905,3386,4,1),(13906,3386,171,1),(13907,3386,172,1),(13908,3387,3,1),(13909,3387,4,1),(13910,3387,171,1),(13911,3387,172,1),(13912,3388,3,1),(13913,3388,4,1),(13914,3388,171,1),(13915,3388,172,1),(13916,3389,3,1),(13917,3389,4,1),(13918,3389,171,1),(13919,3389,172,1),(13920,3390,3,1),(13921,3390,4,1),(13922,3390,171,1),(13923,3390,172,1),(13924,3391,3,1),(13925,3391,4,1),(13926,3391,171,1),(13927,3391,172,1),(13928,3392,3,1),(13929,3392,4,1),(13930,3392,171,1),(13931,3392,172,1),(13932,3393,3,1),(13933,3393,4,1),(13934,3393,171,1),(13935,3393,172,1),(13936,3394,3,1),(13937,3394,4,1),(13938,3394,171,1),(13939,3394,172,1),(13940,3395,3,1),(13941,3395,4,1),(13942,3395,171,1),(13943,3395,172,1),(13944,3396,3,1),(13945,3396,4,1),(13946,3396,171,1),(13947,3396,172,1),(13948,3397,3,1),(13949,3397,4,1),(13950,3397,171,1),(13951,3397,172,1),(13952,3398,3,1),(13953,3398,4,1),(13954,3398,171,1),(13955,3398,172,1),(13956,3399,3,1),(13957,3399,4,1),(13958,3399,171,1),(13959,3399,172,1),(13960,3400,3,1),(13961,3400,4,1),(13962,3400,171,1),(13963,3400,172,1),(13964,3401,3,1),(13965,3401,4,1),(13966,3401,171,1),(13967,3401,172,1),(13968,3402,3,1),(13969,3402,4,1),(13970,3402,171,1),(13971,3402,172,1),(13972,3403,3,1),(13973,3403,4,1),(13974,3403,171,1),(13975,3403,172,1),(13976,3404,3,1),(13977,3404,4,1),(13978,3404,171,1),(13979,3404,172,1),(13980,3405,3,1),(13981,3405,4,1),(13982,3405,171,1),(13983,3405,172,1),(13984,3406,3,1),(13985,3406,4,1),(13986,3406,171,1),(13987,3406,172,1),(13988,3407,3,1),(13989,3407,4,1),(13990,3407,171,1),(13991,3407,172,1),(13992,3408,3,1),(13993,3408,4,1),(13994,3408,171,1),(13995,3408,172,1),(13996,3409,3,1),(13997,3409,4,1),(13998,3409,171,1),(13999,3409,172,1),(14000,3410,3,1),(14001,3410,4,1),(14002,3410,171,1),(14003,3410,172,1),(14004,3411,3,1),(14005,3411,4,1),(14006,3411,171,1),(14007,3411,172,1),(14008,3412,3,1),(14009,3412,4,1),(14010,3412,171,1),(14011,3412,172,1),(14012,3413,3,1),(14013,3413,4,1),(14014,3413,171,1),(14015,3413,172,1),(14016,3414,3,1),(14017,3414,4,1),(14018,3414,171,1),(14019,3414,172,1),(14020,3415,3,1),(14021,3415,4,1),(14022,3415,171,1),(14023,3415,172,1),(14024,3416,3,1),(14025,3416,4,1),(14026,3416,171,1),(14027,3416,172,1),(14028,3417,3,1),(14029,3417,4,1),(14030,3417,171,1),(14031,3417,172,1),(14032,3418,3,1),(14033,3418,4,1),(14034,3418,171,1),(14035,3418,172,1),(14036,3419,3,1),(14037,3419,4,1),(14038,3419,171,1),(14039,3419,172,1),(14040,3420,3,1),(14041,3420,4,1),(14042,3420,171,1),(14043,3420,172,1),(14044,3421,3,1),(14045,3421,4,1),(14046,3421,171,1),(14047,3421,172,1),(14048,3422,3,1),(14049,3422,4,1),(14050,3422,171,1),(14051,3422,172,1),(14052,3423,3,1),(14053,3423,4,1),(14054,3423,171,1),(14055,3423,172,1),(14056,3424,3,1),(14057,3424,4,1),(14058,3424,171,1),(14059,3424,172,1),(14060,3425,3,1),(14061,3425,4,1),(14062,3425,171,1),(14063,3425,172,1),(14064,3426,3,1),(14065,3426,4,1),(14066,3426,171,1),(14067,3426,172,1),(14068,3427,3,1),(14069,3427,4,1),(14070,3427,171,1),(14071,3427,172,1),(14072,3428,3,1),(14073,3428,4,1),(14074,3428,171,1),(14075,3428,172,1),(14076,3429,3,1),(14077,3429,4,1),(14078,3429,171,1),(14079,3429,172,1),(14080,3430,3,1),(14081,3430,4,1),(14082,3430,171,1),(14083,3430,172,1),(14084,3431,3,1),(14085,3431,4,1),(14086,3431,171,1),(14087,3431,172,1),(14088,3432,3,1),(14089,3432,4,1),(14090,3432,171,1),(14091,3432,172,1),(14092,3433,3,1),(14093,3433,4,1),(14094,3433,171,1),(14095,3433,172,1),(14096,3434,3,1),(14097,3434,4,1),(14098,3434,171,1),(14099,3434,172,1),(14100,3435,3,1),(14101,3435,4,1),(14102,3435,171,1),(14103,3435,172,1),(14104,3436,3,1),(14105,3436,4,1),(14106,3436,171,1),(14107,3436,172,1),(14108,3437,3,1),(14109,3437,4,1),(14110,3437,171,1),(14111,3437,172,1),(14112,3438,3,1),(14113,3438,4,1),(14114,3438,171,1),(14115,3438,172,1),(14116,3439,3,1),(14117,3439,4,1),(14118,3439,171,1),(14119,3439,172,1),(14120,3440,3,1),(14121,3440,4,1),(14122,3440,171,1),(14123,3440,172,1),(14124,3441,3,1),(14125,3441,4,1),(14126,3441,171,1),(14127,3441,172,1),(14128,3442,3,1),(14129,3442,4,1),(14130,3442,171,1),(14131,3442,172,1),(14132,3443,3,1),(14133,3443,4,1),(14134,3443,171,1),(14135,3443,172,1),(14136,3444,3,1),(14137,3444,4,1),(14138,3444,171,1),(14139,3444,172,1),(14140,3445,3,1),(14141,3445,4,1),(14142,3445,171,1),(14143,3445,172,1),(14144,3446,3,1),(14145,3446,4,1),(14146,3446,171,1),(14147,3446,172,1),(14148,3447,3,1),(14149,3447,4,1),(14150,3447,171,1),(14151,3447,172,1),(14152,3448,3,1),(14153,3448,4,1),(14154,3448,171,1),(14155,3448,172,1),(14156,3449,3,1),(14157,3449,4,1),(14158,3449,171,1),(14159,3449,172,1),(14160,3450,3,1),(14161,3450,4,1),(14162,3450,171,1),(14163,3450,172,1),(14164,3451,3,1),(14165,3451,4,1),(14166,3451,171,1),(14167,3451,172,1),(14168,3452,3,1),(14169,3452,4,1),(14170,3452,171,1),(14171,3452,172,1),(14172,3453,3,1),(14173,3453,4,1),(14174,3453,171,1),(14175,3453,172,1),(14176,3454,3,1),(14177,3454,4,1),(14178,3454,171,1),(14179,3454,172,1),(14180,3455,3,1),(14181,3455,4,1),(14182,3455,171,1),(14183,3455,172,1),(14184,3456,3,1),(14185,3456,4,1),(14186,3456,171,1),(14187,3456,172,1),(14188,3457,3,1),(14189,3457,4,1),(14190,3457,171,1),(14191,3457,172,1),(14192,3458,3,1),(14193,3458,4,1),(14194,3458,171,1),(14195,3458,172,1),(14196,3459,3,1),(14197,3459,4,1),(14198,3459,171,1),(14199,3459,172,1),(14200,3460,3,1),(14201,3460,4,1),(14202,3460,171,1),(14203,3460,172,1),(14204,3461,3,1),(14205,3461,4,1),(14206,3461,171,1),(14207,3461,172,1),(14208,3462,3,1),(14209,3462,4,1),(14210,3462,171,1),(14211,3462,172,1),(14212,3463,3,1),(14213,3463,4,1),(14214,3463,171,1),(14215,3463,172,1),(14216,3464,3,1),(14217,3464,4,1),(14218,3464,171,1),(14219,3464,172,1),(14220,3465,3,1),(14221,3465,4,1),(14222,3465,171,1),(14223,3465,172,1),(14224,3466,3,1),(14225,3466,4,1),(14226,3466,171,1),(14227,3466,172,1),(14228,3467,3,1),(14229,3467,4,1),(14230,3467,171,1),(14231,3467,172,1),(14232,3468,3,1),(14233,3468,4,1),(14234,3468,171,1),(14235,3468,172,1),(14236,3469,3,1),(14237,3469,4,1),(14238,3469,171,1),(14239,3469,172,1),(14240,3470,3,1),(14241,3470,4,1),(14242,3470,171,1),(14243,3470,172,1),(14244,3471,3,1),(14245,3471,4,1),(14246,3471,171,1),(14247,3471,172,1),(14248,3472,3,1),(14249,3472,4,1),(14250,3472,171,1),(14251,3472,172,1),(14252,3473,3,1),(14253,3473,4,1),(14254,3473,171,1),(14255,3473,172,1),(14256,3474,3,1),(14257,3474,4,1),(14258,3474,171,1),(14259,3474,172,1),(14260,3475,3,1),(14261,3475,4,1),(14262,3475,171,1),(14263,3475,172,1),(14264,3476,3,1),(14265,3476,4,1),(14266,3476,171,1),(14267,3476,172,1),(14268,3477,3,1),(14269,3477,4,1),(14270,3477,171,1),(14271,3477,172,1),(14272,3478,3,1),(14273,3478,4,1),(14274,3478,171,1),(14275,3478,172,1),(14276,3479,3,1),(14277,3479,4,1),(14278,3479,171,1),(14279,3479,172,1),(14280,3480,3,1),(14281,3480,4,1),(14282,3480,171,1),(14283,3480,172,1),(14284,3481,3,1),(14285,3481,4,1),(14286,3481,171,1),(14287,3481,172,1),(14288,3482,3,1),(14289,3482,4,1),(14290,3482,171,1),(14291,3482,172,1),(14292,3483,3,1),(14293,3483,4,1),(14294,3483,171,1),(14295,3483,172,1),(14296,3484,3,1),(14297,3484,4,1),(14298,3484,171,1),(14299,3484,172,1),(14300,3485,3,1),(14301,3485,4,1),(14302,3485,171,1),(14303,3485,172,1),(14304,3486,3,1),(14305,3486,4,1),(14306,3486,171,1),(14307,3486,172,1),(14308,3487,3,1),(14309,3487,4,1),(14310,3487,171,1),(14311,3487,172,1),(14312,3488,3,1),(14313,3488,4,1),(14314,3488,171,1),(14315,3488,172,1),(14316,3489,3,1),(14317,3489,4,1),(14318,3489,171,1),(14319,3489,172,1),(14320,3490,3,1),(14321,3490,4,1),(14322,3490,171,1),(14323,3490,172,1),(14324,3491,3,1),(14325,3491,4,1),(14326,3491,171,1),(14327,3491,172,1),(14328,3492,3,1),(14329,3492,4,1),(14330,3492,171,1),(14331,3492,172,1),(14332,3493,3,1),(14333,3493,4,1),(14334,3493,171,1),(14335,3493,172,1),(14336,3494,3,1),(14337,3494,4,1),(14338,3494,171,1),(14339,3494,172,1),(14340,3495,3,1),(14341,3495,4,1),(14342,3495,171,1),(14343,3495,172,1),(14344,3496,3,1),(14345,3496,4,1),(14346,3496,171,1),(14347,3496,172,1),(14348,3497,3,1),(14349,3497,4,1),(14350,3497,171,1),(14351,3497,172,1),(14352,3498,3,1),(14353,3498,4,1),(14354,3498,171,1),(14355,3498,172,1),(14356,3499,3,1),(14357,3499,4,1),(14358,3499,171,1),(14359,3499,172,1),(14360,3500,3,1),(14361,3500,4,1),(14362,3500,171,1),(14363,3500,172,1),(14364,3501,3,1),(14365,3501,4,1),(14366,3501,171,1),(14367,3501,172,1),(14368,3502,3,1),(14369,3502,4,1),(14370,3502,171,1),(14371,3502,172,1),(14372,3503,3,1),(14373,3503,4,1),(14374,3503,171,1),(14375,3503,172,1),(14376,3504,3,1),(14377,3504,4,1),(14378,3504,171,1),(14379,3504,172,1),(14380,3505,3,1),(14381,3505,4,1),(14382,3505,171,1),(14383,3505,172,1),(14384,3506,3,1),(14385,3506,4,1),(14386,3506,171,1),(14387,3506,172,1),(14388,3507,3,1),(14389,3507,4,1),(14390,3507,171,1),(14391,3507,172,1),(14392,3508,3,1),(14393,3508,4,1),(14394,3508,171,1),(14395,3508,172,1),(14396,3509,3,1),(14397,3509,4,1),(14398,3509,171,1),(14399,3509,172,1),(14400,3510,3,1),(14401,3510,4,1),(14402,3510,171,1),(14403,3510,172,1),(14404,3511,3,1),(14405,3511,4,1),(14406,3511,171,1),(14407,3511,172,1),(14408,3512,3,1),(14409,3512,4,1),(14410,3512,171,1),(14411,3512,172,1),(14412,3513,3,1),(14413,3513,4,1),(14414,3513,171,1),(14415,3513,172,1),(14416,3514,3,1),(14417,3514,4,1),(14418,3514,171,1),(14419,3514,172,1),(14420,3515,3,1),(14421,3515,4,1),(14422,3515,171,1),(14423,3515,172,1),(14424,3516,3,1),(14425,3516,4,1),(14426,3516,171,1),(14427,3516,172,1),(14428,3517,3,1),(14429,3517,4,1),(14430,3517,171,1),(14431,3517,172,1),(14432,3518,3,1),(14433,3518,4,1),(14434,3518,171,1),(14435,3518,172,1),(14436,3519,3,1),(14437,3519,4,1),(14438,3519,171,1),(14439,3519,172,1),(14440,3520,3,1),(14441,3520,4,1),(14442,3520,171,1),(14443,3520,172,1),(14444,3521,3,1),(14445,3521,4,1),(14446,3521,171,1),(14447,3521,172,1),(14448,3522,3,1),(14449,3522,4,1),(14450,3522,171,1),(14451,3522,172,1),(14452,3523,3,1),(14453,3523,4,1),(14454,3523,171,1),(14455,3523,172,1),(14456,3524,3,1),(14457,3524,4,1),(14458,3524,171,1),(14459,3524,172,1),(14460,3525,3,1),(14461,3525,4,1),(14462,3525,171,1),(14463,3525,172,1),(14464,3526,3,1),(14465,3526,4,1),(14466,3526,171,1),(14467,3526,172,1),(14468,3527,3,1),(14469,3527,4,1),(14470,3527,171,1),(14471,3527,172,1),(14472,3528,3,1),(14473,3528,4,1),(14474,3528,171,1),(14475,3528,172,1),(14476,3529,3,1),(14477,3529,4,1),(14478,3529,171,1),(14479,3529,172,1),(14480,3530,3,1),(14481,3530,4,1),(14482,3530,171,1),(14483,3530,172,1),(14484,3531,3,1),(14485,3531,4,1),(14486,3531,171,1),(14487,3531,172,1),(14488,3532,3,1),(14489,3532,4,1),(14490,3532,171,1),(14491,3532,172,1),(14492,3533,3,1),(14493,3533,4,1),(14494,3533,171,1),(14495,3533,172,1),(14496,3534,3,1),(14497,3534,4,1),(14498,3534,171,1),(14499,3534,172,1),(14500,3535,3,1),(14501,3535,4,1),(14502,3535,171,1),(14503,3535,172,1),(14504,3536,3,1),(14505,3536,4,1),(14506,3536,171,1),(14507,3536,172,1),(14508,3537,3,1),(14509,3537,4,1),(14510,3537,171,1),(14511,3537,172,1),(14512,3538,3,1),(14513,3538,4,1),(14514,3538,171,1),(14515,3538,172,1),(14516,3539,3,1),(14517,3539,4,1),(14518,3539,171,1),(14519,3539,172,1),(14520,3540,3,1),(14521,3540,4,1),(14522,3540,171,1),(14523,3540,172,1),(14524,3541,3,1),(14525,3541,4,1),(14526,3541,171,1),(14527,3541,172,1),(14528,3542,3,1),(14529,3542,4,1),(14530,3542,171,1),(14531,3542,172,1),(14532,3543,3,1),(14533,3543,4,1),(14534,3543,171,1),(14535,3543,172,1),(14536,3544,3,1),(14537,3544,4,1),(14538,3544,171,1),(14539,3544,172,1),(14540,3545,3,1),(14541,3545,4,1),(14542,3545,171,1),(14543,3545,172,1),(14544,3546,3,1),(14545,3546,4,1),(14546,3546,171,1),(14547,3546,172,1),(14548,3547,3,1),(14549,3547,4,1),(14550,3547,171,1),(14551,3547,172,1),(14552,3548,3,1),(14553,3548,4,1),(14554,3548,171,1),(14555,3548,172,1),(14556,3549,3,1),(14557,3549,4,1),(14558,3549,171,1),(14559,3549,172,1),(14560,3550,3,1),(14561,3550,4,1),(14562,3550,171,1),(14563,3550,172,1),(14564,3551,3,1),(14565,3551,4,1),(14566,3551,171,1),(14567,3551,172,1),(14568,3552,3,1),(14569,3552,4,1),(14570,3552,171,1),(14571,3552,172,1),(14572,3553,3,1),(14573,3553,4,1),(14574,3553,171,1),(14575,3553,172,1),(14576,3554,3,1),(14577,3554,4,1),(14578,3554,171,1),(14579,3554,172,1),(14580,3555,3,1),(14581,3555,4,1),(14582,3555,171,1),(14583,3555,172,1),(14584,3556,3,1),(14585,3556,4,1),(14586,3556,171,1),(14587,3556,172,1),(14588,3557,3,1),(14589,3557,4,1),(14590,3557,171,1),(14591,3557,172,1),(14592,3558,3,1),(14593,3558,4,1),(14594,3558,171,1),(14595,3558,172,1),(14596,3559,3,1),(14597,3559,4,1),(14598,3559,171,1),(14599,3559,172,1),(14600,3560,3,1),(14601,3560,4,1),(14602,3560,171,1),(14603,3560,172,1),(14604,3561,3,1),(14605,3561,4,1),(14606,3561,171,1),(14607,3561,172,1),(14608,3562,3,1),(14609,3562,4,1),(14610,3562,171,1),(14611,3562,172,1),(14612,3563,3,1),(14613,3563,4,1),(14614,3563,171,1),(14615,3563,172,1),(14616,3564,3,1),(14617,3564,4,1),(14618,3564,171,1),(14619,3564,172,1),(14620,3565,3,1),(14621,3565,4,1),(14622,3565,171,1),(14623,3565,172,1),(14624,3566,3,1),(14625,3566,4,1),(14626,3566,171,1),(14627,3566,172,1),(14628,3567,3,1),(14629,3567,4,1),(14630,3567,171,1),(14631,3567,172,1),(14632,3568,3,1),(14633,3568,4,1),(14634,3568,171,1),(14635,3568,172,1),(14636,3569,3,1),(14637,3569,4,1),(14638,3569,171,1),(14639,3569,172,1),(14640,3570,3,1),(14641,3570,4,1),(14642,3570,171,1),(14643,3570,172,1),(14644,3571,3,1),(14645,3571,4,1),(14646,3571,171,1),(14647,3571,172,1),(14648,3572,3,1),(14649,3572,4,1),(14650,3572,171,1),(14651,3572,172,1),(14652,3573,3,1),(14653,3573,4,1),(14654,3573,171,1),(14655,3573,172,1),(14656,3574,3,1),(14657,3574,4,1),(14658,3574,171,1),(14659,3574,172,1),(14660,3575,3,1),(14661,3575,4,1),(14662,3575,171,1),(14663,3575,172,1),(14664,3576,3,1),(14665,3576,4,1),(14666,3576,171,1),(14667,3576,172,1),(14668,3577,3,1),(14669,3577,4,1),(14670,3577,171,1),(14671,3577,172,1),(14672,3578,3,1),(14673,3578,4,1),(14674,3578,171,1),(14675,3578,172,1),(14676,3579,3,1),(14677,3579,4,1),(14678,3579,171,1),(14679,3579,172,1),(14680,3580,3,1),(14681,3580,4,1),(14682,3580,171,1),(14683,3580,172,1),(14684,3581,3,1),(14685,3581,4,1),(14686,3581,171,1),(14687,3581,172,1),(14688,3582,3,1),(14689,3582,4,1),(14690,3582,171,1),(14691,3582,172,1),(14692,3583,3,1),(14693,3583,4,1),(14694,3583,171,1),(14695,3583,172,1),(14696,3584,3,1),(14697,3584,4,1),(14698,3584,171,1),(14699,3584,172,1),(14700,3585,3,1),(14701,3585,4,1),(14702,3585,171,1),(14703,3585,172,1),(14704,3586,3,1),(14705,3586,4,1),(14706,3586,171,1),(14707,3586,172,1),(14708,3587,3,1),(14709,3587,4,1),(14710,3587,171,1),(14711,3587,172,1),(14712,3588,3,1),(14713,3588,4,1),(14714,3588,171,1),(14715,3588,172,1),(14716,3589,3,1),(14717,3589,4,1),(14718,3589,171,1),(14719,3589,172,1),(14720,3590,3,1),(14721,3590,4,1),(14722,3590,171,1),(14723,3590,172,1),(14724,3591,3,1),(14725,3591,4,1),(14726,3591,171,1),(14727,3591,172,1),(14728,3592,3,1),(14729,3592,4,1),(14730,3592,171,1),(14731,3592,172,1),(14732,3593,3,1),(14733,3593,4,1),(14734,3593,171,1),(14735,3593,172,1),(14736,3594,3,1),(14737,3594,4,1),(14738,3594,171,1),(14739,3594,172,1),(14740,3595,3,1),(14741,3595,4,1),(14742,3595,171,1),(14743,3595,172,1),(14744,3596,3,1),(14745,3596,4,1),(14746,3596,171,1),(14747,3596,172,1),(14748,3597,3,1),(14749,3597,4,1),(14750,3597,171,1),(14751,3597,172,1),(14752,3598,3,1),(14753,3598,4,1),(14754,3598,171,1),(14755,3598,172,1),(14756,3599,3,1),(14757,3599,4,1),(14758,3599,171,1),(14759,3599,172,1),(14760,3600,3,1),(14761,3600,4,1),(14762,3600,171,1),(14763,3600,172,1),(14764,3601,3,1),(14765,3601,4,1),(14766,3601,171,1),(14767,3601,172,1),(14768,3602,3,1),(14769,3602,4,1),(14770,3602,171,1),(14771,3602,172,1),(14772,3603,3,1),(14773,3603,4,1),(14774,3603,171,1),(14775,3603,172,1),(14776,3604,3,1),(14777,3604,4,1),(14778,3604,171,1),(14779,3604,172,1),(14780,3605,3,1),(14781,3605,4,1),(14782,3605,171,1),(14783,3605,172,1),(14784,3606,3,1),(14785,3606,4,1),(14786,3606,171,1),(14787,3606,172,1),(14788,3607,3,1),(14789,3607,4,1),(14790,3607,171,1),(14791,3607,172,1),(14792,3608,3,1),(14793,3608,4,1),(14794,3608,171,1),(14795,3608,172,1),(14796,3609,3,1),(14797,3609,4,1),(14798,3609,171,1),(14799,3609,172,1),(14800,3610,3,1),(14801,3610,4,1),(14802,3610,171,1),(14803,3610,172,1),(14804,3611,3,1),(14805,3611,4,1),(14806,3611,171,1),(14807,3611,172,1),(14808,3612,3,1),(14809,3612,4,1),(14810,3612,171,1),(14811,3612,172,1),(14812,3613,3,1),(14813,3613,4,1),(14814,3613,171,1),(14815,3613,172,1),(14816,3614,3,1),(14817,3614,4,1),(14818,3614,171,1),(14819,3614,172,1),(14820,3615,3,1),(14821,3615,4,1),(14822,3615,171,1),(14823,3615,172,1),(14824,3616,3,1),(14825,3616,4,1),(14826,3616,171,1),(14827,3616,172,1),(14828,3617,3,1),(14829,3617,4,1),(14830,3617,171,1),(14831,3617,172,1),(14832,3618,3,1),(14833,3618,4,1),(14834,3618,171,1),(14835,3618,172,1),(14836,3619,3,1),(14837,3619,4,1),(14838,3619,171,1),(14839,3619,172,1),(14840,3620,3,1),(14841,3620,4,1),(14842,3620,171,1),(14843,3620,172,1),(14844,3621,3,1),(14845,3621,4,1),(14846,3621,171,1),(14847,3621,172,1),(14848,3622,3,1),(14849,3622,4,1),(14850,3622,171,1),(14851,3622,172,1),(14852,3623,3,1),(14853,3623,4,1),(14854,3623,171,1),(14855,3623,172,1),(14856,3624,3,1),(14857,3624,4,1),(14858,3624,171,1),(14859,3624,172,1),(14860,3625,3,1),(14861,3625,4,1),(14862,3625,171,1),(14863,3625,172,1),(14864,3626,3,1),(14865,3626,4,1),(14866,3626,171,1),(14867,3626,172,1),(14868,3627,3,1),(14869,3627,4,1),(14870,3627,171,1),(14871,3627,172,1),(14872,3628,3,1),(14873,3628,4,1),(14874,3628,171,1),(14875,3628,172,1),(14876,3629,3,1),(14877,3629,4,1),(14878,3629,171,1),(14879,3629,172,1),(14880,3630,3,1),(14881,3630,4,1),(14882,3630,171,1),(14883,3630,172,1),(14884,3631,3,1),(14885,3631,4,1),(14886,3631,171,1),(14887,3631,172,1),(14888,3632,3,1),(14889,3632,4,1),(14890,3632,171,1),(14891,3632,172,1),(14892,3633,3,1),(14893,3633,4,1),(14894,3633,171,1),(14895,3633,172,1),(14896,3634,3,1),(14897,3634,4,1),(14898,3634,171,1),(14899,3634,172,1),(14900,3635,3,1),(14901,3635,4,1),(14902,3635,171,1),(14903,3635,172,1),(14904,3636,3,1),(14905,3636,4,1),(14906,3636,171,1),(14907,3636,172,1),(14908,3637,3,1),(14909,3637,4,1),(14910,3637,171,1),(14911,3637,172,1),(14912,3638,3,1),(14913,3638,4,1),(14914,3638,171,1),(14915,3638,172,1),(14916,3639,3,1),(14917,3639,4,1),(14918,3639,171,1),(14919,3639,172,1),(14920,3640,3,1),(14921,3640,4,1),(14922,3640,171,1),(14923,3640,172,1),(14924,3641,3,1),(14925,3641,4,1),(14926,3641,171,1),(14927,3641,172,1),(14928,3642,3,1),(14929,3642,4,1),(14930,3642,171,1),(14931,3642,172,1),(14932,3643,3,1),(14933,3643,4,1),(14934,3643,171,1),(14935,3643,172,1),(14936,3644,3,1),(14937,3644,4,1),(14938,3644,171,1),(14939,3644,172,1),(14940,3645,3,1),(14941,3645,4,1),(14942,3645,171,1),(14943,3645,172,1),(14944,3646,3,1),(14945,3646,4,1),(14946,3646,171,1),(14947,3646,172,1),(14948,3647,3,1),(14949,3647,4,1),(14950,3647,171,1),(14951,3647,172,1),(14952,3648,3,1),(14953,3648,4,1),(14954,3648,171,1),(14955,3648,172,1),(14956,3649,3,1),(14957,3649,4,1),(14958,3649,171,1),(14959,3649,172,1),(14960,3650,3,1),(14961,3650,4,1),(14962,3650,171,1),(14963,3650,172,1),(14964,3651,3,1),(14965,3651,4,1),(14966,3651,171,1),(14967,3651,172,1),(14968,3652,3,1),(14969,3652,4,1),(14970,3652,171,1),(14971,3652,172,1),(14972,3653,3,1),(14973,3653,4,1),(14974,3653,171,1),(14975,3653,172,1),(14976,3654,3,1),(14977,3654,4,1),(14978,3654,171,1),(14979,3654,172,1),(14980,3655,3,1),(14981,3655,4,1),(14982,3655,171,1),(14983,3655,172,1),(14984,3656,3,1),(14985,3656,4,1),(14986,3656,171,1),(14987,3656,172,1),(14988,3657,3,1),(14989,3657,4,1),(14990,3657,171,1),(14991,3657,172,1),(14992,3658,3,1),(14993,3658,4,1),(14994,3658,171,1),(14995,3658,172,1),(14996,3659,3,1),(14997,3659,4,1),(14998,3659,171,1),(14999,3659,172,1),(15000,3660,3,1),(15001,3660,4,1),(15002,3660,171,1),(15003,3660,172,1),(15004,3661,3,1),(15005,3661,4,1),(15006,3661,171,1),(15007,3661,172,1),(15008,3662,3,1),(15009,3662,4,1),(15010,3662,171,1),(15011,3662,172,1),(15012,3663,3,1),(15013,3663,4,1),(15014,3663,171,1),(15015,3663,172,1),(15016,3664,3,1),(15017,3664,4,1),(15018,3664,171,1),(15019,3664,172,1),(15020,3665,3,1),(15021,3665,4,1),(15022,3665,171,1),(15023,3665,172,1),(15024,3666,3,1),(15025,3666,4,1),(15026,3666,171,1),(15027,3666,172,1),(15028,3667,3,1),(15029,3667,4,1),(15030,3667,171,1),(15031,3667,172,1),(15032,3668,3,1),(15033,3668,4,1),(15034,3668,171,1),(15035,3668,172,1),(15036,3669,3,1),(15037,3669,4,1),(15038,3669,171,1),(15039,3669,172,1),(15040,3670,3,1),(15041,3670,4,1),(15042,3670,171,1),(15043,3670,172,1),(15044,3671,3,1),(15045,3671,4,1),(15046,3671,171,1),(15047,3671,172,1),(15048,3672,3,1),(15049,3672,4,1),(15050,3672,171,1),(15051,3672,172,1),(15052,3673,3,1),(15053,3673,4,1),(15054,3673,171,1),(15055,3673,172,1),(15056,3674,3,1),(15057,3674,4,1),(15058,3674,171,1),(15059,3674,172,1),(15060,3675,3,1),(15061,3675,4,1),(15062,3675,171,1),(15063,3675,172,1),(15064,3676,3,1),(15065,3676,4,1),(15066,3676,171,1),(15067,3676,172,1),(15068,3677,3,1),(15069,3677,4,1),(15070,3677,171,1),(15071,3677,172,1),(15072,3678,3,1),(15073,3678,4,1),(15074,3678,171,1),(15075,3678,172,1),(15076,3679,3,1),(15077,3679,4,1),(15078,3679,171,1),(15079,3679,172,1),(15080,3680,3,1),(15081,3680,4,1),(15082,3680,171,1),(15083,3680,172,1),(15084,3681,3,1),(15085,3681,4,1),(15086,3681,171,1),(15087,3681,172,1),(15088,3682,3,1),(15089,3682,4,1),(15090,3682,171,1),(15091,3682,172,1),(15092,3683,3,1),(15093,3683,4,1),(15094,3683,171,1),(15095,3683,172,1),(15096,3684,3,1),(15097,3684,4,1),(15098,3684,171,1),(15099,3684,172,1),(15100,3685,3,1),(15101,3685,4,1),(15102,3685,171,1),(15103,3685,172,1),(15104,3686,3,1),(15105,3686,4,1),(15106,3686,171,1),(15107,3686,172,1),(15108,3687,3,1),(15109,3687,4,1),(15110,3687,171,1),(15111,3687,172,1),(15112,3688,3,1),(15113,3688,4,1),(15114,3688,171,1),(15115,3688,172,1),(15116,3689,3,1),(15117,3689,4,1),(15118,3689,171,1),(15119,3689,172,1),(15120,3690,3,1),(15121,3690,4,1),(15122,3690,171,1),(15123,3690,172,1),(15124,3691,3,1),(15125,3691,4,1),(15126,3691,171,1),(15127,3691,172,1),(15128,3692,3,1),(15129,3692,4,1),(15130,3692,171,1),(15131,3692,172,1),(15132,3693,3,1),(15133,3693,4,1),(15134,3693,171,1),(15135,3693,172,1),(15136,3694,3,1),(15137,3694,4,1),(15138,3694,171,1),(15139,3694,172,1),(15140,3695,3,1),(15141,3695,4,1),(15142,3695,171,1),(15143,3695,172,1),(15144,3696,3,1),(15145,3696,4,1),(15146,3696,171,1),(15147,3696,172,1),(15148,3697,3,1),(15149,3697,4,1),(15150,3697,171,1),(15151,3697,172,1),(15152,3698,3,1),(15153,3698,4,1),(15154,3698,171,1),(15155,3698,172,1),(15156,3699,3,1),(15157,3699,4,1),(15158,3699,171,1),(15159,3699,172,1),(15160,3700,3,1),(15161,3700,4,1),(15162,3700,171,1),(15163,3700,172,1),(15164,3701,3,1),(15165,3701,4,1),(15166,3701,171,1),(15167,3701,172,1),(15168,3702,3,1),(15169,3702,4,1),(15170,3702,171,1),(15171,3702,172,1),(15172,3703,3,1),(15173,3703,4,1),(15174,3703,171,1),(15175,3703,172,1),(15176,3704,3,1),(15177,3704,4,1),(15178,3704,171,1),(15179,3704,172,1),(15180,3705,3,1),(15181,3705,4,1),(15182,3705,171,1),(15183,3705,172,1),(15184,3706,3,1),(15185,3706,4,1),(15186,3706,171,1),(15187,3706,172,1),(15188,3707,3,1),(15189,3707,4,1),(15190,3707,171,1),(15191,3707,172,1),(15192,3708,3,1),(15193,3708,4,1),(15194,3708,171,1),(15195,3708,172,1),(15196,3709,3,1),(15197,3709,4,1),(15198,3709,171,1),(15199,3709,172,1),(15200,3710,3,1),(15201,3710,4,1),(15202,3710,171,1),(15203,3710,172,1),(15204,3711,3,1),(15205,3711,4,1),(15206,3711,171,1),(15207,3711,172,1),(15208,3712,3,1),(15209,3712,4,1),(15210,3712,171,1),(15211,3712,172,1),(15212,3713,3,1),(15213,3713,4,1),(15214,3713,171,1),(15215,3713,172,1),(15216,3714,3,1),(15217,3714,4,1),(15218,3714,171,1),(15219,3714,172,1),(15220,3715,3,1),(15221,3715,4,1),(15222,3715,171,1),(15223,3715,172,1),(15224,3716,3,1),(15225,3716,4,1),(15226,3716,171,1),(15227,3716,172,1),(15228,3717,3,1),(15229,3717,4,1),(15230,3717,171,1),(15231,3717,172,1),(15232,3718,3,1),(15233,3718,4,1),(15234,3718,171,1),(15235,3718,172,1),(15236,3719,3,1),(15237,3719,4,1),(15238,3719,171,1),(15239,3719,172,1),(15240,3720,3,1),(15241,3720,4,1),(15242,3720,171,1),(15243,3720,172,1),(15244,3721,3,1),(15245,3721,4,1),(15246,3721,171,1),(15247,3721,172,1),(15248,3722,3,1),(15249,3722,4,1),(15250,3722,171,1),(15251,3722,172,1),(15252,3723,3,1),(15253,3723,4,1),(15254,3723,171,1),(15255,3723,172,1),(15256,3724,3,1),(15257,3724,4,1),(15258,3724,171,1),(15259,3724,172,1),(15260,3725,3,1),(15261,3725,4,1),(15262,3725,171,1),(15263,3725,172,1),(15264,3726,3,1),(15265,3726,4,1),(15266,3726,171,1),(15267,3726,172,1),(15268,3727,3,1),(15269,3727,4,1),(15270,3727,171,1),(15271,3727,172,1),(15272,3728,3,1),(15273,3728,4,1),(15274,3728,171,1),(15275,3728,172,1),(15276,3729,3,1),(15277,3729,4,1),(15278,3729,171,1),(15279,3729,172,1),(15280,3730,3,1),(15281,3730,4,1),(15282,3730,171,1),(15283,3730,172,1),(15284,3731,3,1),(15285,3731,4,1),(15286,3731,171,1),(15287,3731,172,1),(15288,3732,3,1),(15289,3732,4,1),(15290,3732,171,1),(15291,3732,172,1),(15292,3733,3,1),(15293,3733,4,1),(15294,3733,171,1),(15295,3733,172,1),(15296,3734,3,1),(15297,3734,4,1),(15298,3734,171,1),(15299,3734,172,1),(15300,3735,3,1),(15301,3735,4,1),(15302,3735,171,1),(15303,3735,172,1),(15304,3736,3,1),(15305,3736,4,1),(15306,3736,171,1),(15307,3736,172,1),(15308,3737,3,1),(15309,3737,4,1),(15310,3737,171,1),(15311,3737,172,1),(15312,3738,3,1),(15313,3738,4,1),(15314,3738,171,1),(15315,3738,172,1),(15316,3739,3,1),(15317,3739,4,1),(15318,3739,171,1),(15319,3739,172,1),(15320,3740,3,1),(15321,3740,4,1),(15322,3740,171,1),(15323,3740,172,1),(15324,3741,3,1),(15325,3741,4,1),(15326,3741,171,1),(15327,3741,172,1),(15328,3742,3,1),(15329,3742,4,1),(15330,3742,171,1),(15331,3742,172,1),(15332,3743,3,1),(15333,3743,4,1),(15334,3743,171,1),(15335,3743,172,1),(15336,3744,3,1),(15337,3744,4,1),(15338,3744,171,1),(15339,3744,172,1),(15340,3745,3,1),(15341,3745,4,1),(15342,3745,171,1),(15343,3745,172,1),(15344,3746,3,1),(15345,3746,4,1),(15346,3746,171,1),(15347,3746,172,1),(15348,3747,3,1),(15349,3747,4,1),(15350,3747,171,1),(15351,3747,172,1),(15352,3748,3,1),(15353,3748,4,1),(15354,3748,171,1),(15355,3748,172,1),(15356,3749,3,1),(15357,3749,4,1),(15358,3749,171,1),(15359,3749,172,1),(15360,3750,3,1),(15361,3750,4,1),(15362,3750,171,1),(15363,3750,172,1),(15364,3751,3,1),(15365,3751,4,1),(15366,3751,171,1),(15367,3751,172,1),(15368,3752,3,1),(15369,3752,4,1),(15370,3752,171,1),(15371,3752,172,1),(15372,3753,3,1),(15373,3753,4,1),(15374,3753,171,1),(15375,3753,172,1),(15376,3754,3,1),(15377,3754,4,1),(15378,3754,171,1),(15379,3754,172,1),(15380,3755,3,1),(15381,3755,4,1),(15382,3755,171,1),(15383,3755,172,1),(15384,3756,3,1),(15385,3756,4,1),(15386,3756,171,1),(15387,3756,172,1),(15388,3757,3,1),(15389,3757,4,1),(15390,3757,171,1),(15391,3757,172,1),(15392,3758,3,1),(15393,3758,4,1),(15394,3758,171,1),(15395,3758,172,1),(15396,3759,3,1),(15397,3759,4,1),(15398,3759,171,1),(15399,3759,172,1),(15400,3760,3,1),(15401,3760,4,1),(15402,3760,171,1),(15403,3760,172,1),(15404,3761,3,1),(15405,3761,4,1),(15406,3761,171,1),(15407,3761,172,1),(15408,3762,3,1),(15409,3762,4,1),(15410,3762,171,1),(15411,3762,172,1),(15412,3763,3,1),(15413,3763,4,1),(15414,3763,171,1),(15415,3763,172,1),(15416,3764,3,1),(15417,3764,4,1),(15418,3764,171,1),(15419,3764,172,1),(15420,3765,3,1),(15421,3765,4,1),(15422,3765,171,1),(15423,3765,172,1),(15424,3766,3,1),(15425,3766,4,1),(15426,3766,171,1),(15427,3766,172,1),(15428,3767,3,1),(15429,3767,4,1),(15430,3767,171,1),(15431,3767,172,1),(15432,3768,3,1),(15433,3768,4,1),(15434,3768,171,1),(15435,3768,172,1),(15436,3769,3,1),(15437,3769,4,1),(15438,3769,171,1),(15439,3769,172,1),(15440,3770,3,1),(15441,3770,4,1),(15442,3770,171,1),(15443,3770,172,1),(15444,3771,3,1),(15445,3771,4,1),(15446,3771,171,1),(15447,3771,172,1),(15448,3772,3,1),(15449,3772,4,1),(15450,3772,171,1),(15451,3772,172,1),(15452,3773,3,1),(15453,3773,4,1),(15454,3773,171,1),(15455,3773,172,1),(15456,3774,3,1),(15457,3774,4,1),(15458,3774,171,1),(15459,3774,172,1),(15460,3775,3,1),(15461,3775,4,1),(15462,3775,171,1),(15463,3775,172,1),(15464,3776,3,1),(15465,3776,4,1),(15466,3776,171,1),(15467,3776,172,1),(15468,3777,3,1),(15469,3777,4,1),(15470,3777,171,1),(15471,3777,172,1),(15472,3778,3,1),(15473,3778,4,1),(15474,3778,171,1),(15475,3778,172,1),(15476,3779,3,1),(15477,3779,4,1),(15478,3779,171,1),(15479,3779,172,1),(15480,3780,3,1),(15481,3780,4,1),(15482,3780,171,1),(15483,3780,172,1),(15484,3781,3,1),(15485,3781,4,1),(15486,3781,171,1),(15487,3781,172,1),(15488,3782,3,1),(15489,3782,4,1),(15490,3782,171,1),(15491,3782,172,1),(15492,3783,3,1),(15493,3783,4,1),(15494,3783,171,1),(15495,3783,172,1),(15496,3784,3,1),(15497,3784,4,1),(15498,3784,171,1),(15499,3784,172,1),(15500,3785,3,1),(15501,3785,4,1),(15502,3785,171,1),(15503,3785,172,1),(15504,3786,3,1),(15505,3786,4,1),(15506,3786,171,1),(15507,3786,172,1),(15508,3787,3,1),(15509,3787,4,1),(15510,3787,171,1),(15511,3787,172,1),(15512,3788,3,1),(15513,3788,4,1),(15514,3788,171,1),(15515,3788,172,1),(15516,3789,3,1),(15517,3789,4,1),(15518,3789,171,1),(15519,3789,172,1),(15520,3790,3,1),(15521,3790,4,1),(15522,3790,171,1),(15523,3790,172,1),(15524,3791,3,1),(15525,3791,4,1),(15526,3791,171,1),(15527,3791,172,1),(15528,3792,3,1),(15529,3792,4,1),(15530,3792,171,1),(15531,3792,172,1),(15532,3793,3,1),(15533,3793,4,1),(15534,3793,171,1),(15535,3793,172,1),(15536,3794,3,1),(15537,3794,4,1),(15538,3794,171,1),(15539,3794,172,1),(15540,3795,3,1),(15541,3795,4,1),(15542,3795,171,1),(15543,3795,172,1),(15544,3796,3,1),(15545,3796,4,1),(15546,3796,171,1),(15547,3796,172,1),(15548,3797,3,1),(15549,3797,4,1),(15550,3797,171,1),(15551,3797,172,1),(15552,3798,3,1),(15553,3798,4,1),(15554,3798,171,1),(15555,3798,172,1),(15556,3799,3,1),(15557,3799,4,1),(15558,3799,171,1),(15559,3799,172,1),(15560,3800,3,1),(15561,3800,4,1),(15562,3800,171,1),(15563,3800,172,1),(15564,3801,3,1),(15565,3801,4,1),(15566,3801,171,1),(15567,3801,172,1),(15568,3802,3,1),(15569,3802,4,1),(15570,3802,171,1),(15571,3802,172,1),(15572,3803,3,1),(15573,3803,4,1),(15574,3803,171,1),(15575,3803,172,1),(15576,3804,3,1),(15577,3804,4,1),(15578,3804,171,1),(15579,3804,172,1),(15580,3805,3,1),(15581,3805,4,1),(15582,3805,171,1),(15583,3805,172,1),(15584,3806,3,1),(15585,3806,4,1),(15586,3806,171,1),(15587,3806,172,1),(15588,3807,3,1),(15589,3807,4,1),(15590,3807,171,1),(15591,3807,172,1),(15592,3808,3,1),(15593,3808,4,1),(15594,3808,171,1),(15595,3808,172,1),(15596,3809,3,1),(15597,3809,4,1),(15598,3809,171,1),(15599,3809,172,1),(15600,3810,3,1),(15601,3810,4,1),(15602,3810,171,1),(15603,3810,172,1),(15604,3811,3,1),(15605,3811,4,1),(15606,3811,171,1),(15607,3811,172,1),(15608,3812,3,1),(15609,3812,4,1),(15610,3812,171,1),(15611,3812,172,1),(15612,3813,3,1),(15613,3813,4,1),(15614,3813,171,1),(15615,3813,172,1),(15616,3814,3,1),(15617,3814,4,1),(15618,3814,171,1),(15619,3814,172,1),(15620,3815,3,1),(15621,3815,4,1),(15622,3815,171,1),(15623,3815,172,1),(15624,3816,3,1),(15625,3816,4,1),(15626,3816,171,1),(15627,3816,172,1),(15628,3817,3,1),(15629,3817,4,1),(15630,3817,171,1),(15631,3817,172,1),(15632,3818,3,1),(15633,3818,4,1),(15634,3818,171,1),(15635,3818,172,1),(15636,3819,3,1),(15637,3819,4,1),(15638,3819,171,1),(15639,3819,172,1),(15640,3820,3,1),(15641,3820,4,1),(15642,3820,171,1),(15643,3820,172,1),(15644,3821,3,1),(15645,3821,4,1),(15646,3821,171,1),(15647,3821,172,1),(15648,3822,3,1),(15649,3822,4,1),(15650,3822,171,1),(15651,3822,172,1),(15652,3823,3,1),(15653,3823,4,1),(15654,3823,171,1),(15655,3823,172,1),(15656,3824,3,1),(15657,3824,4,1),(15658,3824,171,1),(15659,3824,172,1),(15660,3825,3,1),(15661,3825,4,1),(15662,3825,171,1),(15663,3825,172,1),(15664,3826,3,1),(15665,3826,4,1),(15666,3826,171,1),(15667,3826,172,1),(15668,3827,3,1),(15669,3827,4,1),(15670,3827,171,1),(15671,3827,172,1),(15672,3828,3,1),(15673,3828,4,1),(15674,3828,171,1),(15675,3828,172,1),(15676,3829,3,1),(15677,3829,4,1),(15678,3829,171,1),(15679,3829,172,1),(15680,3830,3,1),(15681,3830,4,1),(15682,3830,171,1),(15683,3830,172,1),(15684,3831,3,1),(15685,3831,4,1),(15686,3831,171,1),(15687,3831,172,1),(15688,3832,3,1),(15689,3832,4,1),(15690,3832,171,1),(15691,3832,172,1),(15692,3833,3,1),(15693,3833,4,1),(15694,3833,171,1),(15695,3833,172,1),(15696,3834,3,1),(15697,3834,4,1),(15698,3834,171,1),(15699,3834,172,1),(15700,3835,3,1),(15701,3835,4,1),(15702,3835,171,1),(15703,3835,172,1),(15704,3836,3,1),(15705,3836,4,1),(15706,3836,171,1),(15707,3836,172,1),(15708,3837,3,1),(15709,3837,4,1),(15710,3837,171,1),(15711,3837,172,1),(15712,3838,3,1),(15713,3838,4,1),(15714,3838,171,1),(15715,3838,172,1),(15716,3839,3,1),(15717,3839,4,1),(15718,3839,171,1),(15719,3839,172,1),(15720,3840,3,1),(15721,3840,4,1),(15722,3840,171,1),(15723,3840,172,1),(15724,3841,3,1),(15725,3841,4,1),(15726,3841,171,1),(15727,3841,172,1),(15728,3842,3,1),(15729,3842,4,1),(15730,3842,171,1),(15731,3842,172,1),(15732,3843,3,1),(15733,3843,4,1),(15734,3843,171,1),(15735,3843,172,1),(15736,3844,3,1),(15737,3844,4,1),(15738,3844,171,1),(15739,3844,172,1),(15740,3845,3,1),(15741,3845,4,1),(15742,3845,171,1),(15743,3845,172,1),(15744,3846,3,1),(15745,3846,4,1),(15746,3846,171,1),(15747,3846,172,1),(15748,3847,3,1),(15749,3847,4,1),(15750,3847,171,1),(15751,3847,172,1),(15752,3848,3,1),(15753,3848,4,1),(15754,3848,171,1),(15755,3848,172,1),(15756,3849,3,1),(15757,3849,4,1),(15758,3849,171,1),(15759,3849,172,1),(15760,3850,3,1),(15761,3850,4,1),(15762,3850,171,1),(15763,3850,172,1),(15764,3851,3,1),(15765,3851,4,1),(15766,3851,171,1),(15767,3851,172,1),(15768,3852,3,1),(15769,3852,4,1),(15770,3852,171,1),(15771,3852,172,1),(15772,3853,3,1),(15773,3853,4,1),(15774,3853,171,1),(15775,3853,172,1),(15776,3854,3,1),(15777,3854,4,1),(15778,3854,171,1),(15779,3854,172,1),(15780,3855,3,1),(15781,3855,4,1),(15782,3855,171,1),(15783,3855,172,1),(15784,3856,3,1),(15785,3856,4,1),(15786,3856,171,1),(15787,3856,172,1),(15788,3857,3,1),(15789,3857,4,1),(15790,3857,171,1),(15791,3857,172,1),(15792,3858,3,1),(15793,3858,4,1),(15794,3858,171,1),(15795,3858,172,1),(15796,3859,3,1),(15797,3859,4,1),(15798,3859,171,1),(15799,3859,172,1),(15800,3860,3,1),(15801,3860,4,1),(15802,3860,171,1),(15803,3860,172,1),(15804,3861,3,1),(15805,3861,4,1),(15806,3861,171,1),(15807,3861,172,1),(15808,3862,3,1),(15809,3862,4,1),(15810,3862,171,1),(15811,3862,172,1),(15812,3863,3,1),(15813,3863,4,1),(15814,3863,171,1),(15815,3863,172,1),(15816,3864,3,1),(15817,3864,4,1),(15818,3864,171,1),(15819,3864,172,1),(15820,3865,3,1),(15821,3865,4,1),(15822,3865,171,1),(15823,3865,172,1),(15824,3866,3,1),(15825,3866,4,1),(15826,3866,171,1),(15827,3866,172,1),(15828,3867,3,1),(15829,3867,4,1),(15830,3867,171,1),(15831,3867,172,1),(15832,3868,3,1),(15833,3868,4,1),(15834,3868,171,1),(15835,3868,172,1),(15836,3869,3,1),(15837,3869,4,1),(15838,3869,171,1),(15839,3869,172,1),(15840,3870,3,1),(15841,3870,4,1),(15842,3870,171,1),(15843,3870,172,1),(15844,3871,3,1),(15845,3871,4,1),(15846,3871,171,1),(15847,3871,172,1),(15848,3872,3,1),(15849,3872,4,1),(15850,3872,171,1),(15851,3872,172,1),(15852,3873,3,1),(15853,3873,4,1),(15854,3873,171,1),(15855,3873,172,1),(15856,3874,3,1),(15857,3874,4,1),(15858,3874,171,1),(15859,3874,172,1),(15860,3875,3,1),(15861,3875,4,1),(15862,3875,171,1),(15863,3875,172,1),(15864,3876,3,1),(15865,3876,4,1),(15866,3876,171,1),(15867,3876,172,1),(15868,3877,3,1),(15869,3877,4,1),(15870,3877,171,1),(15871,3877,172,1),(15872,3878,3,1),(15873,3878,4,1),(15874,3878,171,1),(15875,3878,172,1),(15876,3879,3,1),(15877,3879,4,1),(15878,3879,171,1),(15879,3879,172,1),(15880,3880,3,1),(15881,3880,4,1),(15882,3880,171,1),(15883,3880,172,1),(15884,3881,3,1),(15885,3881,4,1),(15886,3881,171,1),(15887,3881,172,1),(15888,3882,3,1),(15889,3882,4,1),(15890,3882,171,1),(15891,3882,172,1),(15892,3883,3,1),(15893,3883,4,1),(15894,3883,171,1),(15895,3883,172,1),(15896,3884,3,1),(15897,3884,4,1),(15898,3884,171,1),(15899,3884,172,1),(15900,3885,3,1),(15901,3885,4,1),(15902,3885,171,1),(15903,3885,172,1),(15904,3886,3,1),(15905,3886,4,1),(15906,3886,171,1),(15907,3886,172,1),(15908,3887,3,1),(15909,3887,4,1),(15910,3887,171,1),(15911,3887,172,1),(15912,3888,3,1),(15913,3888,4,1),(15914,3888,171,1),(15915,3888,172,1),(15916,3889,3,1),(15917,3889,4,1),(15918,3889,171,1),(15919,3889,172,1),(15920,3890,3,1),(15921,3890,4,1),(15922,3890,171,1),(15923,3890,172,1),(15924,3891,3,1),(15925,3891,4,1),(15926,3891,171,1),(15927,3891,172,1),(15928,3892,3,1),(15929,3892,4,1),(15930,3892,171,1),(15931,3892,172,1),(15932,3893,3,1),(15933,3893,4,1),(15934,3893,171,1),(15935,3893,172,1),(15936,3894,3,1),(15937,3894,4,1),(15938,3894,171,1),(15939,3894,172,1),(15940,3895,3,1),(15941,3895,4,1),(15942,3895,171,1),(15943,3895,172,1),(15944,3896,3,1),(15945,3896,4,1),(15946,3896,171,1),(15947,3896,172,1),(15948,3897,3,1),(15949,3897,4,1),(15950,3897,171,1),(15951,3897,172,1),(15952,3898,3,1),(15953,3898,4,1),(15954,3898,171,1),(15955,3898,172,1),(15956,3899,3,1),(15957,3899,4,1),(15958,3899,171,1),(15959,3899,172,1),(15960,3900,3,1),(15961,3900,4,1),(15962,3900,171,1),(15963,3900,172,1),(15964,3901,3,1),(15965,3901,4,1),(15966,3901,171,1),(15967,3901,172,1),(15968,3902,3,1),(15969,3902,4,1),(15970,3902,171,1),(15971,3902,172,1),(15972,3903,3,1),(15973,3903,4,1),(15974,3903,171,1),(15975,3903,172,1),(15976,3904,3,1),(15977,3904,4,1),(15978,3904,171,1),(15979,3904,172,1),(15980,3905,3,1),(15981,3905,4,1),(15982,3905,171,1),(15983,3905,172,1),(15984,3906,3,1),(15985,3906,4,1),(15986,3906,171,1),(15987,3906,172,1),(15988,3907,3,1),(15989,3907,4,1),(15990,3907,171,1),(15991,3907,172,1),(15992,3908,3,1),(15993,3908,4,1),(15994,3908,171,1),(15995,3908,172,1),(15996,3909,3,1),(15997,3909,4,1),(15998,3909,171,1),(15999,3909,172,1),(16000,3910,3,1),(16001,3910,4,1),(16002,3910,171,1),(16003,3910,172,1),(16004,3911,3,1),(16005,3911,4,1),(16006,3911,171,1),(16007,3911,172,1),(16008,3912,3,1),(16009,3912,4,1),(16010,3912,171,1),(16011,3912,172,1),(16012,3913,3,1),(16013,3913,4,1),(16014,3913,171,1),(16015,3913,172,1),(16016,3914,3,1),(16017,3914,4,1),(16018,3914,171,1),(16019,3914,172,1),(16020,3915,3,1),(16021,3915,4,1),(16022,3915,171,1),(16023,3915,172,1),(16024,3916,3,1),(16025,3916,4,1),(16026,3916,171,1),(16027,3916,172,1),(16028,3917,3,1),(16029,3917,4,1),(16030,3917,171,1),(16031,3917,172,1),(16032,3918,3,1),(16033,3918,4,1),(16034,3918,171,1),(16035,3918,172,1),(16036,3919,3,1),(16037,3919,4,1),(16038,3919,171,1),(16039,3919,172,1),(16040,3920,3,1),(16041,3920,4,1),(16042,3920,171,1),(16043,3920,172,1),(16044,3921,3,1),(16045,3921,4,1),(16046,3921,171,1),(16047,3921,172,1),(16048,3922,3,1),(16049,3922,4,1),(16050,3922,171,1),(16051,3922,172,1),(16052,3923,3,1),(16053,3923,4,1),(16054,3923,171,1),(16055,3923,172,1),(16056,3924,3,1),(16057,3924,4,1),(16058,3924,171,1),(16059,3924,172,1),(16060,3925,3,1),(16061,3925,4,1),(16062,3925,171,1),(16063,3925,172,1),(16064,3926,3,1),(16065,3926,4,1),(16066,3926,171,1),(16067,3926,172,1),(16068,3927,3,1),(16069,3927,4,1),(16070,3927,171,1),(16071,3927,172,1),(16072,3928,3,1),(16073,3928,4,1),(16074,3928,171,1),(16075,3928,172,1),(16076,3929,3,1),(16077,3929,4,1),(16078,3929,171,1),(16079,3929,172,1),(16080,3930,3,1),(16081,3930,4,1),(16082,3930,171,1),(16083,3930,172,1),(16084,3931,3,1),(16085,3931,4,1),(16086,3931,171,1),(16087,3931,172,1),(16088,3932,3,1),(16089,3932,4,1),(16090,3932,171,1),(16091,3932,172,1),(16092,3933,3,1),(16093,3933,4,1),(16094,3933,171,1),(16095,3933,172,1),(16096,3934,3,1),(16097,3934,4,1),(16098,3934,171,1),(16099,3934,172,1),(16100,3935,3,1),(16101,3935,4,1),(16102,3935,171,1),(16103,3935,172,1),(16104,3936,3,1),(16105,3936,4,1),(16106,3936,171,1),(16107,3936,172,1),(16108,3937,3,1),(16109,3937,4,1),(16110,3937,171,1),(16111,3937,172,1),(16112,3938,3,1),(16113,3938,4,1),(16114,3938,171,1),(16115,3938,172,1),(16116,3939,3,1),(16117,3939,4,1),(16118,3939,171,1),(16119,3939,172,1),(16120,3940,3,1),(16121,3940,4,1),(16122,3940,171,1),(16123,3940,172,1),(16124,3941,3,1),(16125,3941,4,1),(16126,3941,171,1),(16127,3941,172,1),(16128,3942,3,1),(16129,3942,4,1),(16130,3942,171,1),(16131,3942,172,1),(16132,3943,3,1),(16133,3943,4,1),(16134,3943,171,1),(16135,3943,172,1),(16136,3944,3,1),(16137,3944,4,1),(16138,3944,171,1),(16139,3944,172,1),(16140,3945,3,1),(16141,3945,4,1),(16142,3945,171,1),(16143,3945,172,1),(16144,3946,3,1),(16145,3946,4,1),(16146,3946,171,1),(16147,3946,172,1),(16148,3947,3,1),(16149,3947,4,1),(16150,3947,171,1),(16151,3947,172,1),(16152,3948,3,1),(16153,3948,4,1),(16154,3948,171,1),(16155,3948,172,1),(16156,3949,3,1),(16157,3949,4,1),(16158,3949,171,1),(16159,3949,172,1),(16160,3950,3,1),(16161,3950,4,1),(16162,3950,171,1),(16163,3950,172,1),(16164,3951,3,1),(16165,3951,4,1),(16166,3951,171,1),(16167,3951,172,1),(16168,3952,3,1),(16169,3952,4,1),(16170,3952,171,1),(16171,3952,172,1),(16172,3953,3,1),(16173,3953,4,1),(16174,3953,171,1),(16175,3953,172,1),(16176,3954,3,1),(16177,3954,4,1),(16178,3954,171,1),(16179,3954,172,1),(16180,3955,3,1),(16181,3955,4,1),(16182,3955,171,1),(16183,3955,172,1),(16184,3956,3,1),(16185,3956,4,1),(16186,3956,171,1),(16187,3956,172,1),(16188,3957,3,1),(16189,3957,4,1),(16190,3957,171,1),(16191,3957,172,1),(16192,3958,3,1),(16193,3958,4,1),(16194,3958,171,1),(16195,3958,172,1),(16196,3959,3,1),(16197,3959,4,1),(16198,3959,171,1),(16199,3959,172,1),(16200,3960,3,1),(16201,3960,4,1),(16202,3960,171,1),(16203,3960,172,1),(16204,3961,3,1),(16205,3961,4,1),(16206,3961,171,1),(16207,3961,172,1),(16208,3962,3,1),(16209,3962,4,1),(16210,3962,171,1),(16211,3962,172,1),(16212,3963,3,1),(16213,3963,4,1),(16214,3963,171,1),(16215,3963,172,1),(16216,3964,3,1),(16217,3964,4,1),(16218,3964,171,1),(16219,3964,172,1),(16220,3965,3,1),(16221,3965,4,1),(16222,3965,171,1),(16223,3965,172,1),(16224,3966,3,1),(16225,3966,4,1),(16226,3966,171,1),(16227,3966,172,1),(16228,3967,3,1),(16229,3967,4,1),(16230,3967,171,1),(16231,3967,172,1),(16232,3968,3,1),(16233,3968,4,1),(16234,3968,171,1),(16235,3968,172,1),(16236,3969,3,1),(16237,3969,4,1),(16238,3969,171,1),(16239,3969,172,1),(16240,3970,3,1),(16241,3970,4,1),(16242,3970,171,1),(16243,3970,172,1),(16244,3971,3,1),(16245,3971,4,1),(16246,3971,171,1),(16247,3971,172,1),(16248,3972,3,1),(16249,3972,4,1),(16250,3972,171,1),(16251,3972,172,1),(16252,3973,3,1),(16253,3973,4,1),(16254,3973,171,1),(16255,3973,172,1),(16256,3974,3,1),(16257,3974,4,1),(16258,3974,171,1),(16259,3974,172,1),(16260,3975,3,1),(16261,3975,4,1),(16262,3975,171,1),(16263,3975,172,1),(16264,3976,3,1),(16265,3976,4,1),(16266,3976,171,1),(16267,3976,172,1),(16268,3977,3,1),(16269,3977,4,1),(16270,3977,171,1),(16271,3977,172,1),(16272,3978,3,1),(16273,3978,4,1),(16274,3978,171,1),(16275,3978,172,1),(16276,3979,3,1),(16277,3979,4,1),(16278,3979,171,1),(16279,3979,172,1),(16280,3980,3,1),(16281,3980,4,1),(16282,3980,171,1),(16283,3980,172,1),(16284,3981,3,1),(16285,3981,4,1),(16286,3981,171,1),(16287,3981,172,1),(16288,3982,3,1),(16289,3982,4,1),(16290,3982,171,1),(16291,3982,172,1),(16292,3983,3,1),(16293,3983,4,1),(16294,3983,171,1),(16295,3983,172,1),(16296,3984,3,1),(16297,3984,4,1),(16298,3984,171,1),(16299,3984,172,1),(16300,3985,3,1),(16301,3985,4,1),(16302,3985,171,1),(16303,3985,172,1),(16304,3986,3,1),(16305,3986,4,1),(16306,3986,171,1),(16307,3986,172,1),(16308,3987,3,1),(16309,3987,4,1),(16310,3987,171,1),(16311,3987,172,1),(16312,3988,3,1),(16313,3988,4,1),(16314,3988,171,1),(16315,3988,172,1),(16316,3989,3,1),(16317,3989,4,1),(16318,3989,171,1),(16319,3989,172,1),(16320,3990,3,1),(16321,3990,4,1),(16322,3990,171,1),(16323,3990,172,1),(16324,3991,3,1),(16325,3991,4,1),(16326,3991,171,1),(16327,3991,172,1),(16328,3992,3,1),(16329,3992,4,1),(16330,3992,171,1),(16331,3992,172,1),(16332,3993,3,1),(16333,3993,4,1),(16334,3993,171,1),(16335,3993,172,1),(16336,3994,3,1),(16337,3994,4,1),(16338,3994,171,1),(16339,3994,172,1),(16340,3995,3,1),(16341,3995,4,1),(16342,3995,171,1),(16343,3995,172,1),(16344,3996,3,1),(16345,3996,4,1),(16346,3996,171,1),(16347,3996,172,1),(16348,3997,3,1),(16349,3997,4,1),(16350,3997,171,1),(16351,3997,172,1),(16352,3998,3,1),(16353,3998,4,1),(16354,3998,171,1),(16355,3998,172,1),(16356,3999,3,1),(16357,3999,4,1),(16358,3999,171,1),(16359,3999,172,1),(16360,4000,3,1),(16361,4000,4,1),(16362,4000,171,1),(16363,4000,172,1),(16364,4001,3,1),(16365,4001,4,1),(16366,4001,171,1),(16367,4001,172,1),(16368,4002,3,1),(16369,4002,4,1),(16370,4002,171,1),(16371,4002,172,1),(16372,4003,3,1),(16373,4003,4,1),(16374,4003,171,1),(16375,4003,172,1),(16376,4004,3,1),(16377,4004,4,1),(16378,4004,171,1),(16379,4004,172,1),(16380,4005,3,1),(16381,4005,4,1),(16382,4005,171,1),(16383,4005,172,1),(16384,4006,3,1),(16385,4006,4,1),(16386,4006,171,1),(16387,4006,172,1),(16388,4007,3,1),(16389,4007,4,1),(16390,4007,171,1),(16391,4007,172,1),(16392,4008,3,1),(16393,4008,4,1),(16394,4008,171,1),(16395,4008,172,1),(16396,4009,3,1),(16397,4009,4,1),(16398,4009,171,1),(16399,4009,172,1),(16400,4010,3,1),(16401,4010,4,1),(16402,4010,171,1),(16403,4010,172,1),(16404,4011,3,1),(16405,4011,4,1),(16406,4011,171,1),(16407,4011,172,1),(16408,4012,3,1),(16409,4012,4,1),(16410,4012,171,1),(16411,4012,172,1),(16412,4013,3,1),(16413,4013,4,1),(16414,4013,171,1),(16415,4013,172,1),(16416,4014,3,1),(16417,4014,4,1),(16418,4014,171,1),(16419,4014,172,1),(16420,4015,3,1),(16421,4015,4,1),(16422,4015,171,1),(16423,4015,172,1),(16424,4016,3,1),(16425,4016,4,1),(16426,4016,171,1),(16427,4016,172,1),(16428,4017,3,1),(16429,4017,4,1),(16430,4017,171,1),(16431,4017,172,1),(16432,4018,3,1),(16433,4018,4,1),(16434,4018,171,1),(16435,4018,172,1),(16436,4019,3,1),(16437,4019,4,1),(16438,4019,171,1),(16439,4019,172,1),(16440,4020,3,1),(16441,4020,4,1),(16442,4020,171,1),(16443,4020,172,1),(16444,4021,3,1),(16445,4021,4,1),(16446,4021,171,1),(16447,4021,172,1),(16448,4022,3,1),(16449,4022,4,1),(16450,4022,171,1),(16451,4022,172,1),(16452,4023,3,1),(16453,4023,4,1),(16454,4023,171,1),(16455,4023,172,1),(16456,4024,3,1),(16457,4024,4,1),(16458,4024,171,1),(16459,4024,172,1),(16460,4025,3,1),(16461,4025,4,1),(16462,4025,171,1),(16463,4025,172,1),(16464,4026,3,1),(16465,4026,4,1),(16466,4026,171,1),(16467,4026,172,1),(16468,4027,3,1),(16469,4027,4,1),(16470,4027,171,1),(16471,4027,172,1),(16472,4028,3,1),(16473,4028,4,1),(16474,4028,171,1),(16475,4028,172,1),(16476,4029,3,1),(16477,4029,4,1),(16478,4029,171,1),(16479,4029,172,1),(16480,4030,3,1),(16481,4030,4,1),(16482,4030,171,1),(16483,4030,172,1),(16484,4031,3,1),(16485,4031,4,1),(16486,4031,171,1),(16487,4031,172,1),(16488,4032,3,1),(16489,4032,4,1),(16490,4032,171,1),(16491,4032,172,1),(16492,4033,3,1),(16493,4033,4,1),(16494,4033,171,1),(16495,4033,172,1),(16496,4034,3,1),(16497,4034,4,1),(16498,4034,171,1),(16499,4034,172,1),(16500,4035,3,1),(16501,4035,4,1),(16502,4035,171,1),(16503,4035,172,1),(16504,4036,3,1),(16505,4036,4,1),(16506,4036,171,1),(16507,4036,172,1),(16508,4037,3,1),(16509,4037,4,1),(16510,4037,171,1),(16511,4037,172,1),(16512,4038,3,1),(16513,4038,4,1),(16514,4038,171,1),(16515,4038,172,1),(16516,4039,3,1),(16517,4039,4,1),(16518,4039,171,1),(16519,4039,172,1),(16520,4040,3,1),(16521,4040,4,1),(16522,4040,171,1),(16523,4040,172,1),(16524,4041,3,1),(16525,4041,4,1),(16526,4041,171,1),(16527,4041,172,1),(16528,4042,3,1),(16529,4042,4,1),(16530,4042,171,1),(16531,4042,172,1),(16532,4043,3,1),(16533,4043,4,1),(16534,4043,171,1),(16535,4043,172,1),(16536,4044,3,1),(16537,4044,4,1),(16538,4044,171,1),(16539,4044,172,1),(16540,4045,3,1),(16541,4045,4,1),(16542,4045,171,1),(16543,4045,172,1),(16544,4046,3,1),(16545,4046,4,1),(16546,4046,171,1),(16547,4046,172,1),(16548,4047,3,1),(16549,4047,4,1),(16550,4047,171,1),(16551,4047,172,1),(16552,4048,3,1),(16553,4048,4,1),(16554,4048,171,1),(16555,4048,172,1),(16556,4049,3,1),(16557,4049,4,1),(16558,4049,171,1),(16559,4049,172,1),(16560,4050,3,1),(16561,4050,4,1),(16562,4050,171,1),(16563,4050,172,1),(16564,4051,3,1),(16565,4051,4,1),(16566,4051,171,1),(16567,4051,172,1),(16568,4052,3,1),(16569,4052,4,1),(16570,4052,171,1),(16571,4052,172,1),(16572,4053,3,1),(16573,4053,4,1),(16574,4053,171,1),(16575,4053,172,1),(16576,4054,3,1),(16577,4054,4,1),(16578,4054,171,1),(16579,4054,172,1),(16580,4055,3,1),(16581,4055,4,1),(16582,4055,171,1),(16583,4055,172,1),(16584,4056,3,1),(16585,4056,4,1),(16586,4056,171,1),(16587,4056,172,1),(16588,4057,3,1),(16589,4057,4,1),(16590,4057,171,1),(16591,4057,172,1),(16592,4058,3,1),(16593,4058,4,1),(16594,4058,171,1),(16595,4058,172,1),(16596,4059,3,1),(16597,4059,4,1),(16598,4059,171,1),(16599,4059,172,1),(16600,4060,3,1),(16601,4060,4,1),(16602,4060,171,1),(16603,4060,172,1),(16604,4061,3,1),(16605,4061,4,1),(16606,4061,171,1),(16607,4061,172,1),(16608,4062,3,1),(16609,4062,4,1),(16610,4062,171,1),(16611,4062,172,1),(16612,4063,3,1),(16613,4063,4,1),(16614,4063,171,1),(16615,4063,172,1),(16616,4064,3,1),(16617,4064,4,1),(16618,4064,171,1),(16619,4064,172,1),(16620,4065,3,1),(16621,4065,4,1),(16622,4065,171,1),(16623,4065,172,1),(16624,4066,3,1),(16625,4066,4,1),(16626,4066,171,1),(16627,4066,172,1),(16628,4067,3,1),(16629,4067,4,1),(16630,4067,171,1),(16631,4067,172,1),(16632,4068,3,1),(16633,4068,4,1),(16634,4068,171,1),(16635,4068,172,1),(16636,4069,3,1),(16637,4069,4,1),(16638,4069,171,1),(16639,4069,172,1),(16640,4070,3,1),(16641,4070,4,1),(16642,4070,171,1),(16643,4070,172,1),(16644,4071,3,1),(16645,4071,4,1),(16646,4071,171,1),(16647,4071,172,1),(16648,4072,3,1),(16649,4072,4,1),(16650,4072,171,1),(16651,4072,172,1),(16652,4073,3,1),(16653,4073,4,1),(16654,4073,171,1),(16655,4073,172,1),(16656,4074,3,1),(16657,4074,4,1),(16658,4074,171,1),(16659,4074,172,1),(16660,4075,3,1),(16661,4075,4,1),(16662,4075,171,1),(16663,4075,172,1),(16664,4076,3,1),(16665,4076,4,1),(16666,4076,171,1),(16667,4076,172,1),(16668,4077,3,1),(16669,4077,4,1),(16670,4077,171,1),(16671,4077,172,1),(16672,4078,3,1),(16673,4078,4,1),(16674,4078,171,1),(16675,4078,172,1),(16676,4079,3,1),(16677,4079,4,1),(16678,4079,171,1),(16679,4079,172,1),(16680,4080,3,1),(16681,4080,4,1),(16682,4080,171,1),(16683,4080,172,1),(16684,4081,3,1),(16685,4081,4,1),(16686,4081,171,1),(16687,4081,172,1),(16688,4082,3,1),(16689,4082,4,1),(16690,4082,171,1),(16691,4082,172,1),(16692,4083,3,1),(16693,4083,4,1),(16694,4083,171,1),(16695,4083,172,1),(16696,4084,3,1),(16697,4084,4,1),(16698,4084,171,1),(16699,4084,172,1),(16700,4085,3,1),(16701,4085,4,1),(16702,4085,171,1),(16703,4085,172,1),(16704,4086,3,1),(16705,4086,4,1),(16706,4086,171,1),(16707,4086,172,1),(16708,4087,3,1),(16709,4087,4,1),(16710,4087,171,1),(16711,4087,172,1),(16712,4088,3,1),(16713,4088,4,1),(16714,4088,171,1),(16715,4088,172,1),(16716,4089,3,1),(16717,4089,4,1),(16718,4089,171,1),(16719,4089,172,1),(16720,4090,3,1),(16721,4090,4,1),(16722,4090,171,1),(16723,4090,172,1),(16724,4091,3,1),(16725,4091,4,1),(16726,4091,171,1),(16727,4091,172,1),(16728,4092,3,1),(16729,4092,4,1),(16730,4092,171,1),(16731,4092,172,1),(16732,4093,3,1),(16733,4093,4,1),(16734,4093,171,1),(16735,4093,172,1),(16736,4094,3,1),(16737,4094,4,1),(16738,4094,171,1),(16739,4094,172,1),(16740,4095,3,1),(16741,4095,4,1),(16742,4095,171,1),(16743,4095,172,1),(16744,4096,3,1),(16745,4096,4,1),(16746,4096,171,1),(16747,4096,172,1),(16748,4097,3,1),(16749,4097,4,1),(16750,4097,171,1),(16751,4097,172,1),(16752,4098,3,1),(16753,4098,4,1),(16754,4098,171,1),(16755,4098,172,1),(16756,4099,3,1),(16757,4099,4,1),(16758,4099,171,1),(16759,4099,172,1),(16760,4100,3,1),(16761,4100,4,1),(16762,4100,171,1),(16763,4100,172,1),(16764,4101,3,1),(16765,4101,4,1),(16766,4101,171,1),(16767,4101,172,1),(16768,4102,3,1),(16769,4102,4,1),(16770,4102,171,1),(16771,4102,172,1),(16772,4103,3,1),(16773,4103,4,1),(16774,4103,171,1),(16775,4103,172,1),(16776,4104,3,1),(16777,4104,4,1),(16778,4104,171,1),(16779,4104,172,1),(16780,4105,3,1),(16781,4105,4,1),(16782,4105,171,1),(16783,4105,172,1),(16784,4106,3,1),(16785,4106,4,1),(16786,4106,171,1),(16787,4106,172,1),(16788,4107,3,1),(16789,4107,4,1),(16790,4107,171,1),(16791,4107,172,1),(16792,4108,3,1),(16793,4108,4,1),(16794,4108,171,1),(16795,4108,172,1),(16796,4109,3,1),(16797,4109,4,1),(16798,4109,171,1),(16799,4109,172,1),(16800,4110,3,1),(16801,4110,4,1),(16802,4110,171,1),(16803,4110,172,1),(16804,4111,3,1),(16805,4111,4,1),(16806,4111,171,1),(16807,4111,172,1),(16808,4112,3,1),(16809,4112,4,1),(16810,4112,171,1),(16811,4112,172,1),(16812,4113,3,1),(16813,4113,4,1),(16814,4113,171,1),(16815,4113,172,1),(16816,4114,3,1),(16817,4114,4,1),(16818,4114,171,1),(16819,4114,172,1),(16820,4115,3,1),(16821,4115,4,1),(16822,4115,171,1),(16823,4115,172,1),(16824,4116,3,1),(16825,4116,4,1),(16826,4116,171,1),(16827,4116,172,1),(16828,4117,3,1),(16829,4117,4,1),(16830,4117,171,1),(16831,4117,172,1),(16832,4118,3,1),(16833,4118,4,1),(16834,4118,171,1),(16835,4118,172,1),(16836,4119,3,1),(16837,4119,4,1),(16838,4119,171,1),(16839,4119,172,1),(16840,4120,3,1),(16841,4120,4,1),(16842,4120,171,1),(16843,4120,172,1),(16844,4121,3,1),(16845,4121,4,1),(16846,4121,171,1),(16847,4121,172,1),(16848,4122,3,1),(16849,4122,4,1),(16850,4122,171,1),(16851,4122,172,1),(16852,4123,3,1),(16853,4123,4,1),(16854,4123,171,1),(16855,4123,172,1),(16856,4124,3,1),(16857,4124,4,1),(16858,4124,171,1),(16859,4124,172,1),(16860,4125,3,1),(16861,4125,4,1),(16862,4125,171,1),(16863,4125,172,1),(16864,4126,3,1),(16865,4126,4,1),(16866,4126,171,1),(16867,4126,172,1),(16868,4127,3,1),(16869,4127,4,1),(16870,4127,171,1),(16871,4127,172,1),(16872,4128,3,1),(16873,4128,4,1),(16874,4128,171,1),(16875,4128,172,1),(16876,4129,3,1),(16877,4129,4,1),(16878,4129,171,1),(16879,4129,172,1),(16880,4130,3,1),(16881,4130,4,1),(16882,4130,171,1),(16883,4130,172,1),(16884,4131,3,1),(16885,4131,4,1),(16886,4131,171,1),(16887,4131,172,1),(16888,4132,3,1),(16889,4132,4,1),(16890,4132,171,1),(16891,4132,172,1),(16892,4133,3,1),(16893,4133,4,1),(16894,4133,171,1),(16895,4133,172,1),(16896,4134,3,1),(16897,4134,4,1),(16898,4134,171,1),(16899,4134,172,1),(16900,4135,3,1),(16901,4135,4,1),(16902,4135,171,1),(16903,4135,172,1),(16904,4136,3,1),(16905,4136,4,1),(16906,4136,171,1),(16907,4136,172,1),(16908,4137,3,1),(16909,4137,4,1),(16910,4137,171,1),(16911,4137,172,1),(16912,4138,3,1),(16913,4138,4,1),(16914,4138,171,1),(16915,4138,172,1),(16916,4139,3,1),(16917,4139,4,1),(16918,4139,171,1),(16919,4139,172,1),(16920,4140,3,1),(16921,4140,4,1),(16922,4140,171,1),(16923,4140,172,1),(16924,4141,3,1),(16925,4141,4,1),(16926,4141,171,1),(16927,4141,172,1),(16928,4142,3,1),(16929,4142,4,1),(16930,4142,171,1),(16931,4142,172,1),(16932,4143,3,1),(16933,4143,4,1),(16934,4143,171,1),(16935,4143,172,1),(16936,4144,3,1),(16937,4144,4,1),(16938,4144,171,1),(16939,4144,172,1),(16940,4145,3,1),(16941,4145,4,1),(16942,4145,171,1),(16943,4145,172,1),(16944,4146,3,1),(16945,4146,4,1),(16946,4146,171,1),(16947,4146,172,1),(16948,4147,3,1),(16949,4147,4,1),(16950,4147,171,1),(16951,4147,172,1),(16952,4148,3,1),(16953,4148,4,1),(16954,4148,171,1),(16955,4148,172,1),(16956,4149,3,1),(16957,4149,4,1),(16958,4149,171,1),(16959,4149,172,1),(16960,4150,3,1),(16961,4150,4,1),(16962,4150,171,1),(16963,4150,172,1),(16964,4151,3,1),(16965,4151,4,1),(16966,4151,171,1),(16967,4151,172,1),(16968,4152,3,1),(16969,4152,4,1),(16970,4152,171,1),(16971,4152,172,1),(16972,4153,3,1),(16973,4153,4,1),(16974,4153,171,1),(16975,4153,172,1),(16976,4154,3,1),(16977,4154,4,1),(16978,4154,171,1),(16979,4154,172,1),(16980,4155,3,1),(16981,4155,4,1),(16982,4155,171,1),(16983,4155,172,1),(16984,4156,3,1),(16985,4156,4,1),(16986,4156,171,1),(16987,4156,172,1),(16988,4157,3,1),(16989,4157,4,1),(16990,4157,171,1),(16991,4157,172,1),(16992,4158,3,1),(16993,4158,4,1),(16994,4158,171,1),(16995,4158,172,1),(16996,4159,3,1),(16997,4159,4,1),(16998,4159,171,1),(16999,4159,172,1),(17000,4160,3,1),(17001,4160,4,1),(17002,4160,171,1),(17003,4160,172,1),(17004,4161,3,1),(17005,4161,4,1),(17006,4161,171,1),(17007,4161,172,1),(17008,4162,3,1),(17009,4162,4,1),(17010,4162,171,1),(17011,4162,172,1);

/*Table structure for table `project_to_component` */

DROP TABLE IF EXISTS `project_to_component`;

CREATE TABLE `project_to_component` (
  `project_id` int(11) NOT NULL,
  `component_id` int(11) NOT NULL,
  `sort` int(11) NOT NULL,
  `price_jual` decimal(9,2) DEFAULT 0.00,
  `created_at` timestamp NULL DEFAULT NULL,
  `updated_at` timestamp NULL DEFAULT NULL
) ENGINE=InnoDB DEFAULT CHARSET=utf8mb4 COLLATE=utf8mb4_unicode_ci;

/*Data for the table `project_to_component` */

insert  into `project_to_component`(`project_id`,`component_id`,`sort`,`price_jual`,`created_at`,`updated_at`) values (86,3,3,'100.00','2021-03-08 14:16:42','2021-03-08 14:16:42'),(86,4,4,'100.00','2021-03-08 14:16:42','2021-03-08 14:16:42'),(86,51,2,'200.00','2021-03-08 14:16:42','2021-03-08 14:16:42'),(86,56,1,'100.00','2021-03-08 14:16:42','2021-03-08 14:16:42'),(31,93,1,'650.00','2021-03-26 15:35:31','2021-03-26 15:35:31'),(31,94,2,'250.00','2021-03-26 15:35:31','2021-03-26 15:35:31'),(32,3,1,'250.00','2021-04-01 09:57:05','2021-04-01 09:57:05'),(32,4,2,'160.00','2021-04-01 09:57:05','2021-04-01 09:57:05'),(32,171,3,'350.00','2021-04-01 09:57:05','2021-04-01 09:57:05'),(32,172,4,'230.00','2021-04-01 09:57:05','2021-04-01 09:57:05'),(33,3,1,'150.00','2021-04-01 15:31:44','2021-04-01 15:31:44'),(33,126,6,'4510.00','2021-04-01 15:31:44','2021-04-01 15:31:44'),(33,127,5,'3550.00','2021-04-01 15:31:44','2021-04-01 15:31:44'),(33,128,4,'290.00','2021-04-01 15:31:45','2021-04-01 15:31:45'),(33,129,3,'275.00','2021-04-01 15:31:45','2021-04-01 15:31:45'),(33,130,2,'120.00','2021-04-01 15:31:45','2021-04-01 15:31:45'),(33,131,7,'357.00','2021-04-01 15:31:45','2021-04-01 15:31:45'),(33,133,8,'525.00','2021-04-01 15:31:45','2021-04-01 15:31:45');

/*Table structure for table `project_to_task` */

DROP TABLE IF EXISTS `project_to_task`;

CREATE TABLE `project_to_task` (
  `project_id` int(11) NOT NULL,
  `status_id` int(11) NOT NULL,
  `sort` int(11) NOT NULL,
  `created_at` timestamp NULL DEFAULT NULL,
  `updated_at` timestamp NULL DEFAULT NULL
) ENGINE=InnoDB DEFAULT CHARSET=utf8mb4 COLLATE=utf8mb4_unicode_ci;

/*Data for the table `project_to_task` */

insert  into `project_to_task`(`project_id`,`status_id`,`sort`,`created_at`,`updated_at`) values (4,1,1,'2021-01-11 14:33:44','2021-01-11 14:33:44'),(4,2,2,'2021-01-11 14:33:44','2021-01-11 14:33:44'),(4,3,4,'2021-01-11 14:33:44','2021-01-11 14:33:44'),(4,5,5,'2021-01-11 14:33:44','2021-01-11 14:33:44'),(4,6,7,'2021-01-11 14:33:44','2021-01-11 14:33:44'),(4,9,8,'2021-01-11 14:33:44','2021-01-11 14:33:44'),(4,11,9,'2021-01-11 14:33:44','2021-01-11 14:33:44'),(4,12,10,'2021-01-11 14:33:44','2021-01-11 14:33:44'),(4,13,3,'2021-01-11 14:33:44','2021-01-11 14:33:44'),(4,14,0,'2021-01-11 14:33:45','2021-01-11 14:33:45'),(4,15,0,'2021-01-11 14:33:45','2021-01-11 14:33:45'),(4,16,6,'2021-01-11 14:33:45','2021-01-11 14:33:45'),(5,1,1,'2021-01-11 14:34:53','2021-01-11 14:34:53'),(5,2,2,'2021-01-11 14:34:53','2021-01-11 14:34:53'),(5,3,4,'2021-01-11 14:34:53','2021-01-11 14:34:53'),(5,5,5,'2021-01-11 14:34:53','2021-01-11 14:34:53'),(5,6,7,'2021-01-11 14:34:53','2021-01-11 14:34:53'),(5,9,8,'2021-01-11 14:34:53','2021-01-11 14:34:53'),(5,11,9,'2021-01-11 14:34:53','2021-01-11 14:34:53'),(5,12,10,'2021-01-11 14:34:53','2021-01-11 14:34:53'),(5,13,3,'2021-01-11 14:34:53','2021-01-11 14:34:53'),(5,14,0,'2021-01-11 14:34:53','2021-01-11 14:34:53'),(5,15,0,'2021-01-11 14:34:53','2021-01-11 14:34:53'),(5,16,6,'2021-01-11 14:34:53','2021-01-11 14:34:53'),(6,1,1,'2021-01-12 13:46:14','2021-01-12 13:46:14'),(6,2,2,'2021-01-12 13:46:14','2021-01-12 13:46:14'),(6,3,4,'2021-01-12 13:46:14','2021-01-12 13:46:14'),(6,5,6,'2021-01-12 13:46:14','2021-01-12 13:46:14'),(6,6,7,'2021-01-12 13:46:14','2021-01-12 13:46:14'),(6,9,8,'2021-01-12 13:46:14','2021-01-12 13:46:14'),(6,11,9,'2021-01-12 13:46:14','2021-01-12 13:46:14'),(6,12,10,'2021-01-12 13:46:14','2021-01-12 13:46:14'),(6,13,3,'2021-01-12 13:46:14','2021-01-12 13:46:14'),(6,14,0,'2021-01-12 13:46:14','2021-01-12 13:46:14'),(6,15,0,'2021-01-12 13:46:14','2021-01-12 13:46:14'),(6,16,5,'2021-01-12 13:46:15','2021-01-12 13:46:15'),(7,1,1,'2021-01-12 13:47:39','2021-01-12 13:47:39'),(7,2,2,'2021-01-12 13:47:39','2021-01-12 13:47:39'),(7,3,4,'2021-01-12 13:47:39','2021-01-12 13:47:39'),(7,5,5,'2021-01-12 13:47:39','2021-01-12 13:47:39'),(7,6,7,'2021-01-12 13:47:39','2021-01-12 13:47:39'),(7,9,8,'2021-01-12 13:47:39','2021-01-12 13:47:39'),(7,11,9,'2021-01-12 13:47:39','2021-01-12 13:47:39'),(7,12,10,'2021-01-12 13:47:39','2021-01-12 13:47:39'),(7,13,3,'2021-01-12 13:47:39','2021-01-12 13:47:39'),(7,14,0,'2021-01-12 13:47:40','2021-01-12 13:47:40'),(7,15,0,'2021-01-12 13:47:40','2021-01-12 13:47:40'),(7,16,6,'2021-01-12 13:47:40','2021-01-12 13:47:40'),(8,1,1,'2021-01-12 13:49:00','2021-01-12 13:49:00'),(8,2,2,'2021-01-12 13:49:00','2021-01-12 13:49:00'),(8,3,4,'2021-01-12 13:49:00','2021-01-12 13:49:00'),(8,5,5,'2021-01-12 13:49:00','2021-01-12 13:49:00'),(8,6,7,'2021-01-12 13:49:00','2021-01-12 13:49:00'),(8,9,8,'2021-01-12 13:49:00','2021-01-12 13:49:00'),(8,11,9,'2021-01-12 13:49:00','2021-01-12 13:49:00'),(8,12,10,'2021-01-12 13:49:00','2021-01-12 13:49:00'),(8,13,3,'2021-01-12 13:49:00','2021-01-12 13:49:00'),(8,14,0,'2021-01-12 13:49:00','2021-01-12 13:49:00'),(8,15,0,'2021-01-12 13:49:00','2021-01-12 13:49:00'),(8,16,6,'2021-01-12 13:49:00','2021-01-12 13:49:00'),(79,1,1,'2021-01-13 15:00:26','2021-01-13 15:00:26'),(79,2,2,'2021-01-13 15:00:26','2021-01-13 15:00:26'),(79,3,4,'2021-01-13 15:00:26','2021-01-13 15:00:26'),(79,5,5,'2021-01-13 15:00:26','2021-01-13 15:00:26'),(79,6,7,'2021-01-13 15:00:26','2021-01-13 15:00:26'),(79,9,8,'2021-01-13 15:00:26','2021-01-13 15:00:26'),(79,11,9,'2021-01-13 15:00:26','2021-01-13 15:00:26'),(79,12,10,'2021-01-13 15:00:26','2021-01-13 15:00:26'),(79,13,3,'2021-01-13 15:00:26','2021-01-13 15:00:26'),(79,14,0,'2021-01-13 15:00:26','2021-01-13 15:00:26'),(79,16,6,'2021-01-13 15:00:26','2021-01-13 15:00:26'),(86,1,1,'2021-01-30 01:34:47','2021-01-30 01:34:47'),(86,2,2,'2021-01-30 01:34:47','2021-01-30 01:34:47'),(86,3,4,'2021-01-30 01:34:47','2021-01-30 01:34:47'),(86,5,5,'2021-01-30 01:34:47','2021-01-30 01:34:47'),(86,6,7,'2021-01-30 01:34:47','2021-01-30 01:34:47'),(86,9,8,'2021-01-30 01:34:47','2021-01-30 01:34:47'),(86,11,9,'2021-01-30 01:34:47','2021-01-30 01:34:47'),(86,12,10,'2021-01-30 01:34:47','2021-01-30 01:34:47'),(86,13,3,'2021-01-30 01:34:47','2021-01-30 01:34:47'),(86,14,0,'2021-01-30 01:34:47','2021-01-30 01:34:47'),(86,15,0,'2021-01-30 01:34:47','2021-01-30 01:34:47'),(86,16,6,'2021-01-30 01:34:48','2021-01-30 01:34:48'),(33,3,4,'2021-03-30 10:03:19','2021-03-30 10:03:19'),(33,9,8,'2021-03-30 10:03:19','2021-03-30 10:03:19'),(33,11,9,'2021-03-30 10:03:19','2021-03-30 10:03:19'),(33,2,2,'2021-03-30 10:03:19','2021-03-30 10:03:19'),(33,14,0,'2021-03-30 10:03:19','2021-03-30 10:03:19'),(33,6,7,'2021-03-30 10:03:19','2021-03-30 10:03:19'),(33,5,5,'2021-03-30 10:03:19','2021-03-30 10:03:19'),(33,13,3,'2021-03-30 10:03:19','2021-03-30 10:03:19'),(33,1,1,'2021-03-30 10:03:19','2021-03-30 10:03:19'),(33,16,6,'2021-03-30 10:03:19','2021-03-30 10:03:19'),(31,20,2,'2021-03-30 10:28:50','2021-03-30 10:28:50'),(31,5,1,'2021-03-30 10:28:51','2021-03-30 10:28:51'),(32,9,4,'2021-04-01 09:53:49','2021-04-01 09:53:49'),(32,11,5,'2021-04-01 09:53:49','2021-04-01 09:53:49'),(32,12,6,'2021-04-01 09:53:49','2021-04-01 09:53:49'),(32,6,3,'2021-04-01 09:53:49','2021-04-01 09:53:49'),(32,5,1,'2021-04-01 09:53:49','2021-04-01 09:53:49'),(32,16,2,'2021-04-01 09:53:49','2021-04-01 09:53:49');

/*Table structure for table `projects` */

DROP TABLE IF EXISTS `projects`;

CREATE TABLE `projects` (
  `id` int(10) unsigned NOT NULL AUTO_INCREMENT,
  `customer_id` int(11) NOT NULL,
  `code` varchar(10) COLLATE utf8mb4_unicode_ci NOT NULL,
  `name` varchar(100) COLLATE utf8mb4_unicode_ci NOT NULL,
  `email` varchar(300) COLLATE utf8mb4_unicode_ci DEFAULT NULL,
  `desc` varchar(300) COLLATE utf8mb4_unicode_ci DEFAULT NULL,
  `active` smallint(6) NOT NULL DEFAULT 0,
  `created_at` timestamp NULL DEFAULT NULL,
  `updated_at` timestamp NULL DEFAULT NULL,
  PRIMARY KEY (`id`)
) ENGINE=InnoDB AUTO_INCREMENT=100 DEFAULT CHARSET=utf8mb4 COLLATE=utf8mb4_unicode_ci;

/*Data for the table `projects` */

insert  into `projects`(`id`,`customer_id`,`code`,`name`,`email`,`desc`,`active`,`created_at`,`updated_at`) values (4,1,'CGN-32A','POLIS A5 REGULER','farhan.nakagawa@gmail.com',NULL,1,'2021-01-04 15:05:16','2021-02-10 11:35:20'),(5,1,'CGN-32B','POLIS A5 CU',NULL,'',1,'2021-01-04 15:05:36',NULL),(6,1,'CGN-100','LETTER-IPOL',NULL,'',1,'2021-01-04 15:05:49',NULL),(7,1,'CGN-38','POLIS A5 BRAVO',NULL,'',1,'2021-01-04 15:06:01',NULL),(8,1,'CGN-034','SERTIFIKAT -KSP-BNI-BCA-NIAGA-MMA-SCB',NULL,'',1,'2021-01-04 15:06:25',NULL),(9,1,'CGN-080','CIGNA SURAT REJECT',NULL,'',1,'2021-01-04 15:35:44',NULL),(10,1,'CGN-072A','Cigna Letter Klaim',NULL,NULL,1,'2021-01-04 15:35:59','2021-01-04 15:36:04'),(11,1,'CGN-072B','Potong Premi',NULL,'',1,'2021-01-04 15:36:23',NULL),(12,1,'CGN-005','BONUS-LOYALITAS',NULL,'',1,'2021-01-04 15:36:36',NULL),(13,1,'CGN-081','Cigna Covid',NULL,'',1,'2021-01-04 15:37:11',NULL),(14,1,'CGN-077','Cigna TAFS',NULL,'',1,'2021-01-04 15:37:29',NULL),(15,1,'CGN-076','LOWTICKETSYSTEM',NULL,'',1,'2021-01-04 15:38:15',NULL),(16,3,'Panin-058','SPJT',NULL,'',1,'2021-01-04 15:38:44',NULL),(17,3,'Panin-059','SPP',NULL,'',1,'2021-01-04 15:38:57',NULL),(18,3,'PANIN-071','SURRENDER PAD',NULL,'',1,'2021-01-04 15:39:13',NULL),(19,3,'PANIN-070','SPJT PAD',NULL,'',1,'2021-01-04 15:39:25',NULL),(20,3,'PANIN-069','LAPSE PAD',NULL,'',1,'2021-01-04 15:39:37',NULL),(21,3,'PANIN-068','LAPSE NO PAD',NULL,'',1,'2021-01-04 15:39:50',NULL),(22,3,'PANIN-067','AMP PAD',NULL,'',1,'2021-01-04 15:42:39',NULL),(23,3,'PANIN-34','SERTIFIKAT KPR',NULL,'',1,'2021-01-04 15:42:51',NULL),(24,3,'PANIN-011','PDP ',NULL,'',1,'2021-01-04 15:43:07',NULL),(25,3,'PANIN-006','POLIS',NULL,'',1,'2021-01-04 15:43:58',NULL),(26,3,'PANIN-025','MEDICA INVEST',NULL,'',1,'2021-01-04 15:44:17',NULL),(27,3,'PANIN-027','NSIS',NULL,'',1,'2021-01-04 15:44:30',NULL),(28,3,'PANIN-063','FIS',NULL,'',1,'2021-01-04 15:44:42',NULL),(29,4,'COM-001','BILLING-MTR',NULL,'',1,'2021-01-04 15:45:06',NULL),(30,4,'COM-002','CPI',NULL,'',1,'2021-01-04 15:45:19',NULL),(31,4,'COM-006','EMAIL BLAST',NULL,'',1,'2021-01-04 15:45:33',NULL),(32,4,'COM-005','LAPSE & DECLINE',NULL,'',1,'2021-01-04 15:56:16',NULL),(33,5,'BP-001','POLIS A4',NULL,'',1,'2021-01-04 15:56:42',NULL),(34,6,'BNI-042','KUITANSI KUMPULAN',NULL,'',1,'2021-01-04 15:56:55',NULL),(35,6,'BNI-042B','BNI KUITANSI KUMPULAN-TUDUNG',NULL,'',1,'2021-01-04 15:57:13',NULL),(36,7,'TAK-001','POLIS 104',NULL,'',1,'2021-01-04 16:51:57',NULL),(37,7,'TAK-001','POLIS 104 EPOLICY',NULL,'',1,'2021-01-04 16:52:14',NULL),(38,7,'TAK-001','POLIS 104 HIJRAH',NULL,'',1,'2021-01-04 16:52:32',NULL),(39,7,'TAK-001','POLIS 104 HIJRAH EPOLICY',NULL,NULL,1,'2021-01-04 16:52:45','2021-01-04 16:52:57'),(40,7,'TAK-002','POLIS NONLINK',NULL,'',1,'2021-01-04 16:53:28',NULL),(41,7,'TAK-002','POLIS NONLINK EPOLICY',NULL,'',1,'2021-01-04 16:53:41',NULL),(42,7,'TAK-003','POLIS LINK 108',NULL,'',1,'2021-01-04 16:53:56',NULL),(43,7,'TAK-003','POLIS LINK NON108',NULL,'',1,'2021-01-04 16:54:11',NULL),(44,7,'TAK-003','POLIS LINK 108 EPOLICY',NULL,'',1,'2021-01-04 16:54:29',NULL),(45,7,'TAK-003','POLIS LINK NON108 EPOLICY',NULL,'',1,'2021-01-04 16:54:47',NULL),(46,7,'TAK-003','POLIS LINK 108 ALKHAIRAT EPOLICY',NULL,'',1,'2021-01-04 16:54:59',NULL),(47,7,'TAK-005','POLIS FALAH ',NULL,'',1,'2021-01-04 16:55:14',NULL),(48,7,'TAK-005','POLIS FALAH EPOLICY',NULL,'',1,'2021-01-04 16:55:25',NULL),(49,7,'TAK-003','POLIS LINK KD 9899',NULL,'',1,'2021-01-04 16:55:38',NULL),(50,8,'AV-002','ANNIVERSARY (POSL44)',NULL,'',1,'2021-01-04 17:05:15',NULL),(51,8,'AV-001','BILLING (POSL01)',NULL,'',1,'2021-01-04 17:05:31',NULL),(52,8,'AV-005','AGENCY (POSL01)',NULL,'',1,'2021-01-04 17:05:45',NULL),(53,8,'AV-004','PREMI (POSL03)',NULL,'',1,'2021-01-04 17:06:04',NULL),(54,8,'AV-003','LT PDF',NULL,'',1,'2021-01-04 17:06:30',NULL),(55,8,'AV-007','BATAL-POLIS (POSL04)',NULL,'',1,'2021-01-04 17:06:48',NULL),(56,8,'AV-008','PERUBAHAN AGEN (POSL30)',NULL,'',1,'2021-01-04 17:07:03',NULL),(57,8,'AV-25','POSL05',NULL,'',1,'2021-01-04 17:11:08',NULL),(58,8,'AV-016','POSL06',NULL,'',1,'2021-01-04 17:11:45',NULL),(59,8,'AV-018','POSL10',NULL,'',1,'2021-01-05 09:18:05',NULL),(60,8,'AV-017','POSL10-A',NULL,'',1,'2021-01-05 09:18:18',NULL),(61,8,'AV-19','POSL12',NULL,'',1,'2021-01-05 09:18:32',NULL),(62,8,'AV-20','POSL13',NULL,'',1,'2021-01-05 09:18:44',NULL),(63,8,'AV-021','POSL14',NULL,'',1,'2021-01-05 09:18:56',NULL),(64,8,'AV-22','POSL15',NULL,NULL,1,'2021-01-05 09:19:06','2021-01-05 09:19:55'),(65,8,'AV-009','POSL18',NULL,'',1,'2021-01-05 09:19:18',NULL),(66,8,'AV-010','POSL20',NULL,NULL,1,'2021-01-05 09:19:31','2021-01-05 09:20:02'),(67,8,'AV-011','POSL24',NULL,'',1,'2021-01-05 09:19:46',NULL),(68,8,'AV-026','POSL25',NULL,'',1,'2021-01-05 09:20:35',NULL),(69,8,'AV-012','POSL26',NULL,'',1,'2021-01-05 09:20:50',NULL),(70,8,'AV-013','POSL27',NULL,'',1,'2021-01-05 09:21:02',NULL),(71,8,'AV-025','POSL41',NULL,'',1,'2021-01-05 09:21:14',NULL),(72,8,'POSL42','POSL42',NULL,'',1,'2021-01-05 09:21:27',NULL),(73,8,'AV-024','POSL45',NULL,'',1,'2021-01-05 09:21:56',NULL),(74,8,'AV-014','POSL51',NULL,'',1,'2021-01-05 09:22:09',NULL),(75,8,'AV-027','POSL53',NULL,'',1,'2021-01-05 09:22:21',NULL),(76,9,'BAI-001','POLIS A5',NULL,'',1,'2021-01-05 09:23:17',NULL),(77,2,'SEQ-009','BILLING UL',NULL,'',1,'2021-01-05 09:24:03',NULL),(78,2,'SEQ-008','biling_ul_finance',NULL,'',1,'2021-01-05 09:24:18',NULL),(79,2,'SEQ-12A','TAHAPAN & MATURITY',NULL,'',1,'2021-01-05 09:24:30',NULL),(80,2,'SEQ-010','REMINDER LOCKIN CASH',NULL,'',1,'2021-01-05 09:24:42',NULL),(81,2,'SEQ -003','REMINDER LOCKIN REC TRIAL',NULL,'',1,'2021-01-05 09:24:55',NULL),(82,2,'SEQ -014','POLIS A5 TELEMARKETING SQL',NULL,'',1,'2021-01-05 09:25:08',NULL),(83,2,'SEQ -015','POLIS A5 TELEMARKETING SQF',NULL,'',1,'2021-01-05 09:25:18',NULL),(84,2,'SEQ-020','SUPER YOU',NULL,'',1,'2021-01-05 09:25:34',NULL),(85,2,'SEQ-021','AloDOKTER  CETAK',NULL,'',1,'2021-01-05 09:25:46',NULL),(86,2,'SEQ -022','AUTO SURENDER',NULL,'',1,'2021-01-05 09:25:59',NULL),(87,2,'SEQ -023','DEVIDENT',NULL,'',1,'2021-01-05 09:26:09',NULL),(88,2,'SEQ -024','FINALT',NULL,'',1,'2021-01-05 09:26:21',NULL),(89,2,'SEQ -025','LAPSE NOTICE TL',NULL,'',1,'2021-01-05 09:26:31',NULL),(90,2,'SEQ -026','LAPSE NOTICE UL',NULL,'',1,'2021-01-05 09:26:41',NULL),(91,2,'SEQ- 027','MINOR',NULL,'',1,'2021-01-05 09:26:54',NULL),(92,2,'SEQ -028','PRELAPSE',NULL,'',1,'2021-01-05 09:27:05',NULL),(93,2,'SEQ -029','PRELAPSE 3 BULAN',NULL,'',1,'2021-01-05 09:27:15',NULL),(94,2,'SEQ -030','PNTL-SQL -SQF',NULL,'',1,'2021-01-05 09:27:25',NULL),(95,2,'SEQ -031','SECNOT-SQL',NULL,'',1,'2021-01-05 09:27:36',NULL),(96,2,'SEQ -032','SECNOT-SQF',NULL,'',1,'2021-01-05 09:27:47',NULL),(97,2,'SEQ -033','MOP & LOCKIN VP',NULL,'',1,'2021-01-05 09:27:58',NULL),(98,2,'SEQ -034','REMINDER LOCKIN VP CASH',NULL,'',1,'2021-01-05 09:28:08',NULL),(99,2,'SEQ -035','REMINDER LOCKIN VP RECC',NULL,'',1,'2021-01-05 09:28:18',NULL);

/*Table structure for table `sessions` */

DROP TABLE IF EXISTS `sessions`;

CREATE TABLE `sessions` (
  `id` varchar(255) COLLATE utf8mb4_unicode_ci NOT NULL,
  `user_id` bigint(20) unsigned DEFAULT NULL,
  `ip_address` varchar(45) COLLATE utf8mb4_unicode_ci DEFAULT NULL,
  `user_agent` text COLLATE utf8mb4_unicode_ci DEFAULT NULL,
  `payload` text COLLATE utf8mb4_unicode_ci NOT NULL,
  `last_activity` int(11) NOT NULL,
  UNIQUE KEY `sessions_id_unique` (`id`)
) ENGINE=InnoDB DEFAULT CHARSET=utf8mb4 COLLATE=utf8mb4_unicode_ci;

/*Data for the table `sessions` */

insert  into `sessions`(`id`,`user_id`,`ip_address`,`user_agent`,`payload`,`last_activity`) values ('JVM1PyWlXqgSBKQQ0zpdCXElCFWtEGBt03si1qbw',3,'::1','Mozilla/5.0 (Windows NT 10.0; Win64; x64) AppleWebKit/537.36 (KHTML, like Gecko) Chrome/89.0.4389.114 Safari/537.36','YTo4OntzOjY6Il90b2tlbiI7czo0MDoic0s4STkyNFlmYnFjajFGRkJYTEpPWENwUVlhMUU4M0dxWTlIa2VLZiI7czozOiJ1cmwiO2E6MDp7fXM6OToiX3ByZXZpb3VzIjthOjE6e3M6MzoidXJsIjtzOjU4OiJodHRwOi8vbG9jYWxob3N0OjgwODEvcHJvZHVjdGlvbi9wdWJsaWMvcHJvZHVjdGlvbi9qb2JsaXN0Ijt9czo2OiJfZmxhc2giO2E6Mjp7czozOiJvbGQiO2E6MDp7fXM6MzoibmV3IjthOjA6e319czo1MDoibG9naW5fd2ViXzU5YmEzNmFkZGMyYjJmOTQwMTU4MGYwMTRjN2Y1OGVhNGUzMDk4OWQiO2k6MztzOjEyOiJkWE5sY2tsdVptOD0iO3M6MTQ0OiJleUoxYzJWeVgybGtJam96TENKamRYTjBiMjFsY2w5cFpDSTZNQ3dpY0hKdmFtVmpkRjlwWkNJNk1Dd2liR1YyWld3aU9qSXNJbU55WldGMFpXUmZZWFFpT2lJeU1ESXdMVEV4TFRFNUlESXlPak14T2pFNUlpd2lkWEJrWVhSbFpGOWhkQ0k2Ym5Wc2JIMD0iO3M6OToidXNlcl9uYW1lIjtzOjY6ImZhcmhhbiI7czo0OiJtZW51IjthOjEwOntpOjA7YTo1OntzOjQ6Im5hbWUiO3M6NDoiSG9tZSI7czozOiJ1cmwiO3M6NDoiaG9tZSI7czo0OiJpY29uIjtzOjEwOiJmYSBmYS1ob21lIjtzOjQ6ImRlc2MiO3M6MDoiIjtzOjg6ImNvbnRlbnRzIjthOjA6e319aToxO2E6NTp7czo0OiJuYW1lIjtzOjk6IkRhc2hib2FyZCI7czozOiJ1cmwiO3M6OToiZGFzaGJvYXJkIjtzOjQ6Imljb24iO3M6MTI6ImZhLWNoYXJ0LXBpZSI7czo0OiJkZXNjIjtzOjA6IiI7czo4OiJjb250ZW50cyI7YTowOnt9fWk6MjthOjU6e3M6NDoibmFtZSI7czo3OiJQcm9maWxlIjtzOjM6InVybCI7czowOiIiO3M6NDoiaWNvbiI7czoxMDoiZmEgZmEtdXNlciI7czo0OiJkZXNjIjtzOjA6IiI7czo4OiJjb250ZW50cyI7YToxOntpOjA7YTo1OntzOjI6ImlkIjtpOjU7czo0OiJuYW1lIjtzOjE1OiJDaGFuZ2UgUGFzc3dvcmQiO3M6MzoidXJsIjtzOjE0OiJjaGFuZ2VwYXNzd29yZCI7czo0OiJpY29uIjtzOjA6IiI7czo0OiJkZXNjIjtzOjA6IiI7fX19aTozO2E6NTp7czo0OiJuYW1lIjtzOjY6Ik1hc3RlciI7czozOiJ1cmwiO3M6MDoiIjtzOjQ6Imljb24iO3M6OToiZmEtc2VydmVyIjtzOjQ6ImRlc2MiO3M6MDoiIjtzOjg6ImNvbnRlbnRzIjthOjg6e2k6MDthOjU6e3M6MjoiaWQiO2k6NDtzOjQ6Im5hbWUiO3M6NToiVXNlcnMiO3M6MzoidXJsIjtzOjU6InVzZXJzIjtzOjQ6Imljb24iO3M6MDoiIjtzOjQ6ImRlc2MiO3M6MDoiIjt9aToxO2E6NTp7czoyOiJpZCI7aTozO3M6NDoibmFtZSI7czo1OiJHcm91cCI7czozOiJ1cmwiO3M6MTI6InByb2ZpbGVncm91cCI7czo0OiJpY29uIjtzOjA6IiI7czo0OiJkZXNjIjtzOjA6IiI7fWk6MjthOjU6e3M6MjoiaWQiO2k6NztzOjQ6Im5hbWUiO3M6OToiQ3VzdG9tZXJzIjtzOjM6InVybCI7czoxNDoibWFzdGVyY3VzdG9tZXIiO3M6NDoiaWNvbiI7czowOiIiO3M6NDoiZGVzYyI7czowOiIiO31pOjM7YTo1OntzOjI6ImlkIjtpOjg7czo0OiJuYW1lIjtzOjg6IlByb2plY3RzIjtzOjM6InVybCI7czoxMzoibWFzdGVycHJvamVjdCI7czo0OiJpY29uIjtzOjA6IiI7czo0OiJkZXNjIjtzOjA6IiI7fWk6NDthOjU6e3M6MjoiaWQiO2k6OTtzOjQ6Im5hbWUiO3M6MTE6IlRhc2sgU3RhdHVzIjtzOjM6InVybCI7czoxNjoibWFzdGVydGFza3N0YXR1cyI7czo0OiJpY29uIjtzOjA6IiI7czo0OiJkZXNjIjtzOjA6IiI7fWk6NTthOjU6e3M6MjoiaWQiO2k6MTA7czo0OiJuYW1lIjtzOjExOiJUYXNrIFJlc3VsdCI7czozOiJ1cmwiO3M6MTY6Im1hc3RlcnRhc2tyZXN1bHQiO3M6NDoiaWNvbiI7czowOiIiO3M6NDoiZGVzYyI7czowOiIiO31pOjY7YTo1OntzOjI6ImlkIjtpOjIzO3M6NDoibmFtZSI7czo5OiJDb21wb25lbnQiO3M6MzoidXJsIjtzOjE1OiJtYXN0ZXJjb21wb25lbnQiO3M6NDoiaWNvbiI7czowOiIiO3M6NDoiZGVzYyI7czowOiIiO31pOjc7YTo1OntzOjI6ImlkIjtpOjM2O3M6NDoibmFtZSI7czo2OiJWZW5kb3IiO3M6MzoidXJsIjtzOjEyOiJtYXN0ZXJ2ZW5kb3IiO3M6NDoiaWNvbiI7czowOiIiO3M6NDoiZGVzYyI7czowOiIiO319fWk6NDthOjU6e3M6NDoibmFtZSI7czo3OiJSZXF1ZXN0IjtzOjM6InVybCI7czowOiIiO3M6NDoiaWNvbiI7czoxNzoiZmEgZmEtcGFwZXItcGxhbmUiO3M6NDoiZGVzYyI7czowOiIiO3M6ODoiY29udGVudHMiO2E6Njp7aTowO2E6NTp7czoyOiJpZCI7aToxMjtzOjQ6Im5hbWUiO3M6NjoiVXBsb2FkIjtzOjM6InVybCI7czoxMzoicmVxdWVzdHVwbG9hZCI7czo0OiJpY29uIjtzOjA6IiI7czo0OiJkZXNjIjtzOjA6IiI7fWk6MTthOjU6e3M6MjoiaWQiO2k6MTM7czo0OiJuYW1lIjtzOjEzOiJJbmNvbWluZyBEYXRhIjtzOjM6InVybCI7czoxOToicmVxdWVzdGluY29taW5nZGF0YSI7czo0OiJpY29uIjtzOjA6IiI7czo0OiJkZXNjIjtzOjA6IiI7fWk6MjthOjU6e3M6MjoiaWQiO2k6MjQ7czo0OiJuYW1lIjtzOjg6IkRvd25sb2FkIjtzOjM6InVybCI7czoxNToicmVxdWVzdGRvd25sb2FkIjtzOjQ6Imljb24iO3M6MDoiIjtzOjQ6ImRlc2MiO3M6MDoiIjt9aTozO2E6NTp7czoyOiJpZCI7aToyNTtzOjQ6Im5hbWUiO3M6MTU6IlVwbG9hZCBBcHByb3ZhbCI7czozOiJ1cmwiO3M6MjE6InJlcXVlc3R1cGxvYWRhcHByb3ZhbCI7czo0OiJpY29uIjtzOjA6IiI7czo0OiJkZXNjIjtzOjA6IiI7fWk6NDthOjU6e3M6MjoiaWQiO2k6MjY7czo0OiJuYW1lIjtzOjg6IkFwcHJvdmFsIjtzOjM6InVybCI7czoxNToicmVxdWVzdGFwcHJvdmFsIjtzOjQ6Imljb24iO3M6MDoiIjtzOjQ6ImRlc2MiO3M6MDoiIjt9aTo1O2E6NTp7czoyOiJpZCI7aToyNztzOjQ6Im5hbWUiO3M6MTU6IlVwbG9hZCBKb2IgTGlzdCI7czozOiJ1cmwiO3M6MjA6InJlcXVlc3R1cGxvYWRqb2JsaXN0IjtzOjQ6Imljb24iO3M6MDoiIjtzOjQ6ImRlc2MiO3M6MDoiIjt9fX1pOjU7YTo1OntzOjQ6Im5hbWUiO3M6MTA6IlByb2R1Y3Rpb24iO3M6MzoidXJsIjtzOjA6IiI7czo0OiJpY29uIjtzOjE0OiJmYSBmYS1pbmR1c3RyeSI7czo0OiJkZXNjIjtzOjA6IiI7czo4OiJjb250ZW50cyI7YTo1OntpOjA7YTo1OntzOjI6ImlkIjtpOjE1O3M6NDoibmFtZSI7czo4OiJKb2IgTGlzdCI7czozOiJ1cmwiO3M6MTE6InByb2Rqb2JsaXN0IjtzOjQ6Imljb24iO3M6MDoiIjtzOjQ6ImRlc2MiO3M6MDoiIjt9aToxO2E6NTp7czoyOiJpZCI7aToxNztzOjQ6Im5hbWUiO3M6ODoiUHJpbnRpbmciO3M6MzoidXJsIjtzOjEyOiJwcm9kcHJpbnRpbmciO3M6NDoiaWNvbiI7czowOiIiO3M6NDoiZGVzYyI7czowOiIiO31pOjI7YTo1OntzOjI6ImlkIjtpOjE5O3M6NDoibmFtZSI7czo5OiJCYWxhbmNpbmciO3M6MzoidXJsIjtzOjEzOiJwcm9kYmFsYW5jaW5nIjtzOjQ6Imljb24iO3M6MDoiIjtzOjQ6ImRlc2MiO3M6MDoiIjt9aTozO2E6NTp7czoyOiJpZCI7aToyMTtzOjQ6Im5hbWUiO3M6MTA6IkRpc3RyaWJ1c2kiO3M6MzoidXJsIjtzOjE0OiJwcm9kZGlzdHJpYnVzaSI7czo0OiJpY29uIjtzOjA6IiI7czo0OiJkZXNjIjtzOjA6IiI7fWk6NDthOjU6e3M6MjoiaWQiO2k6NDk7czo0OiJuYW1lIjtzOjE0OiJDaGFuZ2UgQ291cmllciI7czozOiJ1cmwiO3M6MTM6ImNoYW5nZWNvdXJpZXIiO3M6NDoiaWNvbiI7czowOiIiO3M6NDoiZGVzYyI7czowOiIiO319fWk6NjthOjU6e3M6NDoibmFtZSI7czo5OiJXYXJlaG91c2UiO3M6MzoidXJsIjtzOjA6IiI7czo0OiJpY29uIjtzOjg6ImZhLWN1YmVzIjtzOjQ6ImRlc2MiO3M6MDoiIjtzOjg6ImNvbnRlbnRzIjthOjY6e2k6MDthOjU6e3M6MjoiaWQiO2k6MzQ7czo0OiJuYW1lIjtzOjg6IkFwcHJvdmFsIjtzOjM6InVybCI7czoxNjoiYXBwcm92YWxtYXRlcmlhbCI7czo0OiJpY29uIjtzOjA6IiI7czo0OiJkZXNjIjtzOjA6IiI7fWk6MTthOjU6e3M6MjoiaWQiO2k6MzU7czo0OiJuYW1lIjtzOjE3OiJJbmNvbWluZyBNYXRlcmlhbCI7czozOiJ1cmwiO3M6MTA6ImluY29taW5ncG8iO3M6NDoiaWNvbiI7czowOiIiO3M6NDoiZGVzYyI7czowOiIiO31pOjI7YTo1OntzOjI6ImlkIjtpOjM3O3M6NDoibmFtZSI7czoxNzoiT3V0Z29pbmcgTWF0ZXJpYWwiO3M6MzoidXJsIjtzOjE3OiJjcmVhdGVvdXRtYXRlcmlhbCI7czo0OiJpY29uIjtzOjA6IiI7czo0OiJkZXNjIjtzOjA6IiI7fWk6MzthOjU6e3M6MjoiaWQiO2k6NDI7czo0OiJuYW1lIjtzOjIyOiJMaXN0IE91dGdvaW5nIE1hdGVyaWFsIjtzOjM6InVybCI7czoxNToibGlzdG91dG1hdGVyaWFsIjtzOjQ6Imljb24iO3M6MDoiIjtzOjQ6ImRlc2MiO3M6MDoiIjt9aTo0O2E6NTp7czoyOiJpZCI7aTozODtzOjQ6Im5hbWUiO3M6MTI6IlN0b2NrIE9wbmFtZSI7czozOiJ1cmwiO3M6MTE6InN0b2Nrb3BuYW1lIjtzOjQ6Imljb24iO3M6MDoiIjtzOjQ6ImRlc2MiO3M6MDoiIjt9aTo1O2E6NTp7czoyOiJpZCI7aTo0MztzOjQ6Im5hbWUiO3M6MTk6Ikxpc3QgU3RvY2sgTWF0ZXJpYWwiO3M6MzoidXJsIjtzOjk6Imxpc3RzdG9jayI7czo0OiJpY29uIjtzOjA6IiI7czo0OiJkZXNjIjtzOjA6IiI7fX19aTo3O2E6NTp7czo0OiJuYW1lIjtzOjE0OiJQdXJjaGFzZSBPcmRlciI7czozOiJ1cmwiO3M6MDoiIjtzOjQ6Imljb24iO3M6MTY6ImZhLXNob3BwaW5nLWNhcnQiO3M6NDoiZGVzYyI7czowOiIiO3M6ODoiY29udGVudHMiO2E6Mjp7aTowO2E6NTp7czoyOiJpZCI7aTo0MDtzOjQ6Im5hbWUiO3M6OToiQ3JlYXRlIFBPIjtzOjM6InVybCI7czoxNjoiY3JlYXRlcG9tYXRlcmlhbCI7czo0OiJpY29uIjtzOjA6IiI7czo0OiJkZXNjIjtzOjA6IiI7fWk6MTthOjU6e3M6MjoiaWQiO2k6NDE7czo0OiJuYW1lIjtzOjc6Ikxpc3QgUE8iO3M6MzoidXJsIjtzOjE0OiJsaXN0cG9tYXRlcmlhbCI7czo0OiJpY29uIjtzOjA6IiI7czo0OiJkZXNjIjtzOjA6IiI7fX19aTo4O2E6NTp7czo0OiJuYW1lIjtzOjEzOiJBZG1pbiBJbnZvaWNlIjtzOjM6InVybCI7czowOiIiO3M6NDoiaWNvbiI7czoxMDoiZmEtbGlzdC1vbCI7czo0OiJkZXNjIjtzOjA6IiI7czo4OiJjb250ZW50cyI7YToyOntpOjA7YTo1OntzOjI6ImlkIjtpOjQ1O3M6NDoibmFtZSI7czoxNjoiR2VuZXJhdGUgSW52b2ljZSI7czozOiJ1cmwiO3M6NjoiZ2VuaW52IjtzOjQ6Imljb24iO3M6MDoiIjtzOjQ6ImRlc2MiO3M6MDoiIjt9aToxO2E6NTp7czoyOiJpZCI7aTo0NjtzOjQ6Im5hbWUiO3M6MTI6Ikxpc3QgSW52b2ljZSI7czozOiJ1cmwiO3M6NzoibGlzdGludiI7czo0OiJpY29uIjtzOjA6IiI7czo0OiJkZXNjIjtzOjA6IiI7fX19aTo5O2E6NTp7czo0OiJuYW1lIjtzOjY6IlJlcG9ydCI7czozOiJ1cmwiO3M6MDoiIjtzOjQ6Imljb24iO3M6MTI6ImZhLWNoYXJ0LWJhciI7czo0OiJkZXNjIjtzOjA6IiI7czo4OiJjb250ZW50cyI7YTo1OntpOjA7YTo1OntzOjI6ImlkIjtpOjI5O3M6NDoibmFtZSI7czo2OiJEZXRhaWwiO3M6MzoidXJsIjtzOjEyOiJyZXBvcnRkZXRhaWwiO3M6NDoiaWNvbiI7czowOiIiO3M6NDoiZGVzYyI7czowOiIiO31pOjE7YTo1OntzOjI6ImlkIjtpOjMwO3M6NDoibmFtZSI7czo3OiJTdW1tYXJ5IjtzOjM6InVybCI7czoxMzoicmVwb3J0c3VtbWFyeSI7czo0OiJpY29uIjtzOjA6IiI7czo0OiJkZXNjIjtzOjA6IiI7fWk6MjthOjU6e3M6MjoiaWQiO2k6MzE7czo0OiJuYW1lIjtzOjEwOiJEaXN0cmlidXNpIjtzOjM6InVybCI7czoxNjoicmVwb3J0ZGlzdHJpYnVzaSI7czo0OiJpY29uIjtzOjA6IiI7czo0OiJkZXNjIjtzOjA6IiI7fWk6MzthOjU6e3M6MjoiaWQiO2k6MzI7czo0OiJuYW1lIjtzOjg6Ik1hdGVyaWFsIjtzOjM6InVybCI7czoxNDoicmVwb3J0bWF0ZXJpYWwiO3M6NDoiaWNvbiI7czowOiIiO3M6NDoiZGVzYyI7czowOiIiO31pOjQ7YTo1OntzOjI6ImlkIjtpOjQ4O3M6NDoibmFtZSI7czo4OiJGaWxlIEpvYiI7czozOiJ1cmwiO3M6MTM6InJlcG9ydGZpbGVqb2IiO3M6NDoiaWNvbiI7czowOiIiO3M6NDoiZGVzYyI7czowOiIiO319fX19',1617803878),('lN6lwNCfDPJ4qPEc8iFkclcr1a5ih5TxTUVKvIqo',NULL,'192.168.12.47','Avast Antivirus','YTo0OntzOjY6Il90b2tlbiI7czo0MDoiSTJ2R1c0WjRRdGhZdFo1WXVFN0FqQUUxbVBReDFEcjg2VjlkSm14diI7czozOiJ1cmwiO2E6MTp7czo4OiJpbnRlbmRlZCI7czoyMDoiaHR0cDovLzE5Mi4xNjguMTIuNDciO31zOjk6Il9wcmV2aW91cyI7YToxOntzOjM6InVybCI7czoyMDoiaHR0cDovLzE5Mi4xNjguMTIuNDciO31zOjY6Il9mbGFzaCI7YToyOntzOjM6Im9sZCI7YTowOnt9czozOiJuZXciO2E6MDp7fX19',1617848219),('tVlfygGbunb6t7NsI1dHM9g5FOpVduepSeHB7oip',NULL,'192.168.12.47','Avast Antivirus','YTozOntzOjY6Il90b2tlbiI7czo0MDoiek1pRWtGdTZ2b1FYWFJPUVhEV1I1cHdhekw2cFBoVUdXekJwdDBiVCI7czo5OiJfcHJldmlvdXMiO2E6MTp7czozOiJ1cmwiO3M6MjY6Imh0dHA6Ly8xOTIuMTY4LjEyLjQ3L2xvZ2luIjt9czo2OiJfZmxhc2giO2E6Mjp7czozOiJvbGQiO2E6MDp7fXM6MzoibmV3IjthOjA6e319fQ==',1617848219);

/*Table structure for table `simple_message` */

DROP TABLE IF EXISTS `simple_message`;

CREATE TABLE `simple_message` (
  `from_id` int(11) NOT NULL,
  `to_id` int(11) NOT NULL,
  `msg` varchar(200) COLLATE utf8mb4_unicode_ci NOT NULL,
  `read` tinyint(4) NOT NULL DEFAULT 0,
  `created_at` timestamp NOT NULL DEFAULT current_timestamp(),
  `readed_at` timestamp NULL DEFAULT NULL
) ENGINE=InnoDB DEFAULT CHARSET=utf8mb4 COLLATE=utf8mb4_unicode_ci;

/*Data for the table `simple_message` */

/*Table structure for table `table_counter` */

DROP TABLE IF EXISTS `table_counter`;

CREATE TABLE `table_counter` (
  `code` varchar(15) COLLATE utf8mb4_unicode_ci NOT NULL,
  `counter` bigint(20) NOT NULL,
  `created_at` timestamp NULL DEFAULT NULL,
  `updated_at` timestamp NULL DEFAULT NULL
) ENGINE=InnoDB DEFAULT CHARSET=utf8mb4 COLLATE=utf8mb4_unicode_ci;

/*Data for the table `table_counter` */

insert  into `table_counter`(`code`,`counter`,`created_at`,`updated_at`) values ('counter_prod',102,NULL,NULL),('counter_file',19,NULL,NULL),('coun_com_out',54,NULL,NULL),('coun_com_in',35,NULL,NULL),('counter_inv',9,NULL,NULL),('counter_saldo',1,NULL,NULL);

/*Table structure for table `task_result` */

DROP TABLE IF EXISTS `task_result`;

CREATE TABLE `task_result` (
  `id` int(10) unsigned NOT NULL AUTO_INCREMENT,
  `name` varchar(50) COLLATE utf8mb4_unicode_ci NOT NULL,
  `isok` varchar(1) COLLATE utf8mb4_unicode_ci NOT NULL,
  `desc` varchar(300) COLLATE utf8mb4_unicode_ci DEFAULT NULL,
  `created_at` timestamp NULL DEFAULT NULL,
  `updated_at` timestamp NULL DEFAULT NULL,
  PRIMARY KEY (`id`)
) ENGINE=InnoDB AUTO_INCREMENT=12 DEFAULT CHARSET=utf8mb4 COLLATE=utf8mb4_unicode_ci;

/*Data for the table `task_result` */

insert  into `task_result`(`id`,`name`,`isok`,`desc`,`created_at`,`updated_at`) values (1,'Success','Y','Sukses','2020-06-18 04:23:18',NULL),(2,'Failed','N','Failed','2020-06-18 04:24:57',NULL),(3,'Error','N','Error data','2020-06-18 04:25:18',NULL),(4,'Pending','P','Pending','2020-06-18 04:26:00',NULL),(5,'Hold','N','Hold','2020-06-18 04:26:45',NULL),(6,'Approved','Y','Data diapprove','2020-06-18 08:15:39',NULL),(7,'Not Approved','T','Tidak approve','2020-06-18 08:17:26',NULL),(8,'On Progress','P','Sedang dikerjakan','2020-06-21 18:20:13',NULL),(9,'Finish','Y','Finish pekerjaan','2020-06-21 20:06:23',NULL),(10,'Revisi','R','Sedang ada revisi','2020-12-16 14:09:50','2020-12-16 14:10:06'),(11,'Cancel','C','Cancel Job List','2021-03-27 13:33:38',NULL);

/*Table structure for table `task_status` */

DROP TABLE IF EXISTS `task_status`;

CREATE TABLE `task_status` (
  `id` int(10) unsigned NOT NULL AUTO_INCREMENT,
  `name` varchar(50) COLLATE utf8mb4_unicode_ci NOT NULL,
  `icon` varchar(35) COLLATE utf8mb4_unicode_ci DEFAULT NULL,
  `desc` varchar(300) COLLATE utf8mb4_unicode_ci DEFAULT NULL,
  `created_at` timestamp NULL DEFAULT NULL,
  `updated_at` timestamp NULL DEFAULT NULL,
  PRIMARY KEY (`id`)
) ENGINE=InnoDB AUTO_INCREMENT=21 DEFAULT CHARSET=utf8mb4 COLLATE=utf8mb4_unicode_ci;

/*Data for the table `task_status` */

insert  into `task_status`(`id`,`name`,`icon`,`desc`,`created_at`,`updated_at`) values (1,'Upload Data','fa-upload','Pertama kali data masuk','2020-06-16 11:57:07',NULL),(2,'Download data','fa-download','Data didownload oleh processing','2020-06-18 08:13:42',NULL),(3,'Approval','fa-question-circle','Proses approval oleh customer','2020-06-18 08:15:07',NULL),(4,'Process Data','fa-fire','Processing melakukan process data','2020-06-21 18:07:53',NULL),(5,'Submit Job Production','fa-plus-square','Submit job to production, upload detail production','2020-06-21 18:11:05',NULL),(6,'Printing','fa-print','Printing document','2020-06-21 18:13:11',NULL),(7,'Packing','fa-boxes','Packing Document','2020-06-21 18:14:13','2020-09-26 16:09:34'),(8,'QC','fa-tasks','Pengecekan konten dokument','2020-06-21 18:15:12','2020-09-26 16:09:52'),(9,'Balancing','fa-sync','Balancing dokument','2020-06-21 18:16:45','2020-09-26 16:10:19'),(10,'Scaning','fa-barcode','Scanning','2020-06-21 18:17:32',NULL),(11,'Distribusi','fa-truck','Proses Distribusi','2020-06-21 18:18:47',NULL),(12,'Finish','fa-flag-checkered','Finish','2020-06-21 18:19:25',NULL),(13,'Upload Approval','fa-upload','Upload approval oleh data processing','2020-06-21 20:03:33',NULL),(14,'Not Approved','fa-times','Data tidak di Approve','2020-12-16 10:54:20',NULL),(15,'Revisi','fa-history','Ada revisi','2020-12-17 11:29:00',NULL),(16,'Warehouse','fa-cubes','Request dan stock Material','2020-12-17 14:11:44',NULL),(17,'Generated','fa-sync','Berhasil Generate Invoice','2021-01-25 16:41:00',NULL),(18,'Terbayar','fa-money','Sudah dibayar oleh Customer','2021-01-25 16:43:37',NULL),(20,'Email Blast','fa-envelope','Data dikirim email blast','2021-03-30 10:27:50',NULL);

/*Table structure for table `task_status_to_result` */

DROP TABLE IF EXISTS `task_status_to_result`;

CREATE TABLE `task_status_to_result` (
  `status_id` int(11) NOT NULL,
  `result_id` int(11) NOT NULL,
  `created_at` timestamp NULL DEFAULT NULL,
  `updated_at` timestamp NULL DEFAULT NULL
) ENGINE=InnoDB DEFAULT CHARSET=utf8mb4 COLLATE=utf8mb4_unicode_ci;

/*Data for the table `task_status_to_result` */

insert  into `task_status_to_result`(`status_id`,`result_id`,`created_at`,`updated_at`) values (1,1,'2020-06-18 08:07:32','2020-06-18 08:07:32'),(1,2,'2020-06-18 08:07:32','2020-06-18 08:07:32'),(2,1,'2020-06-21 17:38:20','2020-06-21 17:38:20'),(2,2,'2020-06-21 17:38:21','2020-06-21 17:38:21'),(5,1,'2020-06-21 20:04:39','2020-06-21 20:04:39'),(5,2,'2020-06-21 20:04:39','2020-06-21 20:04:39'),(4,1,'2020-06-21 20:05:15','2020-06-21 20:05:15'),(4,2,'2020-06-21 20:05:15','2020-06-21 20:05:15'),(4,8,'2020-06-21 20:05:15','2020-06-21 20:05:15'),(7,2,'2020-06-21 20:09:25','2020-06-21 20:09:25'),(7,8,'2020-06-21 20:09:25','2020-06-21 20:09:25'),(7,9,'2020-06-21 20:09:25','2020-06-21 20:09:25'),(10,2,'2020-06-21 20:09:52','2020-06-21 20:09:52'),(10,8,'2020-06-21 20:09:52','2020-06-21 20:09:52'),(10,9,'2020-06-21 20:09:53','2020-06-21 20:09:53'),(9,2,'2020-06-21 20:10:08','2020-06-21 20:10:08'),(9,8,'2020-06-21 20:10:08','2020-06-21 20:10:08'),(9,9,'2020-06-21 20:10:09','2020-06-21 20:10:09'),(8,2,'2020-06-21 20:10:22','2020-06-21 20:10:22'),(8,8,'2020-06-21 20:10:22','2020-06-21 20:10:22'),(8,9,'2020-06-21 20:10:22','2020-06-21 20:10:22'),(11,1,'2020-06-21 20:12:03','2020-06-21 20:12:03'),(11,4,'2020-06-21 20:12:03','2020-06-21 20:12:03'),(11,5,'2020-06-21 20:12:03','2020-06-21 20:12:03'),(11,8,'2020-06-21 20:12:03','2020-06-21 20:12:03'),(11,9,'2020-06-21 20:12:03','2020-06-21 20:12:03'),(12,9,'2020-06-21 20:12:23','2020-06-21 20:12:23'),(13,1,'2020-06-21 20:12:36','2020-06-21 20:12:36'),(13,2,'2020-06-21 20:12:36','2020-06-21 20:12:36'),(14,7,'2020-12-16 13:40:52','2020-12-16 13:40:52'),(3,6,'2020-12-16 14:10:46','2020-12-16 14:10:46'),(3,7,'2020-12-16 14:10:46','2020-12-16 14:10:46'),(3,10,'2020-12-16 14:10:46','2020-12-16 14:10:46'),(15,10,'2020-12-17 11:29:09','2020-12-17 11:29:09'),(16,4,'2020-12-17 14:13:21','2020-12-17 14:13:21'),(16,6,'2020-12-17 14:13:21','2020-12-17 14:13:21'),(6,3,'2020-12-18 16:19:06','2020-12-18 16:19:06'),(6,4,'2020-12-18 16:19:06','2020-12-18 16:19:06'),(6,8,'2020-12-18 16:19:06','2020-12-18 16:19:06'),(6,9,'2020-12-18 16:19:06','2020-12-18 16:19:06');

/*Table structure for table `transaction_history` */

DROP TABLE IF EXISTS `transaction_history`;

CREATE TABLE `transaction_history` (
  `id` bigint(20) unsigned NOT NULL AUTO_INCREMENT,
  `file_id` int(11) NOT NULL,
  `production_id` int(11) NOT NULL,
  `status_id` int(11) NOT NULL,
  `user_id` int(11) NOT NULL,
  `result_id` int(11) NOT NULL,
  `note` text COLLATE utf8mb4_unicode_ci DEFAULT NULL,
  `created_at` datetime NOT NULL,
  PRIMARY KEY (`id`)
) ENGINE=InnoDB AUTO_INCREMENT=307 DEFAULT CHARSET=utf8mb4 COLLATE=utf8mb4_unicode_ci;

/*Data for the table `transaction_history` */

insert  into `transaction_history`(`id`,`file_id`,`production_id`,`status_id`,`user_id`,`result_id`,`note`,`created_at`) values (111,0,19,5,3,1,'segera dicetak','2021-02-11 19:43:27'),(112,0,19,16,3,6,NULL,'2021-02-11 19:43:50'),(113,0,19,6,3,9,NULL,'2021-02-11 19:44:02'),(114,0,19,9,3,9,NULL,'2021-02-11 19:45:10'),(115,0,19,11,3,1,'Kurir : Seno, Ekspedisi : SAP, Service : REGULER','2021-02-11 19:45:45'),(116,0,20,5,3,1,'tes','2021-03-08 11:09:32'),(117,0,20,16,3,6,'ok','2021-03-08 11:09:47'),(118,0,20,6,3,4,NULL,'2021-03-08 11:23:44'),(119,0,20,6,3,9,NULL,'2021-03-08 11:24:06'),(120,0,20,9,3,8,NULL,'2021-03-08 11:24:40'),(121,0,20,9,3,9,NULL,'2021-03-08 11:24:47'),(122,0,20,11,3,1,'Kurir : Eko, Ekspedisi : SAP, Service : REGULER','2021-03-08 11:25:22'),(123,0,21,5,3,1,'Mantap','2021-03-08 14:17:45'),(124,0,21,16,3,4,'wait ya','2021-03-08 14:18:16'),(125,0,21,16,3,6,'ok','2021-03-08 14:18:33'),(126,0,21,6,3,8,'santuy','2021-03-08 14:20:20'),(127,0,21,6,3,9,'gercep mantap','2021-03-08 14:20:49'),(128,0,21,9,3,9,'selesai','2021-03-08 14:21:04'),(129,0,21,11,3,1,'Kurir : Eko, Ekspedisi : SAP, Service : REGULER','2021-03-08 14:25:06'),(130,0,22,5,3,1,'ok','2021-03-08 14:42:31'),(131,0,22,16,3,6,NULL,'2021-03-08 14:43:59'),(132,0,22,6,3,9,NULL,'2021-03-08 14:44:09'),(133,0,22,9,3,9,NULL,'2021-03-08 14:44:38'),(134,0,22,11,3,1,'Kurir : Eko, Ekspedisi : SAP, Service : REGULER','2021-03-08 15:03:55'),(135,0,23,5,3,1,NULL,'2021-03-08 15:05:49'),(136,0,23,16,3,6,NULL,'2021-03-08 15:06:05'),(137,0,23,6,3,9,NULL,'2021-03-08 15:06:14'),(138,0,23,9,3,9,NULL,'2021-03-08 15:08:38'),(139,0,23,11,3,1,'Kurir : Eko, Ekspedisi : SAP, Service : REGULER','2021-03-08 16:42:21'),(140,0,24,5,3,1,NULL,'2021-03-10 15:12:33'),(141,0,24,16,3,6,NULL,'2021-03-10 15:12:47'),(142,0,24,6,3,9,NULL,'2021-03-10 16:30:03'),(143,0,24,9,3,9,NULL,'2021-03-10 16:30:09'),(144,0,24,11,3,1,'Kurir : okay, Ekspedisi : SAP, Service : REGULER','2021-03-10 16:30:26'),(145,0,25,5,3,1,NULL,'2021-03-10 17:39:59'),(146,0,25,16,3,6,NULL,'2021-03-10 17:40:25'),(147,0,26,5,3,1,'2','2021-03-10 17:45:10'),(148,0,26,16,3,6,NULL,'2021-03-10 17:45:37'),(149,0,26,6,3,9,NULL,'2021-03-10 17:57:21'),(150,0,25,6,3,9,NULL,'2021-03-10 17:57:26'),(151,0,26,9,3,9,NULL,'2021-03-10 17:57:31'),(152,0,25,9,3,9,NULL,'2021-03-10 17:57:36'),(153,0,26,11,3,1,'Kurir : Seno, Ekspedisi : SAP, Service : REGULER','2021-03-10 17:57:52'),(154,0,27,5,3,1,'ok','2021-03-12 16:34:44'),(155,0,27,16,3,6,NULL,'2021-03-12 16:36:12'),(156,0,27,6,3,9,NULL,'2021-03-12 16:36:19'),(157,0,27,9,3,9,NULL,'2021-03-12 16:36:25'),(158,0,27,11,3,1,'Kurir : Seno, Ekspedisi : HOLD SEQUIS, Service : REGULER','2021-03-12 16:37:02'),(159,0,25,11,3,1,'Kurir : okay, Ekspedisi : SAP, Service : REGULER','2021-03-12 16:37:47'),(160,0,27,11,3,1,'Kurir : okay, Ekspedisi : SAP, Service : REGULER','2021-03-12 16:38:18'),(161,0,28,5,3,1,'demo','2021-03-15 09:56:11'),(162,0,28,16,3,6,NULL,'2021-03-15 09:56:27'),(163,0,28,6,3,9,NULL,'2021-03-15 09:56:40'),(164,0,28,9,3,9,NULL,'2021-03-15 09:56:48'),(165,0,28,11,3,1,'Kurir : Seno, Ekspedisi : SAP, Service : REGULER','2021-03-15 09:57:09'),(166,4,0,1,3,1,'','2021-03-15 10:45:04'),(167,4,0,2,3,1,'','2021-03-15 10:45:17'),(168,4,0,13,3,1,'mohon di app','2021-03-15 10:46:05'),(169,4,0,3,3,6,'ok','2021-03-15 10:48:03'),(170,4,29,5,3,1,'Segera cetak','2021-03-15 11:07:54'),(171,0,29,16,3,6,'ok','2021-03-15 11:21:07'),(172,0,29,6,3,9,'ok','2021-03-15 11:21:22'),(173,0,29,9,3,9,NULL,'2021-03-15 11:21:30'),(174,0,29,11,3,1,'Kurir : Abel, Ekspedisi : SAP, Service : REGULER','2021-03-15 11:23:04'),(175,0,30,5,3,1,'ok','2021-03-16 18:56:44'),(176,0,30,16,3,6,NULL,'2021-03-16 19:02:38'),(177,0,30,6,3,9,NULL,'2021-03-16 19:02:47'),(178,0,30,9,3,8,NULL,'2021-03-16 19:02:53'),(179,0,30,9,3,9,NULL,'2021-03-16 19:03:04'),(180,0,30,11,3,1,'Kurir : Seno, Ekspedisi : KGP, Service : REGULER','2021-03-16 19:03:26'),(181,0,31,5,3,1,'silahkan cetak','2021-03-25 19:09:18'),(182,0,31,16,12,6,NULL,'2021-03-26 10:33:20'),(183,0,31,6,16,9,'waste 4','2021-03-26 10:35:27'),(184,0,31,9,23,9,NULL,'2021-03-26 10:37:49'),(185,0,31,11,11,1,'Kurir : Mulyadi, Ekspedisi : KGP, Service : REGULER','2021-03-26 10:40:18'),(186,0,32,5,17,1,'Dear team Xprins,\r\n\r\nKami informasikan untuk approval billing cycle 25032021 sudah disimpan di SFTP.\r\nMohon dicek kembali keseluruhan datanya.\r\n\r\nApabila sampai dengan pukul 16:00 data belum diterima, mohon segera informasikan kembali ke kami.\r\n\r\nTerima kasih\r\nRegards,\r\nDeddy Hermawan','2021-03-26 11:15:28'),(187,0,33,5,3,1,'Email Blast','2021-03-26 15:39:05'),(188,0,34,5,3,1,'Mail Blast','2021-03-26 16:39:05'),(189,0,35,5,3,1,'Mail blast','2021-03-26 17:58:54'),(190,0,36,5,3,1,'mail blast','2021-03-26 18:05:57'),(191,0,37,5,13,1,'ok','2021-03-27 11:50:11'),(192,0,37,5,3,11,'batal cetak','2021-03-27 13:50:50'),(193,0,38,5,17,1,'disi from email..','2021-03-29 10:00:01'),(194,0,38,16,12,6,'ok','2021-03-29 10:20:46'),(195,0,38,6,16,9,'ok','2021-03-29 10:22:56'),(196,0,38,9,23,9,'ok','2021-03-29 10:26:33'),(197,0,38,11,11,1,'Kurir : Pak Manto, Ekspedisi : KGP, Service : REGULER','2021-03-29 10:27:11'),(198,0,39,5,17,1,'ok','2021-03-29 14:16:59'),(199,0,39,16,12,6,NULL,'2021-03-29 14:21:22'),(200,0,39,6,16,9,NULL,'2021-03-29 14:21:46'),(201,0,39,9,23,9,NULL,'2021-03-29 14:22:03'),(202,0,39,11,11,1,'Kurir : Pak Manto, Ekspedisi : KGP, Service : REGULER','2021-03-29 14:35:47'),(203,0,40,5,17,1,'ok','2021-03-29 14:48:10'),(204,0,40,16,12,6,'ok','2021-03-29 14:48:30'),(205,0,41,5,17,1,'ok','2021-03-29 16:13:06'),(206,0,41,16,12,6,NULL,'2021-03-29 16:13:20'),(207,0,41,6,16,9,NULL,'2021-03-29 16:13:44'),(208,0,41,9,23,9,NULL,'2021-03-29 16:14:00'),(209,0,41,11,11,1,'Kurir : Mulyadi, Ekspedisi : KGP, Service : REGULER','2021-03-29 16:16:37'),(210,0,42,5,17,1,'ok','2021-03-29 16:25:53'),(211,0,42,16,12,6,'ok','2021-03-29 16:26:19'),(212,0,42,16,12,6,'ok','2021-03-29 16:26:29'),(213,0,42,16,12,6,'ok','2021-03-29 16:27:36'),(214,0,42,16,12,6,NULL,'2021-03-29 16:37:41'),(215,0,42,16,12,6,NULL,'2021-03-29 16:38:09'),(216,0,42,16,12,6,'yes','2021-03-29 16:40:45'),(217,0,42,6,16,9,NULL,'2021-03-29 16:41:11'),(218,0,42,9,23,9,NULL,'2021-03-29 16:43:14'),(219,0,43,5,3,1,'ok','2021-03-29 17:06:21'),(220,0,44,5,3,1,'ok','2021-03-29 17:06:37'),(221,0,45,5,3,1,'ok','2021-03-29 17:07:18'),(222,0,45,16,3,6,'ok','2021-03-29 17:07:46'),(223,0,46,5,3,1,NULL,'2021-03-29 17:11:02'),(224,0,46,16,3,6,'ok','2021-03-29 17:11:16'),(225,0,47,5,3,1,NULL,'2021-03-29 17:13:00'),(226,0,47,16,3,6,NULL,'2021-03-29 17:13:13'),(227,0,48,5,3,1,NULL,'2021-03-29 17:15:49'),(228,0,48,16,3,6,NULL,'2021-03-29 17:16:00'),(229,0,49,5,3,1,NULL,'2021-03-29 17:17:05'),(230,0,49,16,3,6,NULL,'2021-03-29 17:17:48'),(231,0,50,5,3,1,NULL,'2021-03-29 17:20:44'),(232,0,50,16,3,4,NULL,'2021-03-29 17:20:54'),(233,0,50,16,3,6,NULL,'2021-03-29 17:20:59'),(234,0,50,16,3,6,NULL,'2021-03-29 17:21:11'),(235,0,50,16,3,6,NULL,'2021-03-29 17:21:57'),(236,0,50,16,3,6,NULL,'2021-03-29 17:22:48'),(237,0,50,16,3,6,NULL,'2021-03-29 17:23:24'),(238,0,50,16,3,6,NULL,'2021-03-29 17:24:14'),(239,0,51,5,3,1,NULL,'2021-03-29 17:32:29'),(240,0,51,16,3,6,NULL,'2021-03-29 17:32:44'),(241,0,51,16,3,6,NULL,'2021-03-29 17:53:31'),(242,0,51,16,3,6,NULL,'2021-03-29 17:54:14'),(243,0,51,16,3,6,NULL,'2021-03-29 17:54:40'),(244,0,51,16,3,6,NULL,'2021-03-29 17:55:11'),(245,0,51,16,3,6,NULL,'2021-03-29 17:55:58'),(246,0,52,5,3,1,NULL,'2021-03-29 17:57:21'),(247,0,52,16,3,6,NULL,'2021-03-29 17:57:36'),(248,0,52,16,3,6,NULL,'2021-03-29 18:00:17'),(249,0,52,16,3,6,NULL,'2021-03-29 18:00:33'),(250,0,52,16,3,6,NULL,'2021-03-29 18:02:04'),(251,0,52,16,3,6,NULL,'2021-03-29 18:03:42'),(252,0,52,16,3,6,NULL,'2021-03-29 18:04:18'),(253,0,52,16,3,6,NULL,'2021-03-29 18:11:52'),(254,0,53,5,3,1,NULL,'2021-03-29 18:13:00'),(255,0,53,16,3,6,NULL,'2021-03-29 18:13:12'),(256,0,53,16,3,6,NULL,'2021-03-29 18:14:40'),(257,0,54,5,3,1,'ok','2021-03-29 18:15:02'),(258,0,54,16,3,6,NULL,'2021-03-29 18:15:14'),(259,0,55,5,3,1,NULL,'2021-03-29 18:22:51'),(260,0,55,16,3,6,NULL,'2021-03-29 18:23:02'),(261,0,56,5,3,1,NULL,'2021-03-29 18:24:29'),(262,0,56,16,3,6,NULL,'2021-03-29 18:24:39'),(263,0,57,5,3,1,NULL,'2021-03-29 18:26:16'),(264,0,57,16,3,6,NULL,'2021-03-29 18:26:27'),(265,0,58,5,3,1,NULL,'2021-03-29 18:27:23'),(266,0,58,16,3,6,NULL,'2021-03-29 18:27:33'),(267,0,59,5,3,1,'ok','2021-03-30 09:26:44'),(268,0,59,16,3,6,NULL,'2021-03-30 09:26:51'),(269,0,59,6,3,9,NULL,'2021-03-30 09:27:06'),(270,0,59,9,3,9,NULL,'2021-03-30 09:27:13'),(271,0,59,11,3,1,'Kurir : Mulyadi, Ekspedisi : KGP, Service : REGULER','2021-03-30 09:27:25'),(272,0,60,5,3,1,'ok','2021-03-30 09:40:31'),(273,0,60,16,3,6,NULL,'2021-03-30 09:40:40'),(274,0,60,6,3,9,NULL,'2021-03-30 09:41:27'),(275,0,60,9,3,9,NULL,'2021-03-30 09:41:33'),(276,0,60,11,3,1,'Kurir : Mukti, Ekspedisi : KGP, Service : REGULER','2021-03-30 09:41:47'),(277,0,61,5,3,1,NULL,'2021-03-30 09:42:42'),(278,0,61,16,3,6,NULL,'2021-03-30 09:42:56'),(279,0,61,6,3,9,NULL,'2021-03-30 09:43:14'),(280,0,61,9,3,9,NULL,'2021-03-30 09:43:24'),(281,0,61,11,3,1,'Kurir : Abel, Ekspedisi : KGP, Service : REGULER','2021-03-30 09:48:27'),(282,0,62,5,3,1,NULL,'2021-03-30 09:53:48'),(283,0,62,16,3,6,NULL,'2021-03-30 09:53:56'),(284,0,62,6,3,9,NULL,'2021-03-30 09:55:17'),(285,0,62,9,3,9,NULL,'2021-03-30 09:55:24'),(286,0,62,11,3,1,'Kurir : Pak Eko, Ekspedisi : KGP, Service : REGULER','2021-03-30 09:55:50'),(287,0,63,5,3,1,NULL,'2021-03-30 10:04:17'),(288,0,63,5,3,11,'batal cetak','2021-03-30 10:04:47'),(289,0,64,5,3,1,'ok','2021-03-30 10:10:30'),(290,0,64,16,12,6,NULL,'2021-03-30 10:18:58'),(291,0,64,6,3,9,NULL,'2021-03-30 10:22:24'),(292,0,64,9,3,9,NULL,'2021-03-30 10:22:29'),(293,0,65,5,3,1,'ok','2021-03-30 10:51:29'),(294,0,65,16,3,6,NULL,'2021-03-30 10:51:44'),(295,0,65,6,3,9,NULL,'2021-03-30 10:52:16'),(296,0,65,9,3,9,NULL,'2021-03-30 10:52:21'),(297,0,66,5,3,1,'ok','2021-04-01 10:00:13'),(298,0,66,16,3,6,NULL,'2021-04-01 10:03:19'),(299,0,66,6,3,9,NULL,'2021-04-01 10:03:29'),(300,0,66,9,3,9,NULL,'2021-04-01 10:03:35'),(301,0,66,11,3,1,'Kurir : Pak Manto, Ekspedisi : NCS, Service : Reguler','2021-04-01 10:04:04'),(302,0,67,5,3,1,'ok','2021-04-01 10:10:05'),(303,0,67,16,3,6,NULL,'2021-04-01 10:20:18'),(304,0,67,6,3,9,NULL,'2021-04-01 10:20:26'),(305,0,67,9,3,9,NULL,'2021-04-01 10:20:32'),(306,0,67,11,3,1,'Kurir : ukay, Ekspedisi : NCS, Service : Reguler','2021-04-01 10:20:47');

/*Table structure for table `user_group` */

DROP TABLE IF EXISTS `user_group`;

CREATE TABLE `user_group` (
  `id` int(10) unsigned NOT NULL AUTO_INCREMENT,
  `name` varchar(191) COLLATE utf8mb4_unicode_ci NOT NULL,
  `created_at` timestamp NULL DEFAULT NULL,
  `updated_at` timestamp NULL DEFAULT NULL,
  PRIMARY KEY (`id`)
) ENGINE=InnoDB DEFAULT CHARSET=utf8mb4 COLLATE=utf8mb4_unicode_ci;

/*Data for the table `user_group` */

/*Table structure for table `user_info` */

DROP TABLE IF EXISTS `user_info`;

CREATE TABLE `user_info` (
  `user_id` int(11) NOT NULL,
  `customer_id` int(11) NOT NULL,
  `project_id` int(11) NOT NULL,
  `level` int(11) NOT NULL,
  `created_at` timestamp NULL DEFAULT NULL,
  `updated_at` timestamp NULL DEFAULT NULL,
  PRIMARY KEY (`user_id`)
) ENGINE=InnoDB DEFAULT CHARSET=utf8mb4 COLLATE=utf8mb4_unicode_ci;

/*Data for the table `user_info` */

insert  into `user_info`(`user_id`,`customer_id`,`project_id`,`level`,`created_at`,`updated_at`) values (2,0,0,3,'2020-07-01 18:47:24','2021-02-10 11:13:02'),(3,0,0,2,'2020-11-19 22:31:19',NULL),(9,0,0,3,'2021-03-25 17:01:45',NULL),(10,0,0,3,'2021-03-25 17:02:06',NULL),(11,0,0,3,'2021-03-25 17:02:30',NULL),(12,0,0,3,'2021-03-25 17:02:48',NULL),(13,0,0,3,'2021-03-25 17:08:52',NULL),(14,0,0,3,'2021-03-25 17:09:09',NULL),(15,0,0,3,'2021-03-25 17:10:05',NULL),(16,0,0,3,'2021-03-25 17:10:29',NULL),(17,0,0,3,'2021-03-25 17:10:51',NULL),(18,0,0,3,'2021-03-25 17:11:08',NULL),(19,0,0,3,'2021-03-25 17:11:28',NULL),(20,0,0,3,'2021-03-25 17:11:51',NULL),(21,0,0,3,'2021-03-25 17:12:07',NULL),(22,0,0,3,'2021-03-25 17:12:21',NULL),(23,0,0,3,'2021-03-25 17:12:42',NULL),(24,0,0,3,'2021-03-25 17:13:03',NULL),(25,0,0,3,'2021-03-25 17:13:28',NULL);

/*Table structure for table `users` */

DROP TABLE IF EXISTS `users`;

CREATE TABLE `users` (
  `id` int(10) unsigned NOT NULL AUTO_INCREMENT,
  `name` varchar(191) COLLATE utf8mb4_unicode_ci NOT NULL,
  `username` varchar(191) COLLATE utf8mb4_unicode_ci DEFAULT NULL,
  `email` varchar(191) COLLATE utf8mb4_unicode_ci NOT NULL,
  `password` varchar(191) COLLATE utf8mb4_unicode_ci NOT NULL,
  `group` int(11) NOT NULL DEFAULT 0,
  `active` smallint(6) NOT NULL DEFAULT 0,
  `remember_token` varchar(100) COLLATE utf8mb4_unicode_ci DEFAULT NULL,
  `created_at` timestamp NULL DEFAULT NULL,
  `updated_at` timestamp NULL DEFAULT NULL,
  PRIMARY KEY (`id`),
  UNIQUE KEY `users_email_unique` (`email`),
  UNIQUE KEY `users_username_unique` (`username`)
) ENGINE=InnoDB AUTO_INCREMENT=26 DEFAULT CHARSET=utf8mb4 COLLATE=utf8mb4_unicode_ci;

/*Data for the table `users` */

insert  into `users`(`id`,`name`,`username`,`email`,`password`,`group`,`active`,`remember_token`,`created_at`,`updated_at`) values (2,'Hary','hary','hary@xptlp.co.id','$2y$10$IbuRsE4nf0wZlYde3wYSU.D1Swk2ibafsdyzTzefm1WUm58GKYELC',0,1,'aJgVjNh5ifqFrZCBOY3e05jofVgyzliDb5xeSL4soAkOa9rOezGKwl0NQWGx',NULL,'2021-02-10 11:13:02'),(3,'farhan','farhan','farhan.nakagawa@gmail.com','$2y$10$jDBqf1Ufbp/Ys8orpxDmFOW94AvWTLFZVzp4cPu.dUyYqOJHID8Vu',0,1,'KoGUEa6uaPoNTqCX1vgpwSyIJ3mc7JDY0tmC5QBlejwE9gphVQdJbMwfY3PM',NULL,'2020-11-24 13:39:08'),(9,'shandy','shandy','shandy@xptlp.co.id','$2y$10$KxgFMmC0H4uJ7SUVYXOYCusAXjnfxEc.Nq7gRgNPgET5VHD2g0xQ.',0,1,NULL,NULL,NULL),(10,'dessy','dessy','dessy@xptlp.co.id','$2y$10$Ad.RrEYjlcxPTfsTFUg.3efKuUF2.tpvZ1rB3ukiGuTbWXCktTTAu',0,1,NULL,NULL,NULL),(11,'ratih','ratih','ratih@xptlp.co.id','$2y$10$mn9atCXzyhPwagKfQZ3bB.3eHHFGSpH/OMrq1wOQgxVXbn4M6NJzy',0,1,NULL,NULL,NULL),(12,'jamal','jamal','jamal@xptlp.co.id','$2y$10$SswVBCfuk2lH4LWIEfxjw.YhkCUq7qG7JIyhxvuCjmT7BMt2FH8Ve',0,1,NULL,NULL,NULL),(13,'suci','suci','suci@xptlp.co.id','$2y$10$hMbwsKoTxBhRshBHIuwdkuQqE9UMHnLKrlj8unrFADMw692ZaL7EW',0,1,NULL,NULL,NULL),(14,'ria','ria','ria@xptlp.co.id','$2y$10$bQ.iH/SGgCziZKzLaYfZhOasty1EMQs1KtA5TdkCSxhrkdbIhjTEW',0,1,NULL,NULL,NULL),(15,'ahmad sofyan','asofyan','asofyan@xptlp.co.id','$2y$10$DQCwuvR6.wXd9J/a8ta9yOkVwsoeaSo5D5n0DjPcK6DAjg.KYXGCO',0,1,NULL,NULL,NULL),(16,'fauzi','fauzi','fauzi@xptlp.co.id','$2y$10$O.i5oXiQyAPyoCiVZjG0XOir6X.r.hlRZAbAYx9m1ofWB1.JXjudm',0,1,NULL,NULL,NULL),(17,'dwi','dwi','dwi@xptlp.co.id','$2y$10$LQTtWNtiSmLFna5L47VvxO4dgLGH.vqziLmiXTuMxSSGiosYmwQ1G',0,1,NULL,NULL,NULL),(18,'sari','sari','sari@xptlp.co.id','$2y$10$mQuz930txZxTymw0h8zjVOdizCBVyiJPZ6PYD9p/WFJbnQuwcec26',0,1,NULL,NULL,NULL),(19,'zamzami','zamzami','zamzami@xptlp.co.id','$2y$10$RQlBrOBBZRF84P8W5Y.s7ely5nbZjgKs0VXuo9DWJV3KnS7Lv217G',0,1,NULL,NULL,NULL),(20,'adi purwarnto','adi','adi@xptlp.co.id','$2y$10$QnA9wngsvWCmBRL6AQltJ.xCZOyF8FvTu3pscEIcMMxhMUNk3cvD2',0,1,NULL,NULL,NULL),(21,'wiwi','wiwi','wiwi@xptlp.co.id','$2y$10$bIeIhmdkfS4eK.FRbKwV7O3iuxIrCbIZRijuz49F5vfReOZsdL3RK',0,1,NULL,NULL,NULL),(22,'eva','eva','eva@xptlp.co.id','$2y$10$FXAdfsGSj5l5hzKP6DQwU.5ji7OZOvPy61hZ/zf7f6wlYChcTf3Wm',0,1,NULL,NULL,NULL),(23,'anwar','anwar','anwar@xptlp.co.id','$2y$10$T8N7cy2KBNLDxY3VAaKose5QCH0070cO.J1XEolNkNe4AqDYcRpS6',0,1,NULL,NULL,NULL),(24,'yusuf','yusuf','yusuf@xptlp.co.id','$2y$10$bprfVQvtuTKtpqykaN3LT.MIUJCsxj8VFktMrp.FwNGfbWohdP9TS',0,1,NULL,NULL,NULL),(25,'budi','budi','budi@xptlp.co.id','$2y$10$oDTAatN0.pEA8OLoLFia9.c3uBlwQRtONJGMcqjqxcmjaNkw5HC/C',0,1,NULL,NULL,NULL);

/*Table structure for table `vendor` */

DROP TABLE IF EXISTS `vendor`;

CREATE TABLE `vendor` (
  `id` int(10) unsigned NOT NULL AUTO_INCREMENT,
  `code` varchar(10) COLLATE utf8mb4_unicode_ci NOT NULL,
  `name` varchar(100) COLLATE utf8mb4_unicode_ci NOT NULL,
  `pic` varchar(100) COLLATE utf8mb4_unicode_ci DEFAULT NULL,
  `telp` varchar(50) COLLATE utf8mb4_unicode_ci DEFAULT NULL,
  `address1` varchar(150) COLLATE utf8mb4_unicode_ci DEFAULT NULL,
  `address2` varchar(150) COLLATE utf8mb4_unicode_ci DEFAULT NULL,
  `address3` varchar(150) COLLATE utf8mb4_unicode_ci DEFAULT NULL,
  `city` varchar(50) COLLATE utf8mb4_unicode_ci DEFAULT NULL,
  `zipcode` varchar(15) COLLATE utf8mb4_unicode_ci DEFAULT NULL,
  `desc` varchar(300) COLLATE utf8mb4_unicode_ci DEFAULT NULL,
  `active` smallint(6) NOT NULL DEFAULT 0,
  `created_at` timestamp NULL DEFAULT NULL,
  `updated_at` timestamp NULL DEFAULT NULL,
  PRIMARY KEY (`id`,`code`)
) ENGINE=InnoDB AUTO_INCREMENT=3 DEFAULT CHARSET=utf8mb4 COLLATE=utf8mb4_unicode_ci;

/*Data for the table `vendor` */

insert  into `vendor`(`id`,`code`,`name`,`pic`,`telp`,`address1`,`address2`,`address3`,`city`,`zipcode`,`desc`,`active`,`created_at`,`updated_at`) values (1,'BTW001','BETAWI MAS','Aldo','0217905521','jl. sesama',NULL,NULL,'jakarta',NULL,NULL,1,'2020-12-21 14:06:15',NULL),(2,'V-002','Sakdi','Mr. Sakidi','02164597987','jl jaalan 2',NULL,NULL,'jakarta',NULL,NULL,0,'2021-03-15 15:35:32',NULL);

/* Trigger structure for table `components_in` */

DELIMITER $$

/*!50003 DROP TRIGGER*//*!50032 IF EXISTS */ /*!50003 `components_in_stok_masuk` */$$

/*!50003 CREATE */ /*!50017 DEFINER = 'root'@'localhost' */ /*!50003 TRIGGER `components_in_stok_masuk` AFTER INSERT ON `components_in` FOR EACH ROW BEGIN
        UPDATE components SET stock=stock+new.qty
        WHERE id=new.component_id;
        UPDATE components SET 	   saldo_akhir=stock*price_beli
        WHERE id=new.component_id;        
END */$$


DELIMITER ;

/* Trigger structure for table `components_in` */

DELIMITER $$

/*!50003 DROP TRIGGER*//*!50032 IF EXISTS */ /*!50003 `components_in_stok_masuk_dobel` */$$

/*!50003 CREATE */ /*!50017 DEFINER = 'root'@'localhost' */ /*!50003 TRIGGER `components_in_stok_masuk_dobel` AFTER DELETE ON `components_in` FOR EACH ROW BEGIN
        UPDATE components SET stock=stock-old.qty
        WHERE id=old.component_id;
        UPDATE components SET saldo_akhir=stock*price_beli
        WHERE id=old.component_id;        
END */$$


DELIMITER ;

/* Trigger structure for table `components_out` */

DELIMITER $$

/*!50003 DROP TRIGGER*//*!50032 IF EXISTS */ /*!50003 `components_out_stock_out` */$$

/*!50003 CREATE */ /*!50017 DEFINER = 'root'@'localhost' */ /*!50003 TRIGGER `components_out_stock_out` AFTER INSERT ON `components_out` FOR EACH ROW BEGIN
	if(new.group='material') THEN
        UPDATE components SET stock=stock-new.qty
        WHERE id=new.component_id;
                UPDATE components SET saldo_akhir=stock*price_beli
        WHERE id=new.component_id;
    END IF;
END */$$


DELIMITER ;

/* Trigger structure for table `components_out` */

DELIMITER $$

/*!50003 DROP TRIGGER*//*!50032 IF EXISTS */ /*!50003 `components_out_stock_out_delete` */$$

/*!50003 CREATE */ /*!50017 DEFINER = 'root'@'localhost' */ /*!50003 TRIGGER `components_out_stock_out_delete` AFTER DELETE ON `components_out` FOR EACH ROW BEGIN
        UPDATE components SET stock=stock+old.qty
        WHERE id=old.component_id;
                UPDATE components SET saldo_akhir=stock*price_beli
        WHERE id=old.component_id;
END */$$


DELIMITER ;

/* Trigger structure for table `incoming_components` */

DELIMITER $$

/*!50003 DROP TRIGGER*//*!50032 IF EXISTS */ /*!50003 `incoming_components_delete` */$$

/*!50003 CREATE */ /*!50017 DEFINER = 'root'@'localhost' */ /*!50003 TRIGGER `incoming_components_delete` AFTER DELETE ON `incoming_components` FOR EACH ROW BEGIN
	DELETE FROM incoming_components_detail WHERE incoming_components_detail.incoming_components_po=old.no_po;
    	DELETE FROM components_in WHERE components_in.incoming_comp_po=old.no_po;
END */$$


DELIMITER ;

/* Trigger structure for table `incoming_data` */

DELIMITER $$

/*!50003 DROP TRIGGER*//*!50032 IF EXISTS */ /*!50003 `incoming_data_delete` */$$

/*!50003 CREATE */ /*!50017 DEFINER = 'root'@'localhost' */ /*!50003 TRIGGER `incoming_data_delete` AFTER DELETE ON `incoming_data` FOR EACH ROW BEGIN
	DELETE from production_data
    WHERE file_id=old.id;
END */$$


DELIMITER ;

/* Trigger structure for table `outgoing_components` */

DELIMITER $$

/*!50003 DROP TRIGGER*//*!50032 IF EXISTS */ /*!50003 `outgoing_components_cancel` */$$

/*!50003 CREATE */ /*!50017 DEFINER = 'root'@'localhost' */ /*!50003 TRIGGER `outgoing_components_cancel` AFTER DELETE ON `outgoing_components` FOR EACH ROW BEGIN
	DELETE from outgoing_components_detail
    WHERE outgoing_components_job=old.no_job;
END */$$


DELIMITER ;

/* Trigger structure for table `outgoing_components_detail` */

DELIMITER $$

/*!50003 DROP TRIGGER*//*!50032 IF EXISTS */ /*!50003 `outgoing_components_detail_stokout` */$$

/*!50003 CREATE */ /*!50017 DEFINER = 'root'@'localhost' */ /*!50003 TRIGGER `outgoing_components_detail_stokout` AFTER INSERT ON `outgoing_components_detail` FOR EACH ROW BEGIN
	INSERT INTO components_out
    (job_ticket,component_id,component_price,components_out.group,qty)
    VALUES (new.outgoing_components_job,new.components_id,new.components_price,'material',new.qty_out);
END */$$


DELIMITER ;

/* Trigger structure for table `outgoing_components_detail` */

DELIMITER $$

/*!50003 DROP TRIGGER*//*!50032 IF EXISTS */ /*!50003 `outgoing_components_detail_delete` */$$

/*!50003 CREATE */ /*!50017 DEFINER = 'root'@'localhost' */ /*!50003 TRIGGER `outgoing_components_detail_delete` AFTER DELETE ON `outgoing_components_detail` FOR EACH ROW BEGIN
	DELETE from components_out
    WHERE job_ticket=old.outgoing_components_job
    and component_id=old.components_id
    AND qty=old.qty_out
    ORDER by id DESC LIMIT 1;
END */$$


DELIMITER ;

/* Trigger structure for table `production_data` */

DELIMITER $$

/*!50003 DROP TRIGGER*//*!50032 IF EXISTS */ /*!50003 `production_data_delete` */$$

/*!50003 CREATE */ /*!50017 DEFINER = 'root'@'localhost' */ /*!50003 TRIGGER `production_data_delete` AFTER DELETE ON `production_data` FOR EACH ROW BEGIN
	DELETE from production_data_detail
    WHERE production_id=old.id;
	DELETE from components_out
    WHERE job_ticket=old.job_ticket; 
    DELETE from manifest WHERE production_id=old.id;
END */$$


DELIMITER ;

/* Trigger structure for table `production_data_detail` */

DELIMITER $$

/*!50003 DROP TRIGGER*//*!50032 IF EXISTS */ /*!50003 `production_data_detail_delete` */$$

/*!50003 CREATE */ /*!50017 DEFINER = 'root'@'localhost' */ /*!50003 TRIGGER `production_data_detail_delete` AFTER DELETE ON `production_data_detail` FOR EACH ROW BEGIN
	DELETE FROM production_data_detail_list
    WHERE production_data_detail_id=old.id;
END */$$


DELIMITER ;

/*!40101 SET SQL_MODE=@OLD_SQL_MODE */;
/*!40014 SET FOREIGN_KEY_CHECKS=@OLD_FOREIGN_KEY_CHECKS */;
/*!40014 SET UNIQUE_CHECKS=@OLD_UNIQUE_CHECKS */;
/*!40111 SET SQL_NOTES=@OLD_SQL_NOTES */;
